True_index,Sales
7,0
19,3736
31,5967
45,3332
56,3603
57,5169
61,5269
63,7294
79,5011
81,10234
84,3215
86,6791
90,4759
96,6923
105,0
108,6241
124,15165
126,6098
133,5996
146,5341
151,0
160,6160
164,6745
167,9488
190,0
194,6345
206,11420
214,0
217,9209
220,9837
221,5996
225,5717
226,4427
232,7912
250,4987
264,6117
269,5637
271,6402
280,8361
281,0
284,3594
302,7711
323,5742
327,0
336,4683
351,4661
377,6144
382,4438
388,8321
392,0
402,0
408,7644
427,6227
466,0
469,0
472,0
477,0
508,5031
513,10258
516,6710
530,4390
558,3251
576,14821
588,7431
595,7027
600,4956
601,8051
609,5378
612,5237
615,7826
625,5809
632,0
645,5364
666,6650
668,5833
672,10017
699,17925
717,5035
737,5354
744,7185
747,14814
764,6990
775,8207
788,0
795,8448
802,9279
811,9278
840,8721
849,9939
859,7707
871,0
872,12979
881,4224
883,7278
890,5470
896,7248
902,0
905,8882
921,8490
967,9646
973,4568
1001,4163
1016,0
1021,9243
1026,4324
1030,7258
1044,5455
1063,10446
1067,8213
1075,9553
1086,0
1097,5895
1117,13271
1122,4894
1125,8528
1129,4857
1141,5718
1149,0
1151,5012
1159,6930
1173,6248
1184,0
1193,6021
1241,5181
1249,0
1250,7296
1261,0
1273,6382
1282,0
1296,7813
1309,2341
1332,5143
1336,6157
1357,4679
1372,7019
1374,6302
1378,9421
1379,4228
1384,9670
1394,5847
1398,2781
1399,4655
1403,7493
1409,10559
1424,4540
1430,6677
1432,4576
1448,5300
1451,10812
1452,6884
1467,0
1470,4952
1481,10859
1523,3010
1527,5926
1546,5479
1547,13582
1567,3870
1592,9413
1597,12200
1601,0
1603,9475
1640,5579
1646,0
1651,0
1652,10498
1670,0
1677,0
1691,5200
1704,1824
1707,13275
1718,5879
1721,6028
1733,0
1737,8404
1748,4374
1776,5461
1804,6837
1821,10144
1839,4840
1845,6971
1853,7241
1888,4400
1895,4617
1899,6954
1923,3436
1934,8290
1937,10072
1940,5752
1953,0
1968,3642
1975,0
1981,7056
1984,5686
1997,11188
2024,9624
2032,9118
2036,14114
2051,3877
2061,0
2082,4679
2093,0
2096,6259
2107,5705
2115,5740
2117,3765
2137,2882
2156,7838
2160,0
2186,8696
2188,7828
2204,8183
2217,5189
2224,4400
2228,13080
2233,12327
2246,3857
2254,11615
2275,7452
2281,6817
2287,9478
2300,8581
2305,10264
2306,5345
2313,3494
2315,5789
2320,3873
2322,5701
2324,3754
2328,9423
2335,6828
2340,3231
2352,0
2381,6170
2383,5544
2408,3832
2422,6431
2424,4300
2425,0
2428,3687
2435,5280
2456,7358
2471,0
2474,5244
2493,4972
2495,8278
2501,0
2511,3430
2519,3456
2522,8561
2526,6370
2527,12297
2539,6796
2550,7831
2562,0
2572,7045
2573,6334
2576,8442
2579,4239
2580,5383
2594,4952
2600,9224
2602,10930
2621,0
2641,0
2651,6814
2669,6764
2686,9516
2694,6593
2699,8026
2700,4829
2747,6719
2759,7132
2763,5938
2794,0
2797,0
2812,13135
2815,5830
2824,0
2829,7234
2830,8535
2852,6141
2855,8267
2858,0
2870,8212
2881,6306
2884,3922
2887,7876
2890,9323
2897,15790
2909,4029
2917,11871
2929,4167
2937,6590
2962,8505
2985,7231
2997,7823
3007,4246
3015,6157
3020,3623
3030,5971
3035,6704
3048,6200
3075,7356
3079,7311
3087,5331
3091,9001
3103,6911
3107,6037
3120,0
3126,8780
3127,13764
3131,6381
3142,7852
3143,0
3146,6704
3157,7973
3162,6922
3165,7226
3168,0
3170,0
3172,7698
3175,5186
3179,5329
3188,8411
3194,0
3200,5608
3209,4215
3231,11879
3235,5452
3238,6892
3276,8489
3283,0
3286,4966
3306,0
3328,10713
3340,7273
3347,0
3351,5729
3357,7903
3364,4726
3374,7002
3402,8823
3407,0
3420,7548
3434,5582
3436,4236
3442,8290
3448,6231
3456,4546
3467,5119
3473,5595
3486,9235
3496,4705
3509,6594
3517,6132
3519,8541
3521,5109
3534,2224
3539,3431
3551,9863
3556,3835
3559,10057
3573,9843
3600,7182
3602,2203
3617,4523
3635,8167
3641,7424
3648,8097
3676,0
3694,0
3707,7421
3708,4202
3716,8867
3734,0
3738,8556
3744,7040
3746,8044
3749,10924
3777,4970
3794,10098
3804,4148
3813,22954
3828,5868
3840,10161
3843,6313
3844,0
3856,9076
3864,5476
3865,4162
3891,5767
3893,4989
3896,4880
3910,5465
3920,6304
3922,7307
3929,0
3931,0
3932,4005
3941,4333
3946,3923
3966,4723
3975,7784
3977,0
3986,3986
3989,24644
3993,5596
3996,4043
4016,28224
4020,6775
4023,0
4031,8258
4040,9384
4041,0
4042,0
4052,4620
4067,0
4071,9516
4104,5896
4110,2631
4122,9462
4127,8115
4129,7120
4130,0
4162,3628
4180,4537
4181,7306
4190,4216
4195,0
4196,3821
4215,4986
4233,0
4236,0
4240,4211
4258,4657
4264,4636
4268,7653
4269,7750
4286,7286
4300,9245
4303,0
4320,13964
4323,7198
4327,12337
4339,4611
4354,5063
4366,4131
4371,5820
4388,7531
4422,6337
4433,0
4434,6927
4436,9878
4452,10477
4474,5531
4482,3952
4495,0
4521,8880
4552,3770
4555,8073
4556,5852
4560,6680
4577,7123
4586,3585
4589,6371
4618,0
4620,5852
4642,5802
4654,6483
4674,9265
4684,3881
4710,7769
4711,6169
4717,5704
4736,4697
4745,5691
4747,7697
4767,5544
4774,9032
4790,4671
4792,6687
4796,9185
4799,10540
4819,7073
4828,6393
4840,3610
4844,6715
4851,5995
4870,0
4878,0
4894,4708
4898,0
4919,9008
4923,0
4924,0
4933,4490
4977,6968
4987,8595
4994,6331
5005,4754
5007,5071
5009,5470
5016,5239
5031,0
5032,5470
5049,10558
5052,12010
5053,6398
5087,5478
5101,9672
5132,0
5171,5231
5178,3561
5189,11504
5196,3145
5205,4727
5210,9525
5211,7688
5234,2638
5238,8865
5242,8560
5253,6730
5262,3425
5318,7723
5327,0
5334,7441
5366,4456
5384,5347
5395,0
5397,4163
5399,8304
5419,8414
5431,5997
5432,7188
5435,5088
5437,8370
5481,4238
5482,9507
5485,7651
5497,4627
5502,6294
5513,7565
5517,4825
5533,5343
5535,2453
5539,4738
5561,0
5574,8246
5588,0
5593,8036
5607,3815
5647,8152
5662,11095
5669,3303
5692,5793
5713,9229
5720,6523
5726,6536
5735,8585
5758,4221
5765,4221
5793,10415
5798,2955
5822,7312
5824,6359
5826,7310
5829,8535
5831,0
5835,5624
5853,5861
5875,3038
5879,10225
5883,6517
5890,5293
5914,6790
5921,5919
5922,5404
5935,3927
5944,6898
5950,0
5977,7106
5987,0
5988,9363
5994,8167
6009,4603
6019,13526
6045,7729
6056,6946
6073,5272
6088,4056
6094,8350
6104,17306
6118,0
6125,8299
6155,0
6166,4523
6171,4140
6172,6717
6174,0
6185,6013
6191,4768
6196,9411
6218,12315
6221,7123
6226,0
6232,0
6233,5418
6248,10261
6253,4070
6273,3777
6280,2422
6287,6674
6290,0
6299,0
6315,9032
6323,6686
6331,0
6333,4205
6334,6315
6369,2821
6376,0
6382,7610
6383,5903
6407,9693
6408,7568
6412,0
6419,5880
6428,3657
6434,7349
6448,8970
6451,4647
6458,10015
6470,8808
6472,0
6480,4841
6482,4041
6486,6566
6503,0
6507,4986
6527,4912
6529,6087
6540,8200
6550,10126
6552,4744
6553,6526
6555,4356
6588,16648
6607,6567
6612,3767
6634,6880
6652,2958
6655,9181
6661,0
6681,7264
6691,6166
6707,3910
6710,6948
6714,2926
6720,4167
6726,0
6731,14329
6740,0
6749,0
6768,8593
6775,0
6778,6508
6791,4987
6829,9498
6842,0
6849,3983
6858,8361
6863,5204
6890,4674
6918,5762
6920,2898
6923,7139
6932,0
6933,0
6946,6055
6947,2570
6973,0
6992,5609
7005,8548
7007,4926
7027,11988
7035,6140
7055,4812
7056,3705
7095,10396
7112,0
7113,4906
7119,0
7122,0
7126,5622
7127,3538
7138,28305
7139,13480
7162,6347
7166,7239
7169,7874
7181,4548
7190,10859
7199,0
7200,4906
7232,6354
7259,9695
7263,7579
7266,4598
7267,7122
7299,6205
7301,5809
7302,6271
7307,8714
7309,6448
7323,8227
7325,8022
7330,0
7334,6469
7338,0
7342,6260
7349,0
7362,9065
7363,0
7394,0
7399,15832
7420,7651
7428,5178
7434,6606
7450,6420
7451,7577
7455,0
7492,6244
7507,19863
7518,3328
7521,5976
7526,6216
7557,11201
7560,9577
7570,0
7573,5575
7576,4200
7594,13292
7601,7165
7634,8716
7668,5090
7670,0
7682,8839
7693,0
7696,0
7711,8265
7713,11041
7719,6924
7720,7788
7732,14124
7734,5540
7742,6284
7753,4285
7779,8871
7793,13053
7797,7634
7812,3360
7824,16146
7835,3302
7855,10620
7862,9219
7884,9366
7894,0
7904,1804
7913,4872
7920,8711
7930,0
7936,4158
7958,4800
7963,0
7973,0
7979,7444
7984,0
7986,3950
7987,5805
8006,4798
8015,6419
8017,7200
8031,0
8037,4934
8064,6093
8073,4405
8083,4364
8090,1818
8094,7802
8113,4356
8114,3828
8119,0
8123,3549
8158,0
8161,7676
8167,4157
8181,6903
8195,5033
8207,6894
8215,7783
8223,5232
8252,8619
8255,0
8287,4133
8309,4909
8312,7198
8319,4524
8327,6143
8353,0
8365,0
8378,5401
8385,4509
8387,8716
8400,3619
8402,5203
8403,7246
8430,0
8438,6453
8439,10483
8464,4946
8483,0
8503,5887
8504,6655
8517,4479
8522,12130
8525,5463
8544,10671
8557,10062
8570,5104
8583,6702
8590,5259
8592,4305
8609,6147
8613,8960
8621,6853
8626,4164
8627,6379
8637,3180
8643,10936
8654,6245
8668,5447
8713,6084
8729,5368
8732,6254
8748,3531
8758,6606
8764,5343
8765,0
8772,4025
8776,13895
8783,6551
8797,0
8805,13233
8817,4878
8820,4892
8838,10176
8869,4778
8871,7643
8879,7047
8888,4544
8897,7667
8905,0
8907,5983
8910,17724
8944,4645
8953,3746
8989,5160
8990,4773
8994,6207
9020,8546
9023,4608
9024,2883
9047,7404
9050,9908
9055,7882
9064,9712
9065,0
9084,8234
9089,11633
9103,7243
9111,6240
9112,13647
9144,4834
9145,5221
9147,11133
9169,0
9184,0
9190,5411
9199,9384
9201,5183
9207,5941
9220,6729
9236,8000
9246,0
9252,7739
9286,5803
9316,5324
9319,2440
9325,8020
9341,5580
9343,0
9348,7614
9383,11674
9395,10877
9403,0
9408,15856
9410,6463
9416,0
9423,6142
9444,0
9476,6050
9482,4462
9489,10822
9506,5047
9512,6825
9522,7591
9566,6112
9577,0
9580,3886
9592,5221
9601,11243
9607,11213
9619,9794
9627,13252
9628,10329
9638,4235
9641,6277
9652,8103
9653,4260
9658,7276
9682,0
9694,7740
9702,0
9705,5317
9727,0
9740,4640
9750,9893
9756,0
9767,9235
9784,6387
9785,4666
9787,5293
9791,5063
9802,11144
9809,8084
9810,0
9811,5662
9824,4943
9826,5174
9835,8513
9857,10724
9859,5762
9881,7435
9886,4794
9897,5609
9909,6156
9910,5672
9920,0
9931,5664
9937,8022
9939,5967
9940,3841
9947,0
9949,7313
9972,7599
9985,9299
9991,7916
10006,6307
10016,7328
10031,0
10039,8596
10046,8293
10048,3721
10049,0
10052,4875
10064,0
10075,4716
10105,10299
10113,4605
10118,5820
10135,7938
10145,0
10147,8845
10151,7586
10153,4321
10167,3596
10177,4753
10208,5581
10268,7129
10296,1886
10309,2719
10316,0
10317,0
10344,7450
10349,6505
10351,9367
10353,8593
10363,2445
10369,11503
10373,7638
10378,6654
10388,6401
10391,10188
10392,0
10393,4497
10402,0
10438,11438
10440,17181
10442,8459
10463,0
10465,7103
10502,8187
10513,6019
10526,4629
10534,5132
10552,0
10560,8007
10568,11310
10571,8151
10572,0
10574,0
10577,4584
10594,6710
10603,3274
10618,3342
10625,6778
10635,5926
10641,11894
10642,6133
10644,8644
10653,7957
10657,5926
10658,4378
10667,6299
10677,3713
10687,5432
10700,13938
10703,8478
10713,5604
10720,5508
10732,0
10737,0
10744,5385
10761,8420
10770,5810
10776,4134
10778,8771
10779,0
10810,4648
10811,2404
10812,6547
10831,3062
10832,3782
10835,9594
10837,0
10848,8669
10851,4712
10871,5016
10872,11178
10876,7470
10879,3255
10887,0
10890,6659
10892,4921
10899,0
10917,2937
10922,0
10931,0
10937,6547
10940,6139
10948,7570
10953,7792
10977,6181
10981,6224
10988,6540
11012,11812
11016,11052
11022,6171
11037,8555
11050,7727
11059,7755
11061,5330
11066,6728
11078,10413
11081,12655
11084,6787
11085,6800
11089,2627
11090,4748
11092,6869
11094,5483
11124,5231
11133,8928
11141,10362
11171,6519
11195,8311
11196,5367
11218,0
11239,0
11242,0
11248,5777
11256,7201
11258,6873
11283,6840
11287,7659
11308,7221
11315,0
11316,9919
11351,0
11381,5605
11407,5338
11411,0
11415,0
11418,0
11440,8675
11443,7008
11464,4236
11485,4424
11491,9628
11501,9007
11510,7404
11520,4977
11542,2806
11550,11155
11553,11732
11554,4522
11578,0
11587,12115
11594,4545
11624,13943
11628,3404
11641,5663
11645,5376
11649,0
11650,4118
11660,0
11671,0
11673,14971
11678,8862
11722,3417
11724,6395
11727,10569
11728,4268
11729,6347
11741,5756
11765,8495
11770,5917
11774,4012
11781,11203
11788,4179
11805,5051
11813,7117
11838,13931
11845,8097
11863,7159
11874,6180
11878,4180
11899,4053
11905,9103
11925,0
11949,3545
11955,7086
11961,8748
11965,0
11999,4693
12007,4998
12031,19534
12034,5889
12060,4516
12069,7340
12071,9976
12075,0
12081,6069
12084,8313
12089,0
12093,7578
12104,2136
12107,2828
12114,7034
12122,5374
12124,13096
12135,7209
12160,4270
12185,9768
12199,5985
12202,7279
12210,6409
12219,5224
12225,0
12226,3552
12238,8179
12243,3408
12263,6127
12264,9157
12272,5476
12275,2887
12281,5494
12285,4664
12291,3470
12301,5467
12305,5460
12306,8427
12312,6769
12313,7617
12325,7769
12332,6951
12338,3937
12340,7145
12346,0
12352,10871
12358,9546
12374,9766
12413,0
12414,6003
12417,6688
12426,5350
12438,0
12443,0
12448,6054
12455,4695
12464,7329
12484,10138
12489,6235
12490,0
12491,7539
12496,4640
12501,7720
12507,7646
12508,0
12516,8521
12528,4805
12532,5339
12540,7054
12546,9179
12549,7683
12553,5940
12555,0
12583,8607
12586,5600
12606,5318
12612,0
12622,5940
12625,10830
12637,0
12676,0
12703,11715
12751,6071
12756,5415
12775,5852
12785,0
12797,4859
12800,0
12810,3900
12811,4272
12814,4031
12846,5046
12849,3734
12854,5272
12869,9743
12879,5530
12885,10778
12890,7505
12892,0
12897,4723
12901,7216
12904,6185
12928,4572
12954,6120
12963,4967
12964,8657
12979,0
12994,5168
12999,5719
13003,3154
13021,0
13038,5920
13042,0
13046,6501
13091,6938
13103,9018
13108,15918
13110,5337
13117,24830
13133,0
13141,12470
13149,7354
13168,11303
13188,6621
13193,2481
13197,7815
13201,4577
13233,3587
13240,7565
13253,0
13258,5581
13265,6290
13271,0
13280,3098
13291,12611
13292,7146
13294,10241
13309,0
13346,2456
13353,8362
13358,0
13374,8498
13386,4266
13414,3670
13422,0
13431,5359
13452,0
13454,5296
13458,2894
13485,10865
13486,9951
13517,6210
13520,0
13521,13387
13524,0
13535,9323
13536,9836
13541,10346
13542,4259
13544,0
13564,0
13569,4911
13604,5916
13614,0
13624,0
13629,8336
13638,10872
13642,4578
13664,0
13671,9113
13686,6569
13687,0
13691,5058
13699,0
13702,9209
13708,0
13713,5913
13738,6242
13743,7359
13777,7934
13785,6735
13790,4146
13812,5290
13827,5180
13832,6584
13846,7501
13847,6839
13861,4747
13865,8215
13869,6204
13871,0
13873,6180
13874,4281
13875,5750
13883,6659
13885,6207
13892,8028
13896,5695
13900,5948
13906,6259
13912,5950
13913,9567
13917,14010
13918,6603
13934,7206
13937,4107
13945,4555
13954,6076
13964,7827
13976,3081
13978,7302
13979,6936
13996,0
14026,4359
14039,4576
14045,9955
14047,3280
14049,3613
14055,9471
14056,0
14061,12053
14065,6816
14081,8600
14086,11526
14092,3438
14105,7420
14109,8709
14115,6821
14116,6975
14118,0
14130,4052
14133,0
14137,4604
14141,4043
14143,6659
14147,4868
14157,7512
14160,7173
14176,4778
14190,6165
14192,5973
14194,8465
14197,7215
14207,0
14217,3400
14223,0
14225,6717
14226,6744
14237,5804
14259,0
14262,6144
14264,5748
14265,7797
14288,5625
14307,5504
14311,0
14313,8774
14314,12859
14347,7503
14351,6326
14368,0
14400,8535
14402,7922
14421,0
14437,9738
14443,4485
14477,8572
14479,0
14489,0
14493,4430
14534,23679
14537,7625
14540,0
14555,5996
14566,6947
14589,8630
14596,6376
14602,3597
14621,4828
14639,4507
14669,0
14677,7133
14683,0
14689,0
14725,7672
14727,5676
14751,6980
14756,6284
14768,0
14785,4625
14788,4252
14809,3939
14829,5099
14832,7415
14845,0
14854,7081
14873,0
14878,7550
14886,10200
14904,0
14920,2483
14939,6901
14962,5009
14969,6814
14981,5045
14990,0
14991,4828
14992,0
14999,0
15001,4065
15013,14790
15044,0
15050,6992
15066,4474
15072,5648
15080,14234
15082,5622
15085,4383
15087,5020
15090,11466
15093,9426
15099,0
15100,8074
15103,4523
15111,10226
15116,8466
15118,8169
15146,10280
15156,0
15199,4703
15221,5352
15224,7998
15230,8205
15234,0
15242,0
15257,6995
15275,7484
15278,4002
15303,5138
15318,10102
15322,8114
15344,0
15349,0
15354,8653
15367,5159
15398,7032
15402,4689
15404,0
15419,14737
15422,23308
15423,0
15446,0
15460,6706
15473,10272
15511,7293
15517,9138
15519,9550
15545,5797
15554,10547
15562,0
15563,0
15577,5534
15587,5269
15588,6052
15593,5489
15607,4541
15612,4912
15613,13371
15622,6027
15630,9822
15633,0
15639,5796
15651,4471
15658,8744
15674,2265
15683,6234
15700,5696
15710,8789
15711,6496
15719,4686
15721,5644
15734,0
15738,4270
15743,6207
15744,5821
15756,4448
15762,14192
15765,5633
15771,8698
15775,8453
15794,7177
15799,5487
15803,0
15804,7806
15813,4095
15814,7158
15815,6931
15819,3225
15824,4499
15835,5243
15848,4210
15861,9585
15862,7516
15867,4215
15873,4875
15874,4534
15880,6528
15882,0
15888,4927
15902,6372
15904,10542
15913,9911
15923,7587
15924,10095
15926,0
15934,0
15939,5409
15950,5193
15970,10250
15973,0
15979,11303
15993,4883
16000,1363
16002,5482
16006,6816
16008,5584
16021,8655
16022,9009
16031,6595
16041,6933
16042,6986
16045,5845
16050,13320
16053,8449
16055,7313
16071,0
16085,3323
16087,8594
16088,5685
16123,4852
16149,7213
16150,7567
16174,16088
16203,4476
16205,0
16228,8277
16253,7953
16262,6306
16263,8188
16267,4897
16276,8269
16296,6152
16297,4595
16298,11256
16305,5938
16309,3257
16315,4692
16321,6400
16326,7027
16331,6598
16332,0
16342,5887
16351,4731
16365,0
16373,0
16374,0
16379,2460
16411,6084
16454,5669
16461,9951
16493,12829
16499,0
16510,4964
16520,5768
16523,9571
16540,6580
16546,3436
16585,4753
16589,4868
16592,6543
16622,7335
16633,7783
16645,4700
16648,10476
16651,10705
16680,7289
16681,9744
16683,0
16684,0
16689,10471
16737,5217
16740,0
16750,8482
16752,7576
16753,0
16760,9227
16770,7665
16786,0
16787,11174
16790,6445
16792,5136
16824,5892
16835,0
16854,6187
16858,4423
16861,4238
16894,0
16921,9462
16932,11663
16976,0
16992,4436
17018,6087
17036,6005
17040,5149
17072,0
17105,2592
17109,7668
17128,0
17135,9687
17141,7205
17150,7794
17157,3606
17165,7320
17169,4366
17181,3368
17188,0
17210,5048
17213,9123
17215,6464
17226,6440
17252,8833
17265,0
17286,0
17288,0
17289,8192
17294,6045
17306,4729
17315,6263
17327,10402
17329,0
17339,5379
17344,8725
17363,7682
17374,0
17381,11569
17397,7830
17403,6602
17407,8498
17423,2633
17439,5550
17452,6015
17453,9154
17465,3088
17474,8983
17483,2729
17484,8328
17504,5223
17511,6086
17527,6538
17532,3436
17537,0
17542,4893
17567,6790
17570,5526
17577,6955
17578,6969
17582,7478
17586,7737
17600,1951
17604,5651
17615,3084
17617,7868
17624,6718
17626,5478
17655,8215
17660,4428
17668,0
17681,12809
17682,8202
17693,9072
17694,6920
17700,9968
17702,7373
17703,0
17712,5562
17722,10848
17732,5675
17752,5039
17761,0
17765,7618
17786,9283
17787,0
17790,5191
17800,0
17808,6815
17815,3569
17817,5571
17818,9488
17821,9361
17834,0
17836,6726
17837,4400
17856,8389
17860,10925
17864,7101
17878,5845
17881,14812
17882,10646
17912,7317
17916,5475
17917,7325
17922,8125
17924,13419
17928,6885
17929,4557
17936,5156
17966,3508
17980,5460
17988,8136
17998,19929
18000,0
18019,4982
18027,6207
18046,4946
18049,8912
18050,5932
18082,0
18095,0
18107,7507
18125,0
18150,5183
18178,5812
18196,8084
18202,4904
18205,5218
18206,10314
18218,3424
18241,2504
18264,10498
18276,5766
18286,14153
18292,5626
18312,4037
18322,4826
18323,14834
18330,6986
18351,5543
18361,4611
18365,3710
18372,5202
18392,9187
18394,0
18408,3860
18417,0
18439,10007
18464,5555
18466,11433
18494,6256
18496,6872
18516,7267
18520,9675
18528,0
18543,8372
18562,0
18585,4466
18596,9009
18603,8362
18606,5886
18613,6195
18614,0
18633,5540
18635,4565
18644,6123
18645,7384
18647,0
18652,2339
18658,6630
18659,9737
18674,0
18685,3837
18705,5127
18708,5731
18720,8107
18726,0
18737,15910
18741,3838
18749,6649
18750,7386
18753,4034
18755,9887
18781,10336
18811,0
18820,4700
18844,8729
18852,5931
18859,0
18884,5053
18895,4746
18909,8374
18934,0
18935,0
18940,3678
18943,0
18955,6427
18964,0
18967,6507
18976,0
18991,6385
19004,8033
19008,0
19013,16945
19016,3848
19030,6503
19036,6355
19052,8506
19054,4661
19070,6733
19073,10626
19077,3192
19080,5945
19081,0
19082,5850
19085,0
19089,6105
19101,0
19115,6520
19118,7096
19124,6061
19133,0
19139,7707
19165,5996
19172,0
19176,8199
19184,19556
19185,3767
19202,3052
19218,2280
19224,5318
19265,6608
19277,6712
19285,10219
19287,7768
19290,12406
19294,5491
19295,4100
19317,10187
19325,7754
19334,0
19357,5687
19363,5315
19392,7034
19407,7279
19425,3360
19436,9804
19450,4822
19465,4433
19484,6379
19491,5844
19496,7724
19502,7191
19507,4702
19525,0
19537,12151
19541,8779
19546,7155
19553,7833
19554,4551
19571,4105
19580,5391
19594,5479
19597,5737
19599,4672
19623,23374
19632,6425
19633,5454
19640,13687
19662,5412
19664,4943
19675,8010
19677,7674
19691,4230
19717,6865
19719,0
19723,4988
19750,6507
19751,11065
19754,5761
19762,7487
19771,4589
19773,9362
19804,0
19809,9245
19820,7263
19824,8683
19827,0
19833,0
19838,0
19844,0
19849,6390
19850,10062
19861,6125
19875,4721
19883,2069
19897,0
19904,7283
19908,0
19915,7079
19921,3773
19923,6410
19925,8772
19931,0
19935,5721
19945,6380
19950,5911
19951,11305
19965,7118
19973,6546
19979,8386
20010,9529
20021,6367
20025,7455
20030,8077
20031,9866
20042,0
20049,6457
20054,9740
20058,12034
20064,6238
20068,0
20083,7407
20087,24879
20092,5500
20097,8897
20115,0
20127,8697
20136,0
20144,3468
20150,8910
20151,5864
20152,6082
20154,5482
20155,4275
20160,5846
20179,4570
20189,7999
20190,10184
20195,5309
20200,6813
20226,0
20234,0
20251,4824
20255,5564
20259,8886
20281,0
20285,3684
20297,6678
20313,0
20314,4649
20320,0
20331,0
20337,7471
20342,0
20350,7973
20367,0
20387,6767
20418,4940
20420,2525
20421,7944
20449,9114
20450,3625
20459,4815
20472,6382
20483,0
20501,7532
20504,7013
20512,6101
20513,6100
20517,6177
20529,6987
20533,6457
20535,6775
20544,9886
20558,9420
20568,7873
20572,4140
20577,11744
20580,3447
20582,6547
20584,5512
20592,7094
20621,4436
20627,4774
20644,4537
20652,1375
20658,0
20666,3744
20678,0
20686,6994
20688,6051
20693,0
20696,8164
20698,8225
20702,0
20705,0
20735,7771
20744,5680
20760,6442
20786,6626
20826,11730
20835,6571
20838,14558
20849,0
20854,5030
20858,5687
20865,0
20884,5459
20904,4257
20917,4352
20922,10250
20923,7312
20930,6721
20966,4527
20971,8172
20974,4820
20980,6787
20983,6147
20985,8290
20994,9366
20998,6472
20999,0
21027,9866
21038,8107
21049,9793
21052,6350
21055,0
21057,0
21058,5551
21060,0
21089,9421
21096,13097
21102,0
21112,9968
21123,6709
21126,6160
21134,4954
21140,0
21145,2239
21189,6486
21200,5448
21215,9197
21220,9190
21239,0
21244,3717
21246,5964
21261,7448
21270,0
21292,6168
21295,0
21301,6246
21303,8728
21305,7695
21306,5860
21331,7093
21336,0
21339,4306
21342,6746
21343,3239
21350,0
21355,0
21359,5022
21362,15544
21374,5439
21381,8197
21395,4871
21406,6354
21407,5475
21426,7217
21431,5552
21440,11307
21456,8531
21463,0
21470,11283
21476,9666
21480,0
21487,6154
21497,5533
21520,4659
21535,5333
21538,7741
21547,0
21565,4901
21580,5839
21600,4886
21603,0
21606,13011
21634,9301
21646,12327
21654,8261
21662,0
21675,6100
21676,3940
21685,0
21687,3429
21690,5325
21693,9113
21713,5798
21723,8232
21728,0
21729,4871
21743,0
21750,9399
21762,5049
21773,11028
21776,0
21792,0
21804,5449
21809,3682
21839,9990
21842,6364
21863,12278
21865,5194
21886,8248
21901,7947
21912,12734
21918,6163
21928,3106
21942,5750
21948,4173
21950,5340
21961,8467
21970,5842
21971,5369
21981,10673
21990,5354
21993,7916
21994,2862
21999,5702
22019,0
22025,8714
22026,4598
22027,4799
22036,4131
22038,7932
22039,8133
22048,8117
22049,10601
22090,3854
22096,3518
22098,5740
22109,11367
22112,9085
22115,5630
22120,8091
22125,7526
22131,3121
22142,10200
22162,0
22178,0
22180,5379
22186,7279
22193,0
22215,5813
22216,4660
22219,6575
22246,4769
22255,6126
22258,0
22270,10068
22285,3778
22294,6507
22316,5049
22318,4979
22330,6223
22331,7042
22341,0
22355,10611
22366,4410
22371,0
22375,0
22381,6776
22392,9486
22405,0
22406,11824
22407,6718
22419,10002
22424,0
22435,4723
22443,8600
22446,0
22471,0
22477,2814
22478,0
22480,8026
22506,5937
22539,5604
22540,4968
22547,2635
22550,9728
22564,1709
22589,12606
22601,4927
22608,5020
22612,4657
22621,8773
22622,5469
22623,6041
22624,2293
22628,4543
22640,0
22669,9885
22674,4467
22699,4369
22705,11466
22715,8258
22717,7970
22725,4563
22742,5590
22770,8342
22772,7902
22780,0
22784,3456
22789,8984
22801,7513
22816,5976
22858,7802
22860,4352
22861,6484
22872,10113
22875,4757
22885,4705
22907,8255
22911,0
22923,3985
22933,0
22934,15797
22946,4544
22948,7750
22950,0
22952,4894
22958,8873
22964,11911
22968,5570
22976,4196
22993,2816
23003,3517
23008,7110
23027,1331
23030,0
23041,4749
23051,3743
23058,3721
23063,8525
23068,12796
23069,6997
23077,4866
23080,0
23087,9892
23101,0
23106,5824
23115,13042
23121,9775
23133,7565
23138,0
23143,3802
23146,9016
23149,0
23157,6494
23194,0
23199,6264
23205,2735
23215,0
23220,0
23221,4880
23235,0
23245,9666
23254,7323
23256,7728
23278,0
23279,7430
23293,5204
23330,0
23333,3976
23334,0
23348,5866
23358,3988
23364,8237
23377,7921
23386,8537
23414,4043
23418,4637
23426,0
23429,7368
23446,4605
23457,3415
23477,5958
23485,13151
23499,3449
23512,0
23513,11110
23520,18058
23521,7560
23530,0
23535,0
23542,6036
23548,4209
23555,8262
23557,0
23558,0
23574,0
23577,4905
23579,5632
23583,4658
23595,7708
23597,5414
23606,4653
23620,5420
23644,6383
23652,5640
23658,6918
23659,4302
23662,0
23667,4817
23685,4667
23689,6412
23701,0
23703,5142
23709,12537
23713,7998
23724,5999
23726,0
23771,6259
23802,5206
23816,3711
23841,11681
23845,5987
23856,0
23860,5719
23864,0
23886,5186
23893,10805
23894,8032
23897,6885
23900,4554
23929,9882
23932,5347
23950,9044
23965,8207
23993,2989
24000,6026
24007,7094
24030,0
24033,6155
24036,8543
24038,0
24044,4039
24053,4431
24058,0
24069,8960
24083,8666
24098,6603
24099,10541
24108,4367
24113,3373
24116,5965
24123,5134
24126,3727
24130,5996
24131,4144
24138,5997
24143,7023
24154,5817
24157,5102
24184,0
24190,0
24191,7400
24194,4359
24214,6933
24238,5733
24240,4268
24248,8098
24252,5721
24257,6506
24263,6473
24274,7199
24290,8687
24304,0
24305,8367
24314,6236
24315,0
24333,6528
24341,3083
24342,12273
24345,6551
24353,7328
24361,6851
24371,0
24372,6628
24379,8481
24384,19137
24386,0
24387,7649
24406,6712
24407,0
24413,7052
24426,5939
24435,8250
24438,7321
24442,0
24446,6225
24450,16447
24474,13260
24477,6090
24492,6973
24499,3507
24506,8939
24512,0
24520,7653
24536,1414
24559,4140
24569,11946
24590,0
24593,18079
24603,0
24607,6287
24616,6106
24623,7042
24625,7996
24631,3010
24657,6405
24660,3691
24664,5494
24669,4479
24670,3115
24685,7744
24698,6708
24719,5133
24723,7789
24733,4362
24736,4026
24753,4546
24759,7716
24765,3084
24767,6223
24783,4141
24787,7521
24793,11340
24794,5720
24808,3892
24840,8043
24852,9501
24855,6981
24857,7435
24860,0
24872,5114
24882,9549
24883,8258
24901,0
24909,5528
24923,8000
24934,6477
24939,4765
24951,5392
24962,18169
24972,4123
24989,7901
24992,3021
24999,3773
25003,8149
25027,0
25044,3548
25048,0
25050,5826
25052,6434
25063,11851
25064,10629
25065,5500
25101,8460
25106,7737
25115,10180
25121,0
25149,2302
25159,3132
25173,4446
25183,4711
25194,0
25197,12177
25198,7480
25205,6757
25221,4863
25225,0
25232,0
25241,8693
25268,0
25275,4726
25283,0
25288,6125
25293,0
25304,0
25319,6792
25323,11382
25324,13016
25345,7811
25346,11119
25363,10359
25374,5272
25375,6437
25412,16812
25413,0
25415,7904
25423,8363
25433,9636
25449,5928
25460,8708
25463,17497
25476,2805
25480,0
25486,8827
25491,0
25493,7795
25495,0
25501,7270
25509,3033
25513,0
25517,5821
25520,6852
25524,7578
25532,6480
25536,6372
25550,8128
25559,2484
25561,6333
25563,5580
25566,6180
25569,6743
25574,0
25588,0
25602,4610
25605,5730
25607,7421
25620,6829
25641,6498
25651,10984
25662,7053
25672,6456
25680,5209
25683,0
25693,6666
25703,9816
25705,5334
25725,6920
25727,11218
25738,5734
25740,3574
25756,8257
25780,4578
25784,12332
25797,7446
25818,6187
25829,5752
25831,6588
25836,5882
25844,3785
25854,9629
25865,10323
25880,7709
25883,0
25887,0
25897,4604
25926,3696
25934,2133
25935,0
25940,0
25960,6930
25995,7566
26030,0
26033,8480
26034,5171
26041,0
26044,8166
26050,0
26056,0
26070,6209
26089,6417
26090,3832
26094,0
26095,7160
26111,6378
26118,10226
26121,8223
26137,5166
26142,13407
26161,0
26177,8222
26186,6176
26187,9964
26195,8766
26202,7085
26228,0
26241,5713
26242,3556
26273,6358
26280,4403
26293,8729
26310,9829
26317,6087
26319,9505
26327,5271
26328,15366
26329,13888
26350,6280
26371,8597
26376,4617
26377,0
26382,5341
26394,3768
26398,5247
26420,8417
26443,6627
26449,15924
26453,0
26464,7883
26476,7829
26495,6645
26527,10987
26529,9055
26534,9279
26541,4247
26558,6324
26584,4382
26599,4448
26609,5217
26611,3455
26624,8382
26630,5240
26643,0
26663,0
26684,4450
26701,16496
26720,4815
26765,0
26787,4092
26791,5068
26792,7646
26813,0
26815,0
26818,5856
26821,5879
26840,4687
26842,5520
26861,0
26864,8221
26894,6777
26897,4369
26913,7172
26923,8698
26930,6552
26938,4856
26939,0
26960,6218
26966,2613
26967,6087
26984,8616
27004,0
27023,4890
27029,3675
27030,10632
27044,4816
27059,5387
27061,5419
27067,7064
27077,5466
27080,0
27100,5952
27115,6791
27161,6638
27163,6767
27168,7919
27215,9347
27225,0
27234,0
27244,9234
27246,0
27255,4883
27258,6272
27271,4529
27293,0
27317,6419
27322,4110
27351,3078
27358,5965
27375,5331
27391,2853
27395,3932
27397,0
27400,4123
27435,0
27443,6562
27470,4783
27491,5303
27492,6615
27500,5171
27509,5652
27510,5799
27513,6142
27569,5344
27579,6699
27612,8120
27627,9330
27646,5701
27649,4445
27655,5724
27656,0
27667,4647
27676,8095
27679,9008
27685,0
27687,7163
27708,7975
27714,6246
27725,3039
27732,5595
27753,3148
27765,4562
27766,5339
27770,9679
27784,6649
27802,5615
27818,0
27821,10326
27830,9461
27834,5861
27837,11400
27852,5202
27854,4602
27862,5217
27868,2188
27882,14604
27886,8734
27895,5839
27904,5143
27908,5497
27909,0
27918,6143
27920,4301
27935,0
27946,0
27948,3353
27961,9379
27972,7656
27978,3300
27986,6801
28012,6811
28019,3671
28026,14739
28030,10509
28038,3080
28043,14300
28071,8093
28074,6818
28082,5894
28095,5894
28099,6228
28104,13579
28130,12229
28131,7771
28132,8207
28133,5726
28134,8753
28136,9451
28140,3945
28143,0
28170,0
28171,9721
28177,4923
28183,0
28188,6886
28193,0
28251,10662
28253,5817
28255,0
28259,0
28263,7734
28265,7696
28266,7942
28280,3016
28300,11778
28314,5087
28318,6795
28326,6583
28339,7262
28342,5369
28347,3989
28348,4185
28364,8026
28379,5120
28393,5923
28404,4961
28447,3010
28458,0
28459,7188
28476,0
28477,7111
28488,6904
28493,3427
28508,10925
28512,5179
28519,5773
28527,6017
28530,6244
28542,3862
28546,8394
28547,0
28568,5093
28578,5561
28585,3455
28587,12990
28599,0
28603,4177
28606,9925
28620,0
28631,15451
28633,0
28640,0
28641,7102
28646,5230
28674,3610
28685,5230
28689,3273
28707,5447
28715,5828
28752,10596
28761,7366
28766,0
28783,4002
28792,8591
28799,6944
28809,0
28830,7427
28835,7218
28839,5524
28841,9090
28848,6863
28870,3120
28874,0
28881,0
28885,8058
28890,7703
28898,6790
28912,3319
28916,0
28918,6673
28923,8153
28926,11777
28927,16461
28948,8911
28952,6540
28953,5572
28954,7723
28972,5601
29005,4633
29010,4309
29017,4523
29038,6476
29049,5959
29051,8140
29057,7740
29069,6565
29072,5014
29075,0
29089,8118
29094,0
29104,6349
29105,7694
29108,10319
29115,5060
29127,7696
29146,5980
29149,5079
29151,8638
29159,7588
29166,0
29179,3295
29195,5717
29204,4782
29205,9899
29208,10918
29210,12201
29226,5208
29237,4815
29246,4029
29248,0
29254,4954
29256,3976
29261,13215
29269,16029
29304,6127
29306,4910
29321,6065
29337,4848
29351,5243
29378,0
29389,3267
29403,0
29411,0
29419,10033
29425,7539
29432,0
29433,5575
29439,5025
29440,9166
29457,7327
29459,6737
29461,4731
29467,6219
29475,7655
29485,5399
29488,0
29493,6210
29502,0
29506,0
29513,5417
29533,10134
29538,15738
29550,7030
29565,2401
29582,5696
29585,5034
29626,0
29627,8377
29660,7689
29662,4317
29670,5229
29674,0
29687,17956
29692,4316
29693,12161
29695,0
29703,0
29712,9001
29713,8720
29729,0
29733,0
29735,6080
29747,5688
29761,6408
29775,7460
29796,5591
29799,4991
29811,8628
29818,8518
29822,13166
29841,0
29845,2541
29852,7429
29854,6217
29880,8198
29892,0
29914,6268
29917,0
29919,9661
29951,6860
29962,28899
29963,0
29970,5962
29975,5218
29979,0
29985,10279
29990,0
30003,9341
30012,4507
30019,5613
30020,13501
30055,0
30059,5768
30082,6275
30128,12163
30138,6157
30148,0
30154,6526
30166,0
30180,6757
30191,8376
30205,7251
30225,4608
30240,8827
30246,4290
30258,8669
30273,9095
30283,2170
30288,3920
30292,0
30299,5745
30318,5409
30320,0
30321,0
30323,4846
30332,9345
30335,6123
30349,5087
30351,3558
30352,0
30358,5204
30367,5318
30369,11186
30370,5072
30374,9036
30382,11056
30386,10936
30390,6752
30396,8650
30397,3996
30416,6856
30417,5995
30433,7717
30434,5525
30437,0
30453,5461
30458,6699
30478,6120
30487,4116
30513,0
30517,17603
30543,6571
30546,7209
30548,0
30551,6177
30553,0
30555,4043
30556,7663
30557,3735
30567,6215
30569,4224
30577,0
30593,0
30597,5249
30606,4304
30621,5011
30631,4007
30639,9385
30640,8136
30645,0
30648,0
30649,6948
30662,3907
30666,6017
30667,0
30676,3901
30685,0
30686,7523
30703,7410
30706,8895
30719,4409
30723,5138
30744,3971
30751,0
30752,0
30755,8334
30775,6003
30788,7095
30801,11465
30803,6714
30805,0
30810,15930
30823,8692
30829,6553
30862,7017
30863,11901
30864,6882
30869,6532
30875,0
30876,4076
30878,4733
30880,5730
30883,23206
30892,0
30897,5892
30902,6358
30903,4822
30922,4312
30941,5105
30949,0
30954,14456
30956,10197
30962,0
30966,6668
30971,5885
30982,6547
30990,0
30996,12032
31000,4398
31003,1120
31009,6317
31016,11716
31021,17725
31026,5502
31036,5265
31038,10324
31039,2822
31047,0
31056,6008
31090,0
31104,3744
31117,8182
31124,11501
31137,6086
31139,7213
31140,3149
31142,8989
31160,8331
31168,4244
31172,7507
31186,4589
31208,9817
31228,6446
31239,8400
31247,9211
31251,0
31258,6197
31305,9608
31347,8685
31353,7966
31355,4511
31356,6465
31363,5085
31365,17426
31366,7325
31385,5581
31390,0
31401,16334
31404,7592
31440,5507
31442,5821
31456,0
31462,6688
31470,6341
31471,7238
31476,10187
31491,5568
31505,8499
31509,5166
31513,6831
31517,7466
31525,8024
31526,11873
31532,6412
31563,3777
31576,8343
31582,9083
31613,9365
31618,5020
31631,4640
31633,5169
31637,5376
31652,0
31653,7635
31660,5893
31667,5704
31674,5509
31684,13375
31687,7134
31697,8219
31701,5457
31710,6902
31732,0
31745,0
31746,7457
31753,9393
31761,5732
31766,2789
31771,12296
31777,11945
31790,4246
31794,0
31834,4972
31841,7892
31846,3697
31864,5454
31880,5958
31892,6837
31894,4738
31907,8518
31915,6042
31920,6958
31932,6500
31941,4859
31955,6968
31976,0
31980,4308
32008,8218
32012,11808
32022,7430
32049,0
32052,6286
32056,11294
32064,0
32066,0
32068,8884
32081,4797
32087,0
32089,4770
32091,10138
32092,0
32097,0
32100,9037
32101,0
32105,7732
32107,0
32109,5628
32115,927
32129,10376
32130,6770
32151,4875
32157,5932
32166,8163
32185,4159
32187,4941
32193,0
32199,5031
32219,7213
32226,5863
32230,7221
32236,5274
32248,4126
32259,11344
32265,9354
32267,5147
32293,0
32316,5619
32319,0
32344,4069
32346,6997
32351,10601
32364,8901
32369,0
32373,6296
32377,7953
32381,8062
32384,6057
32393,11049
32418,7295
32427,6166
32446,5520
32449,15046
32452,8430
32461,7993
32467,7779
32506,6778
32514,8792
32530,4273
32538,4588
32552,9503
32565,6091
32569,0
32587,0
32589,10376
32595,8493
32610,6806
32611,0
32613,0
32614,3371
32617,5415
32626,7548
32629,13757
32632,9189
32633,0
32634,7699
32635,4614
32638,3450
32639,0
32650,0
32653,7783
32676,5014
32679,5412
32687,6110
32705,0
32706,6204
32708,7672
32730,3535
32732,0
32744,5617
32745,6454
32759,6634
32761,6093
32768,0
32771,0
32778,8913
32789,0
32800,0
32806,2341
32816,6441
32828,5983
32838,3765
32852,0
32865,5295
32868,9804
32870,0
32872,8562
32894,0
32910,10577
32925,6104
32931,5269
32934,9224
32937,3866
32939,6472
32942,8116
32951,5098
32960,6140
32969,5523
32988,9955
32989,9330
32997,3850
32999,3954
33001,10742
33013,0
33016,3307
33020,0
33023,5471
33043,5955
33056,6364
33085,5564
33092,8009
33093,9799
33099,6739
33111,0
33123,0
33141,5036
33143,6987
33147,7562
33153,8538
33194,15002
33199,6247
33202,4995
33203,0
33206,6388
33221,5528
33222,4995
33242,5683
33248,4287
33264,0
33266,8002
33273,8120
33281,6211
33303,6333
33304,8512
33322,5698
33343,6285
33344,6238
33348,10695
33353,7981
33354,14566
33356,7982
33370,6288
33371,8975
33373,0
33382,4367
33391,7780
33398,10726
33412,2508
33415,3937
33417,0
33438,14292
33439,5543
33458,9014
33481,10961
33494,8046
33495,8556
33498,0
33512,6671
33525,6759
33527,4279
33529,10056
33540,20881
33547,5977
33582,11105
33584,4639
33613,5492
33622,0
33627,3866
33638,0
33649,0
33668,5624
33682,8092
33689,6878
33702,11159
33712,4617
33715,8779
33730,4958
33743,3748
33754,4522
33758,9482
33763,5700
33802,4646
33817,7384
33819,5555
33824,4564
33842,10145
33845,7686
33859,7485
33861,0
33869,7252
33874,7547
33880,10636
33898,8693
33900,5529
33911,2869
33915,8605
33926,8324
33952,0
33956,15538
33971,6979
33976,0
33981,5983
33982,0
33999,6393
34036,4976
34044,7524
34045,10964
34102,6919
34106,0
34142,5618
34151,10413
34169,6316
34178,6138
34180,6383
34181,7322
34194,4717
34204,7535
34208,5823
34221,4301
34243,17679
34245,4250
34246,4750
34255,5163
34268,9784
34288,8252
34294,5138
34297,0
34314,8428
34316,9572
34329,5109
34330,0
34334,6809
34346,0
34348,6981
34354,7929
34386,5670
34395,7259
34399,0
34403,0
34411,3147
34427,0
34430,13170
34431,0
34434,5541
34452,8707
34465,7753
34481,5932
34489,7047
34491,7826
34502,8559
34503,9118
34523,11774
34536,7689
34540,11517
34557,0
34563,8372
34577,0
34598,6554
34620,5792
34623,7628
34661,18643
34668,5719
34685,7105
34690,6277
34693,10607
34700,7460
34703,8828
34718,7242
34729,0
34747,0
34758,10948
34765,0
34795,6588
34797,7265
34807,4433
34808,7338
34834,3743
34850,16296
34853,2274
34861,0
34862,0
34863,5849
34871,4101
34874,7798
34907,11592
34910,10309
34917,4026
34928,10105
34936,0
34941,6621
34944,8510
34945,3673
34949,8585
34969,5554
35009,3918
35016,4243
35018,0
35038,4399
35039,0
35041,9120
35049,3927
35058,10957
35073,4058
35103,7598
35104,10427
35107,0
35144,2516
35155,0
35159,4682
35169,0
35170,10436
35175,8557
35182,6681
35194,9433
35199,6608
35214,4887
35217,8732
35219,0
35222,6402
35227,5485
35254,7939
35257,6554
35278,6369
35283,7924
35292,0
35314,10373
35320,5389
35335,4924
35337,3069
35344,4483
35348,0
35359,3222
35366,9358
35367,8503
35368,7306
35379,4637
35409,6164
35420,0
35429,8370
35451,4388
35473,5476
35482,14171
35505,8079
35519,7427
35522,0
35525,7554
35528,13681
35529,6127
35546,12405
35551,4765
35584,2318
35601,3227
35636,7211
35637,4654
35640,7738
35641,8068
35656,1978
35681,6231
35735,7337
35743,8130
35744,3108
35748,7978
35754,5493
35768,7789
35781,7796
35787,6030
35794,5947
35796,7237
35809,6655
35813,11259
35821,6266
35838,0
35841,5324
35844,4508
35853,3893
35868,7688
35870,3952
35872,1219
35890,0
35894,3402
35896,0
35915,6384
35921,6065
35938,5097
35941,8517
35947,6216
35955,9767
35965,3617
35972,4277
35980,7658
35983,6001
35990,11506
35994,7697
36002,6341
36027,2829
36030,8080
36032,20594
36036,3618
36040,12526
36042,4013
36056,5111
36060,3660
36067,10613
36078,0
36083,3759
36111,14276
36131,0
36132,0
36137,5534
36139,5187
36144,6322
36145,7926
36147,12423
36158,4614
36176,0
36177,8811
36180,6769
36182,4034
36187,7326
36201,6358
36202,8498
36204,5158
36206,6110
36220,8314
36222,4154
36229,5046
36245,6456
36248,5038
36268,7101
36297,9144
36305,3099
36314,0
36315,0
36327,5214
36345,4970
36359,6249
36361,7605
36404,6043
36412,2872
36423,0
36428,5918
36431,8816
36456,7611
36464,0
36471,5557
36501,8975
36527,6640
36529,3587
36533,2225
36534,4070
36559,7714
36562,2982
36568,0
36576,6162
36626,3483
36628,6342
36632,9555
36637,6775
36645,0
36647,6002
36653,8316
36691,8783
36692,0
36702,5431
36729,0
36732,9627
36737,8511
36739,7136
36740,12398
36747,5393
36756,7315
36774,8156
36775,4146
36777,6072
36799,5502
36801,12207
36813,0
36826,0
36831,5150
36840,3869
36847,4432
36852,5972
36863,14766
36866,11138
36872,9663
36884,5150
36890,6021
36891,7273
36897,10710
36928,8459
36932,4278
36935,5041
36937,0
36938,3447
36957,7834
36963,0
36976,6402
36982,5394
36983,2785
36995,9727
37000,9506
37011,4903
37014,2301
37015,9350
37021,7161
37030,2885
37045,7430
37047,5103
37061,8421
37096,0
37101,5656
37132,5991
37135,0
37180,5354
37194,5585
37198,7310
37199,7311
37200,9806
37212,8251
37214,6075
37229,8204
37246,4512
37249,2587
37250,0
37257,6505
37261,4084
37268,11684
37278,12183
37294,7991
37295,6120
37299,5749
37301,6852
37302,0
37306,6192
37313,9303
37319,3633
37326,7389
37329,0
37334,10188
37365,0
37368,11445
37369,4508
37384,6368
37396,11527
37397,9598
37399,10293
37413,10526
37418,10146
37433,0
37434,7451
37440,7209
37442,3874
37444,7989
37450,13069
37462,8356
37468,12435
37481,15276
37502,8206
37507,7796
37517,6523
37521,5297
37539,5812
37541,6404
37555,7321
37566,0
37568,4626
37596,7420
37602,4738
37623,7024
37632,4293
37644,6087
37665,8827
37674,6273
37675,7620
37690,8405
37696,5772
37720,3315
37729,5512
37762,4609
37764,5823
37765,4082
37767,9328
37777,4894
37796,4921
37819,4478
37820,3125
37822,0
37840,4047
37845,2681
37854,6439
37857,0
37858,8836
37859,13084
37860,8329
37865,5212
37873,0
37875,12433
37878,5651
37879,7571
37881,0
37895,0
37910,13412
37917,6162
37926,2177
37929,10399
37938,5439
37956,7396
37965,4365
37981,3637
37987,4566
38002,9483
38012,2729
38033,4928
38085,4026
38101,7063
38105,0
38115,6008
38140,5069
38145,7271
38162,0
38165,5697
38180,2303
38195,8184
38201,6345
38205,0
38216,6073
38217,0
38225,6418
38231,0
38264,8684
38270,6573
38271,10331
38277,4510
38298,5649
38301,5070
38309,7481
38354,0
38356,6703
38380,4279
38382,5394
38397,6158
38401,7365
38403,5854
38410,8786
38435,4410
38436,6411
38448,8327
38458,5040
38460,4572
38462,6569
38468,4504
38477,4741
38486,0
38490,6734
38498,2461
38513,5920
38524,3785
38525,7667
38527,7539
38545,6404
38596,7126
38608,5192
38611,4706
38634,9801
38661,0
38665,8077
38684,6068
38696,7442
38744,6672
38759,9188
38766,11048
38790,0
38828,0
38839,0
38841,6534
38843,11003
38847,2490
38848,5503
38863,7652
38867,0
38872,3636
38874,7638
38894,4540
38896,0
38905,0
38907,6195
38914,6202
38920,6490
38929,9574
38940,0
38943,6085
38947,5544
38963,7803
38965,5688
38968,21675
38985,10416
38996,0
39030,4268
39035,8697
39042,5365
39054,6007
39061,5103
39071,4249
39083,0
39102,7312
39119,5996
39133,0
39137,3791
39142,3451
39148,5363
39154,16350
39159,5914
39162,5336
39163,0
39207,7558
39218,4369
39228,5173
39243,8329
39285,0
39287,11126
39299,4236
39347,0
39371,6379
39379,7011
39383,8566
39384,10169
39429,3930
39433,0
39447,16016
39483,11204
39493,5373
39494,6498
39495,4094
39505,5260
39513,8489
39521,6427
39525,5897
39529,0
39548,6477
39549,2526
39553,6595
39564,7533
39583,7164
39602,6269
39612,16302
39622,9355
39641,0
39651,5677
39656,5143
39659,3965
39676,5980
39677,5578
39681,5277
39688,0
39701,2684
39707,0
39708,4431
39713,7437
39724,0
39727,0
39731,0
39734,6085
39744,4678
39753,7615
39764,7239
39770,7556
39775,8094
39782,10116
39786,10452
39789,2956
39827,2995
39859,5763
39869,0
39888,5773
39905,3916
39942,8026
39943,0
39945,9546
39964,6687
39966,6730
39970,5165
39974,11642
39992,0
40009,0
40016,0
40033,4557
40046,6249
40071,2359
40076,6924
40090,5735
40095,5932
40103,4844
40104,9687
40107,0
40109,3359
40116,6154
40120,7581
40124,11018
40131,2680
40136,5344
40140,0
40156,7391
40157,8976
40168,2580
40171,9367
40196,13373
40203,5886
40209,0
40227,3172
40250,4518
40262,4991
40264,4696
40275,4721
40280,6843
40281,8243
40312,7932
40316,4633
40318,8098
40326,5669
40330,8432
40332,0
40343,9143
40355,0
40372,7179
40383,0
40386,2200
40389,0
40415,6571
40420,4256
40426,4746
40434,4190
40446,9130
40448,11694
40450,6037
40463,6963
40482,7301
40483,5467
40484,8070
40500,5716
40507,9108
40517,10438
40526,6362
40532,0
40541,0
40553,4857
40554,5437
40566,5880
40571,4806
40576,8261
40584,10195
40604,9696
40638,7134
40661,6618
40673,0
40688,4713
40693,0
40701,0
40707,6194
40727,0
40741,0
40755,2952
40760,4335
40774,0
40791,0
40797,5521
40811,7430
40821,7798
40847,8618
40849,4877
40855,10359
40858,0
40875,8320
40883,5714
40891,5067
40899,8105
40920,0
40924,5193
40932,0
40948,0
40963,6232
40964,3776
40965,0
40967,3841
40970,7328
41003,4146
41008,0
41029,6818
41053,5434
41062,8271
41068,15805
41076,0
41080,7358
41097,12105
41099,5310
41110,4732
41124,0
41130,6248
41134,4006
41137,0
41149,10211
41172,6036
41174,7725
41177,0
41182,7370
41192,4145
41197,5397
41208,4893
41224,5204
41241,8324
41243,4054
41245,11202
41255,0
41263,8124
41266,0
41268,4905
41284,18738
41287,6422
41296,7559
41298,5089
41325,4804
41332,11842
41362,4006
41367,6063
41376,4766
41377,7387
41383,5087
41403,8298
41412,10777
41473,0
41491,5489
41497,5716
41499,0
41506,6255
41510,10765
41518,4652
41531,12864
41534,9735
41543,0
41553,0
41559,5338
41571,7819
41580,0
41586,11067
41593,4384
41598,7339
41612,5486
41626,9644
41632,5401
41634,0
41642,6373
41647,13034
41660,0
41663,6387
41679,5579
41687,11721
41695,5106
41699,8014
41707,0
41710,4384
41779,5628
41783,4682
41787,7437
41805,8393
41810,0
41816,4029
41834,5396
41856,7286
41869,7022
41876,6006
41877,2969
41885,6092
41886,0
41888,5616
41894,17786
41895,10398
41896,3406
41923,9641
41927,7163
41934,6296
41944,6049
41960,5297
41969,0
41977,0
41988,5234
41994,6970
41995,4100
42004,3727
42026,5650
42051,7486
42063,0
42079,10469
42089,6683
42101,5844
42111,5848
42128,4507
42135,7183
42139,8531
42140,0
42148,12811
42153,5846
42171,4261
42176,8290
42191,5634
42192,0
42210,5638
42214,5455
42241,14022
42246,12237
42257,5840
42258,10204
42268,0
42273,4555
42279,4895
42283,9127
42292,7786
42298,13524
42304,5408
42305,5660
42324,7062
42341,0
42354,9023
42363,7951
42394,4387
42404,8450
42414,6943
42421,5691
42422,7351
42430,4180
42461,5281
42464,6635
42470,7830
42474,5276
42481,0
42494,5997
42499,6835
42520,6812
42526,12366
42533,6733
42535,6713
42590,11450
42598,4221
42609,3380
42617,4450
42619,6810
42626,5923
42643,5975
42644,5461
42650,6842
42656,12520
42659,5961
42673,6042
42681,6957
42685,7390
42692,1445
42694,5454
42698,0
42701,5850
42703,0
42748,10915
42755,5539
42756,0
42777,6495
42785,5363
42811,4951
42816,5455
42818,7114
42822,5492
42832,5009
42869,0
42872,6780
42873,8950
42874,4374
42879,0
42881,4863
42897,7636
42908,8373
42918,0
42923,8414
42927,7963
42929,3999
42930,5554
42948,3917
42957,0
42959,3749
42973,9286
42977,6480
42980,9862
42981,3748
42998,0
43005,6062
43009,3160
43024,0
43025,5288
43036,5684
43053,8812
43061,9352
43068,0
43078,5552
43090,7872
43100,10352
43107,10836
43125,5646
43133,10204
43158,0
43172,7298
43178,6597
43180,3430
43214,0
43219,5858
43221,9492
43230,7745
43241,7609
43245,0
43256,0
43267,5700
43273,4913
43278,16596
43284,0
43285,5761
43291,10136
43298,13492
43305,0
43315,5476
43321,6726
43340,7130
43341,5075
43381,13258
43383,5849
43394,0
43395,0
43403,0
43404,0
43458,10345
43463,0
43464,10940
43468,1473
43470,0
43484,0
43490,5749
43498,6359
43502,0
43506,5812
43522,7471
43529,7393
43533,6564
43540,5131
43543,6173
43547,4940
43583,9495
43588,0
43594,2511
43596,4244
43606,5269
43650,3240
43666,8659
43669,0
43671,8559
43672,7211
43673,3953
43675,4993
43679,6556
43680,6821
43696,1403
43698,6730
43706,5346
43713,3762
43715,5776
43722,5182
43749,0
43750,0
43752,0
43753,1792
43765,10007
43772,6975
43778,6993
43779,10261
43795,5564
43800,6119
43846,3807
43853,7182
43865,3664
43867,7264
43883,11925
43886,6454
43893,4431
43899,4127
43907,6926
43911,7052
43917,7390
43919,13905
43938,5818
43942,6258
43943,2803
43951,6701
43953,3796
43982,2636
43983,2693
43984,7486
44000,5367
44009,4404
44034,0
44046,8666
44053,0
44056,5235
44087,7879
44094,4425
44098,6033
44122,4642
44138,6864
44140,0
44142,6124
44150,5524
44152,6772
44169,7105
44181,0
44183,7828
44184,5363
44189,8794
44194,0
44203,0
44204,10020
44216,6376
44226,5450
44229,6089
44235,5393
44245,4784
44250,10327
44256,0
44261,6787
44269,5838
44292,4413
44301,9544
44302,6964
44322,5107
44333,5862
44337,8567
44340,5728
44348,16506
44353,4036
44356,7096
44383,5197
44391,10816
44394,12105
44403,6271
44407,6487
44411,8979
44412,8209
44419,4659
44442,5577
44443,0
44452,7241
44456,7985
44462,4065
44487,8049
44504,0
44514,6245
44527,13301
44540,5352
44555,5103
44570,6969
44581,6852
44590,8635
44604,5626
44615,0
44621,0
44636,4008
44653,0
44656,7095
44684,6519
44690,5307
44696,5990
44718,6253
44731,5164
44740,0
44780,6446
44781,5162
44782,7347
44803,5288
44821,8100
44840,4171
44858,7801
44866,8025
44875,5784
44878,6411
44896,5258
44909,8666
44913,8229
44919,15638
44921,5984
44928,9461
44934,6699
44943,5253
44959,0
44967,8143
44968,6768
44976,5835
44984,8499
44995,5947
44997,0
45009,6828
45018,8035
45027,6703
45038,4300
45042,6743
45044,7872
45048,0
45090,0
45097,8217
45110,6565
45111,0
45129,0
45133,0
45134,4322
45139,5466
45147,4492
45151,2429
45165,5391
45184,8467
45187,0
45189,8978
45192,5805
45195,0
45214,6516
45222,0
45240,0
45241,7346
45250,7970
45258,4137
45259,8028
45261,5524
45268,0
45270,3727
45273,0
45287,7051
45288,7536
45295,8922
45314,7534
45319,3494
45322,6515
45329,6489
45338,0
45377,5586
45391,6700
45392,3339
45400,6734
45407,5141
45410,0
45411,12255
45428,5145
45430,9414
45454,7665
45475,4882
45487,4761
45488,8939
45498,3147
45508,10034
45525,6599
45542,5520
45575,6345
45588,6730
45613,1918
45636,18116
45639,0
45640,5395
45642,6977
45643,6175
45645,5935
45646,4997
45647,0
45649,0
45663,4973
45695,0
45717,7066
45731,5659
45735,7693
45759,9660
45766,0
45783,6428
45793,4115
45795,22119
45820,7335
45826,9049
45843,6398
45850,4098
45854,8031
45856,7831
45869,0
45870,6437
45876,5833
45877,8253
45910,6416
45911,5736
45923,9763
45926,0
45935,7740
45939,7839
45950,5331
45954,8049
45956,4474
45966,12472
45970,9300
45982,2523
45999,4136
46008,9088
46014,5506
46038,6075
46046,4747
46066,9239
46119,5048
46131,6933
46139,3760
46151,6230
46167,6345
46168,0
46171,0
46174,5553
46196,5917
46198,7332
46200,12318
46209,3913
46215,11126
46225,14113
46230,3654
46235,4551
46244,7815
46248,0
46257,8668
46272,4682
46273,6196
46276,0
46284,7615
46309,3380
46345,4131
46351,4687
46362,0
46367,10748
46372,9086
46397,0
46402,3904
46408,7420
46412,7397
46437,8377
46441,5810
46442,4613
46449,0
46451,7422
46458,4624
46462,5979
46467,6109
46472,7987
46474,5873
46484,5371
46500,0
46507,4795
46509,2529
46520,5899
46522,4132
46546,6636
46551,4496
46555,5216
46565,5228
46568,18621
46585,4240
46593,3755
46601,4610
46609,6197
46623,4150
46624,7694
46629,6787
46636,6339
46638,7117
46640,0
46641,6806
46653,9580
46654,12424
46657,6973
46663,4923
46675,8617
46682,17903
46708,0
46709,16347
46717,8430
46719,14977
46722,0
46734,7223
46769,9679
46784,3238
46796,6093
46832,0
46845,7003
46857,0
46871,3176
46876,6706
46898,4724
46908,4686
46929,10042
46930,5269
46936,8254
46938,0
46941,0
46949,3963
46975,0
46980,10622
46981,7280
46988,6736
46991,5405
46995,0
47001,7795
47003,5998
47007,4385
47011,5038
47044,0
47053,10737
47065,10498
47069,0
47071,0
47081,4334
47084,7089
47085,8159
47087,4169
47088,5459
47092,7409
47099,8214
47102,11476
47111,4839
47122,11244
47138,5212
47199,15068
47214,16808
47227,7502
47233,9670
47251,8354
47255,6565
47279,8929
47287,0
47292,0
47293,4634
47306,5956
47324,7291
47342,4397
47358,0
47359,8480
47365,0
47383,3355
47384,5100
47387,5367
47394,5163
47395,3224
47396,9532
47397,4561
47419,4561
47439,9607
47451,5978
47463,0
47476,0
47488,6551
47490,5653
47498,12213
47508,3589
47521,0
47522,4455
47529,7614
47535,4241
47548,8124
47575,4524
47605,6607
47610,0
47626,5240
47642,5770
47672,5771
47711,0
47718,5826
47731,3395
47738,4799
47781,0
47791,4874
47797,4509
47798,7160
47811,0
47822,0
47823,0
47832,6159
47840,11449
47841,5385
47849,4111
47862,10592
47886,11831
47907,2751
47919,7882
47923,5081
47925,3768
47949,6154
47961,6909
47970,6086
47980,6325
47993,10102
48008,0
48012,8884
48016,3953
48019,7549
48027,3772
48045,4203
48087,7704
48102,0
48104,3889
48105,4960
48116,0
48139,11715
48158,0
48162,6310
48165,0
48173,9668
48175,0
48176,9145
48182,7348
48185,5250
48187,2659
48205,6821
48210,9746
48226,7732
48232,2946
48252,6133
48257,7202
48262,3957
48268,5500
48271,3809
48282,9068
48283,0
48290,5029
48296,0
48307,6165
48322,0
48323,4444
48325,0
48326,7065
48328,6220
48351,5086
48354,10980
48357,4554
48363,9840
48367,4357
48368,0
48372,3976
48379,4312
48385,0
48389,7999
48393,11888
48411,5469
48419,0
48431,5597
48432,9702
48442,5484
48448,8301
48464,9736
48493,0
48538,8978
48549,15899
48578,4016
48580,3893
48581,0
48609,4796
48642,6010
48646,5027
48648,7496
48669,5888
48675,9161
48691,5456
48698,4423
48718,6974
48723,7078
48736,0
48742,6028
48745,3501
48749,6496
48759,8055
48769,0
48818,6933
48830,6322
48845,6178
48846,0
48861,6712
48866,4351
48889,7182
48920,5915
48923,5861
48927,5803
48930,6916
48931,0
48986,0
48991,6826
48992,6671
49018,12475
49037,7174
49067,3329
49091,3230
49114,7465
49115,0
49125,5414
49140,5762
49153,3290
49157,7001
49165,0
49171,7419
49182,6026
49214,0
49229,4303
49234,6990
49243,0
49244,5169
49256,7063
49259,22670
49262,5287
49267,6769
49274,6745
49280,0
49283,6508
49287,6725
49305,0
49333,5959
49358,0
49366,6228
49370,0
49383,6382
49384,9831
49385,15978
49387,7868
49396,6621
49397,0
49402,6243
49407,0
49414,0
49418,7784
49436,5248
49441,7260
49443,7058
49445,8673
49455,5778
49476,0
49478,4951
49479,5968
49494,5621
49496,6503
49510,0
49513,9657
49514,5784
49516,4529
49545,5053
49547,7568
49560,4919
49561,7171
49580,5659
49583,6260
49587,7205
49601,7070
49608,6224
49612,5404
49633,6362
49649,9383
49651,10850
49675,5109
49680,8480
49698,8940
49701,4466
49707,0
49721,7967
49723,7802
49729,3773
49743,14934
49749,5620
49753,0
49757,2355
49767,10004
49775,7090
49776,4872
49800,6696
49806,8409
49851,3812
49867,5845
49876,8977
49889,6569
49901,0
49906,7222
49917,6556
49919,16122
49930,5840
49942,7344
49952,9564
49958,4533
49970,9164
49982,4182
50000,5449
50006,0
50049,0
50052,5011
50060,10880
50063,6513
50070,0
50074,0
50078,5684
50084,4472
50086,26760
50090,3162
50102,3065
50115,6675
50117,12192
50121,4952
50135,6941
50144,6880
50146,0
50147,4173
50154,4999
50159,4181
50175,7143
50180,12812
50185,10454
50213,9427
50217,8276
50223,6847
50224,10705
50226,13726
50247,6406
50257,8388
50263,0
50264,6242
50267,9858
50270,8265
50274,3173
50279,4073
50288,3864
50298,6218
50300,0
50319,3910
50327,5753
50330,4973
50332,9801
50342,7506
50343,5448
50347,11811
50351,6395
50356,7790
50372,13721
50397,3856
50398,4281
50399,10571
50404,9512
50409,9059
50423,5734
50428,0
50443,4785
50468,5179
50474,3814
50493,11407
50504,14676
50508,11348
50514,0
50530,0
50531,10656
50532,4582
50542,0
50562,0
50564,0
50568,6357
50585,10108
50590,11154
50594,2121
50599,4893
50605,8091
50606,5980
50615,8002
50616,11868
50621,0
50652,3042
50653,6865
50663,7876
50664,8041
50687,5676
50693,6174
50709,6003
50721,4565
50733,6090
50739,6324
50764,0
50781,16240
50800,6493
50813,4472
50819,4396
50836,4719
50840,8225
50845,6147
50851,7645
50856,7181
50857,7980
50868,10276
50873,8443
50879,7767
50895,0
50898,7126
50905,3808
50907,14127
50933,0
50935,5646
50941,4037
50946,0
50948,5425
50955,3324
50965,0
50970,4447
50974,5765
50976,3443
50988,4497
50992,3369
51004,8611
51065,6551
51068,7074
51069,0
51079,8291
51103,2598
51106,5819
51133,4113
51152,5222
51157,0
51179,9219
51184,2913
51185,9814
51193,5632
51200,5380
51214,0
51229,5945
51258,3700
51280,4794
51285,5392
51293,6410
51307,5792
51324,7497
51332,4908
51336,8941
51363,16691
51371,8741
51391,5142
51403,2761
51413,4508
51449,6631
51454,6023
51455,4656
51467,6858
51476,6089
51477,5239
51483,6531
51501,13776
51510,9155
51512,0
51525,7302
51540,0
51552,0
51555,0
51571,3461
51589,4754
51591,10156
51592,5169
51598,0
51620,0
51633,9818
51654,9566
51663,3455
51666,0
51667,8528
51671,0
51672,20018
51680,0
51681,4313
51683,9026
51685,11236
51695,8428
51709,8247
51730,0
51742,11290
51743,3418
51766,3873
51774,8062
51801,7045
51802,10326
51809,6996
51847,7591
51865,5052
51872,5092
51891,0
51911,5378
51915,3924
51964,6788
51976,4136
51991,6349
52027,6845
52040,4132
52049,7697
52058,7658
52070,7359
52073,8756
52074,5731
52083,2153
52097,5371
52110,6699
52116,6887
52135,6802
52137,6702
52167,6128
52170,8421
52183,5852
52187,5830
52197,4221
52213,4574
52219,9099
52222,6633
52228,0
52243,7138
52259,4584
52264,9019
52290,3967
52304,7611
52316,0
52334,8243
52344,0
52361,5742
52369,0
52372,6210
52374,5912
52387,6676
52391,3599
52392,11157
52393,5729
52407,3922
52416,5686
52430,5638
52445,4135
52454,8192
52457,0
52463,4722
52469,10670
52484,3890
52509,7536
52510,8637
52514,7666
52524,7012
52533,0
52535,0
52543,7470
52554,4352
52557,6615
52563,12360
52582,4484
52587,11072
52594,6038
52601,11810
52604,13717
52612,5486
52616,3841
52619,6963
52621,6788
52623,8266
52629,5936
52632,7222
52656,8403
52661,8613
52662,5207
52669,0
52673,0
52690,11138
52695,8023
52697,5528
52721,12449
52724,5470
52726,8580
52755,8754
52821,7755
52866,10200
52869,3796
52880,3793
52881,5460
52887,3279
52905,4385
52906,4093
52908,5718
52911,2232
52924,7716
52957,5336
52969,6915
52995,8281
53014,9988
53030,8343
53035,6175
53037,0
53046,6187
53051,9223
53052,2828
53063,4322
53084,3386
53088,0
53101,10337
53105,5267
53109,5261
53124,7809
53162,8918
53164,4411
53177,12174
53184,0
53189,8160
53191,7020
53203,10247
53210,0
53221,7232
53226,3515
53231,0
53234,0
53243,9649
53274,0
53282,5064
53304,6033
53310,8431
53311,0
53314,6173
53335,5475
53340,6636
53361,5784
53383,6401
53389,6427
53405,4659
53416,6160
53443,4216
53445,5404
53458,3771
53477,4031
53480,8066
53492,10948
53497,7739
53504,5214
53524,2339
53533,6151
53545,0
53549,5129
53566,1830
53567,7254
53571,9792
53582,9330
53593,0
53596,8294
53622,9832
53626,8770
53641,7668
53659,5748
53666,7801
53687,5626
53690,7658
53693,10582
53694,0
53703,0
53718,5282
53729,8376
53734,9843
53740,5686
53753,0
53759,7431
53771,7615
53776,3584
53790,9154
53799,4119
53805,5839
53808,2496
53815,3824
53834,3482
53836,8834
53839,9136
53849,4327
53876,5185
53908,6956
53909,8515
53924,11002
53934,2405
53974,6072
53981,3663
53989,5097
53993,10790
53995,11815
54004,0
54019,9797
54026,7454
54028,6312
54031,9213
54042,6020
54046,7178
54048,7625
54050,8926
54070,12998
54091,3511
54092,5089
54093,0
54099,8881
54102,4737
54105,0
54107,3767
54118,3620
54159,5130
54163,6778
54181,6360
54188,7680
54189,10512
54201,6108
54212,14649
54214,0
54225,0
54230,6977
54244,12768
54270,7945
54291,4404
54308,6967
54360,6068
54362,17945
54364,4337
54369,6225
54374,5061
54382,4893
54388,6504
54398,0
54399,0
54401,6782
54410,0
54415,21147
54428,7114
54443,0
54449,5642
54455,5688
54466,13649
54489,3757
54493,8260
54510,7072
54513,5690
54517,8826
54519,0
54524,5336
54548,5412
54562,5148
54564,5088
54571,6640
54578,4899
54589,10871
54592,7908
54597,0
54598,10067
54612,7559
54615,6010
54626,10591
54635,0
54661,8032
54678,5920
54696,10243
54701,6580
54719,0
54726,6604
54731,4985
54739,5479
54750,0
54760,6442
54768,6536
54776,0
54785,6025
54795,4730
54804,18796
54806,8420
54808,0
54812,6336
54848,0
54856,7948
54862,0
54909,4988
54933,15396
54952,5369
54961,3233
54963,5830
54966,3718
54971,0
55025,0
55031,4609
55040,12433
55042,0
55080,8539
55081,3867
55092,5015
55121,6906
55122,6423
55132,5257
55137,5139
55149,5602
55177,18083
55179,8580
55182,7765
55194,0
55226,3790
55232,3933
55234,4516
55259,8689
55263,0
55271,8643
55294,5486
55302,6221
55314,8987
55318,5954
55320,4395
55343,7166
55368,4280
55388,4895
55395,4258
55408,5323
55415,6429
55416,0
55418,7880
55421,0
55442,4438
55443,10193
55447,8569
55467,6091
55501,0
55506,0
55507,4058
55519,3812
55529,7029
55539,3627
55550,5840
55568,0
55591,8438
55602,6081
55618,5480
55627,7713
55639,8356
55655,0
55681,9421
55684,9057
55699,6826
55704,9531
55714,10275
55719,0
55726,3870
55732,6396
55748,1580
55775,7042
55786,11829
55790,9194
55795,7381
55798,8800
55803,8468
55811,4416
55829,9175
55850,4383
55853,7723
55862,10933
55874,7406
55879,2935
55889,7629
55891,5395
55895,11851
55939,4641
55962,6430
55977,10702
55978,8595
55979,1481
55983,0
55984,8869
55990,5306
56011,8131
56026,16493
56041,5479
56048,0
56073,8322
56100,4965
56114,0
56132,14447
56133,6485
56150,5444
56162,6267
56169,5292
56177,2166
56178,6120
56198,8839
56223,6524
56226,4537
56234,6468
56235,9450
56267,0
56284,9939
56287,9964
56309,6612
56310,4057
56316,6856
56319,4192
56334,11646
56342,3174
56348,8096
56353,0
56384,7550
56386,5212
56391,4541
56398,11823
56401,5828
56409,4472
56417,5967
56441,0
56447,11399
56449,4346
56452,10443
56473,2360
56476,5720
56481,7496
56490,9251
56566,10334
56601,4021
56608,5204
56611,5289
56613,7406
56614,4086
56615,6645
56622,6810
56641,9243
56653,5831
56668,7981
56693,8282
56705,12922
56707,4942
56731,3450
56732,0
56776,4149
56791,3356
56802,12072
56804,4546
56816,4826
56833,4000
56836,9779
56862,13893
56867,9641
56896,4756
56898,3953
56923,4707
56925,0
56952,4189
56954,7615
56955,8360
56960,15247
56966,0
56969,6293
56970,5453
56973,6319
56975,6532
56994,4538
57002,6043
57007,1628
57016,0
57021,0
57022,8991
57038,5559
57041,4015
57051,0
57057,7290
57064,5970
57067,0
57079,6905
57091,0
57104,5531
57111,7768
57115,3178
57126,0
57139,0
57186,7023
57234,0
57251,3883
57260,9196
57300,8941
57322,12497
57345,9851
57370,6278
57377,5123
57382,4108
57389,0
57392,9650
57402,0
57417,6713
57430,5861
57482,7214
57503,0
57522,4661
57524,8134
57526,7803
57570,0
57602,5174
57618,10567
57633,4426
57637,6807
57649,7651
57658,9510
57671,0
57691,3309
57699,4927
57704,8314
57727,0
57731,7853
57740,0
57758,0
57769,4967
57800,0
57804,6280
57808,2043
57815,8692
57841,0
57844,7511
57846,0
57855,4295
57857,5276
57863,7938
57870,0
57875,7789
57880,6348
57888,0
57904,7163
57908,6034
57911,0
57926,6716
57927,0
57957,0
57959,5776
57962,0
57965,0
57967,4761
57968,21695
57972,4403
57995,7008
58003,4547
58035,6001
58052,6527
58053,0
58100,7173
58121,0
58146,14629
58151,11337
58165,0
58171,0
58174,4934
58189,0
58190,7320
58195,4449
58206,9748
58208,6955
58215,8493
58217,6882
58228,0
58230,0
58242,4101
58248,6195
58265,4393
58266,8951
58267,0
58289,5405
58305,6506
58308,6708
58317,6212
58320,5150
58339,9798
58343,9759
58353,5840
58359,6982
58361,4884
58372,11523
58373,4130
58377,9273
58380,0
58410,5026
58412,2839
58424,4926
58430,9969
58431,7495
58435,0
58453,8256
58458,6563
58461,5401
58464,9910
58470,6696
58477,4238
58509,5630
58515,7170
58517,5753
58519,7892
58532,6485
58542,7444
58561,5969
58569,0
58573,6540
58580,6149
58589,5563
58617,7772
58631,6012
58660,9194
58661,7824
58667,0
58679,6037
58694,9048
58701,9014
58708,9254
58709,0
58711,16666
58728,0
58735,8303
58754,6205
58757,10120
58760,0
58775,0
58789,2604
58790,5987
58793,7932
58806,0
58836,3922
58838,15760
58842,7283
58844,14694
58845,10284
58846,4858
58858,2333
58860,8008
58867,7424
58881,6362
58883,6796
58891,3290
58896,0
58903,10006
58915,7874
58956,6005
58964,5624
58969,5026
58974,0
58977,8859
58985,9994
58990,5935
59007,14276
59009,0
59024,6081
59034,0
59046,8742
59047,5727
59053,4311
59062,0
59064,8996
59069,4240
59078,18708
59081,4017
59100,0
59104,4021
59129,12584
59137,7892
59138,6202
59142,5043
59160,5069
59166,5735
59169,6527
59172,4551
59181,0
59206,5372
59225,5479
59237,4242
59244,7498
59260,6500
59261,3788
59264,9148
59267,6689
59271,0
59275,9145
59288,7087
59310,5591
59317,7468
59319,4996
59325,3901
59336,0
59352,8095
59373,4920
59376,12076
59392,6683
59406,6742
59411,4903
59419,8104
59426,10755
59433,3677
59447,5689
59460,8116
59466,3989
59470,5893
59484,6501
59488,9193
59490,4662
59494,4360
59505,4157
59523,4528
59536,1667
59545,9277
59564,9351
59572,5617
59578,5511
59596,0
59597,7729
59600,6569
59615,0
59621,7797
59639,5523
59672,3735
59676,4386
59696,8036
59713,6478
59734,6753
59748,6259
59757,0
59759,8360
59774,8170
59776,0
59786,9904
59805,6317
59820,3504
59822,4818
59826,6688
59827,3101
59832,0
59838,0
59840,0
59844,3898
59849,4997
59850,0
59871,7249
59878,5805
59896,6214
59905,0
59909,6242
59921,0
59935,4842
59942,9166
59965,5773
59990,7743
60029,0
60045,4618
60046,0
60060,3555
60081,6024
60090,7887
60091,12730
60096,0
60101,5954
60110,6104
60151,3100
60153,0
60158,5907
60167,4174
60183,10398
60194,5974
60216,9354
60217,6058
60240,11680
60247,3799
60248,9942
60254,4887
60261,3123
60276,11481
60278,9435
60288,9981
60289,6419
60310,9605
60319,10085
60332,6567
60343,3771
60359,8001
60361,4734
60374,4798
60382,8666
60386,4267
60397,6509
60407,0
60411,11632
60417,9757
60427,7798
60438,0
60451,2397
60455,3322
60467,7092
60476,0
60481,8225
60503,5224
60538,15914
60553,7269
60555,3070
60556,6206
60566,6288
60571,8864
60580,4214
60585,1401
60588,13589
60590,5942
60602,4476
60603,13658
60615,10560
60617,5086
60618,4445
60622,10909
60635,0
60645,8616
60659,6641
60661,5289
60667,6866
60668,7994
60672,5255
60673,18313
60676,5822
60680,11356
60700,0
60701,6935
60714,9657
60726,8697
60727,11332
60736,4631
60740,5861
60753,7828
60763,4257
60810,0
60820,4998
60826,0
60855,10400
60856,0
60859,7783
60860,0
60864,7619
60881,9651
60893,8661
60903,4813
60909,4042
60941,4928
60943,4798
60949,6078
60952,6081
60960,0
60968,5737
60985,0
60997,9370
60998,14082
61001,7672
61022,4343
61025,7485
61048,6915
61059,0
61081,7009
61109,8048
61131,0
61136,4951
61138,0
61153,7504
61157,5419
61159,6834
61168,8808
61172,5765
61175,8153
61197,13162
61218,11327
61225,5575
61263,8337
61271,4671
61272,3259
61274,0
61280,7288
61284,7973
61289,5932
61293,0
61303,8518
61304,7945
61330,8627
61332,4128
61353,0
61355,4617
61369,10383
61371,5117
61374,6102
61377,12282
61383,0
61386,11716
61392,6023
61397,7787
61403,5350
61428,9210
61433,0
61456,5709
61464,6431
61481,7237
61482,4411
61488,10264
61499,6891
61514,5942
61527,0
61528,3323
61537,13642
61545,8783
61546,7168
61548,7909
61566,0
61577,5927
61602,0
61622,6580
61629,6188
61634,4976
61636,11059
61645,6923
61656,5579
61691,8194
61694,7983
61707,8032
61710,4975
61732,6558
61734,0
61735,7976
61745,6155
61749,5374
61759,7594
61771,4411
61796,5256
61812,4093
61813,6905
61816,3579
61823,0
61831,5387
61843,0
61848,11443
61854,6550
61856,5903
61869,4739
61878,6897
61887,2979
61898,6106
61927,3910
61930,4329
61934,6838
61942,0
61946,6115
61972,4271
62001,0
62004,6069
62016,5313
62018,0
62053,5700
62064,8139
62096,9525
62106,5854
62121,6209
62127,2318
62138,7186
62159,7133
62161,9673
62163,0
62181,5626
62185,7325
62194,1968
62198,6283
62206,0
62216,0
62233,5741
62234,4757
62241,4008
62282,10948
62318,6259
62327,0
62350,7744
62354,6345
62377,7723
62381,6858
62402,7385
62422,3250
62426,4278
62450,4901
62457,4330
62493,6645
62499,7376
62500,6493
62502,3271
62508,0
62509,6598
62514,5420
62519,0
62522,4263
62537,7805
62540,0
62557,5218
62563,15199
62579,0
62585,0
62592,9640
62597,10959
62598,7932
62608,18443
62613,17275
62630,4837
62638,1572
62640,9085
62643,7214
62652,8581
62653,11459
62680,4498
62682,10232
62698,4496
62703,0
62704,5671
62708,9749
62709,10905
62728,7142
62733,0
62754,6585
62759,0
62805,1818
62816,7607
62824,5615
62827,5869
62828,0
62832,0
62841,6082
62847,12866
62857,6185
62866,0
62867,7559
62896,5714
62899,0
62930,7139
62936,7619
62944,17372
62969,3737
62975,10045
62983,0
62997,5239
63019,5035
63047,6930
63057,6042
63062,6394
63088,5123
63090,4709
63093,8900
63111,4670
63121,5693
63127,0
63130,4533
63141,0
63142,5654
63145,3466
63185,5857
63186,0
63188,5069
63195,0
63197,9172
63216,6005
63219,3177
63220,8369
63221,10799
63226,4736
63227,9914
63233,10039
63236,9608
63314,9997
63321,0
63322,5067
63344,0
63390,6099
63394,0
63412,12655
63415,5764
63448,4675
63472,5165
63477,10094
63479,4156
63487,5318
63502,4701
63506,7243
63509,7057
63519,0
63534,11290
63544,3270
63550,7774
63558,7437
63567,5862
63582,0
63590,6444
63605,3815
63620,7979
63638,6895
63646,10381
63674,9880
63679,0
63693,9581
63713,9194
63738,0
63739,7854
63742,5376
63747,2507
63775,7859
63779,6940
63780,7299
63791,7757
63793,7249
63794,3634
63804,0
63808,4887
63826,6462
63832,6166
63852,15586
63898,9224
63903,5278
63911,3396
63925,7526
63927,5445
63933,5403
63935,7035
63961,0
63972,0
63983,0
63995,3426
64010,7581
64013,7140
64020,12226
64024,6345
64033,8843
64046,4139
64047,0
64058,7561
64078,7969
64101,7313
64113,3134
64125,5950
64134,5772
64136,6619
64139,8665
64147,7626
64176,9386
64186,6193
64190,4434
64191,8429
64193,7157
64195,5382
64208,0
64211,7492
64213,6279
64228,4361
64239,0
64240,4513
64244,0
64249,0
64252,6208
64283,4612
64300,4362
64306,9448
64316,4079
64322,0
64328,4835
64330,5229
64352,7398
64357,4009
64387,4682
64391,7217
64394,7548
64407,5506
64415,9330
64416,6088
64422,8057
64429,6682
64431,9174
64434,3450
64441,0
64453,8971
64461,9675
64469,15679
64481,6333
64494,3935
64502,1742
64514,0
64524,1597
64526,6373
64542,10754
64599,6875
64672,9944
64688,4451
64704,4693
64706,7458
64710,0
64716,0
64724,6510
64727,0
64737,5382
64755,3213
64756,9129
64762,16035
64765,4681
64792,5949
64802,0
64803,6020
64812,7776
64822,9762
64830,8054
64831,5019
64840,9535
64847,4956
64856,4726
64866,6652
64881,6268
64882,0
64883,5805
64887,7883
64890,8361
64901,0
64913,9099
64915,3855
64939,4051
64944,7150
64955,6653
64957,6655
64965,17145
64968,13419
64972,5205
64976,4968
64990,9480
64992,7656
64994,10534
65000,0
65007,6280
65013,0
65023,6672
65026,12463
65033,3468
65049,5991
65050,0
65056,11235
65087,0
65090,4062
65091,7418
65137,7459
65150,3882
65170,9321
65175,7540
65178,4115
65192,2630
65199,7045
65200,5203
65204,9010
65206,8659
65209,3686
65219,4103
65223,5310
65226,9010
65232,8307
65236,0
65250,0
65272,4432
65276,7475
65281,0
65299,6345
65327,3763
65329,14176
65335,7049
65387,5309
65439,3568
65450,4173
65454,7531
65462,9940
65463,8016
65479,6615
65481,0
65485,8586
65487,6848
65488,8018
65490,0
65494,5695
65503,4760
65523,6075
65539,4782
65559,6475
65583,14817
65598,6578
65615,5419
65619,10219
65623,9389
65625,5704
65635,4414
65640,6482
65650,20300
65658,8817
65670,6535
65678,6534
65687,12363
65698,7111
65708,4426
65721,3463
65735,5616
65737,6791
65740,4690
65743,5401
65747,4931
65754,6655
65758,6018
65762,3658
65769,8002
65777,6611
65778,0
65783,5632
65787,0
65802,8379
65813,0
65836,5168
65842,0
65854,4923
65858,9108
65859,9985
65863,5123
65867,0
65895,1360
65907,3306
65914,11101
65921,8098
65948,7196
65968,0
65975,1757
65976,9558
66002,9051
66020,2385
66034,10489
66073,5536
66094,0
66100,5563
66108,5684
66116,12748
66128,5202
66159,0
66161,4830
66199,5711
66207,4899
66211,0
66215,5901
66227,0
66240,4020
66246,6592
66251,9376
66271,4546
66283,0
66297,0
66300,0
66301,5278
66306,6675
66309,0
66316,6244
66348,5221
66356,19499
66358,4967
66361,13924
66363,3510
66370,0
66377,4971
66390,6929
66391,5487
66403,7334
66417,7212
66428,6578
66435,3877
66443,0
66450,6056
66455,6764
66470,6352
66473,7004
66474,8399
66477,6550
66500,5784
66515,6172
66536,6940
66538,11581
66563,0
66584,0
66587,5517
66590,7589
66606,7872
66617,2525
66637,7272
66656,10842
66664,5778
66682,12341
66685,0
66693,3667
66716,4904
66721,8047
66723,7141
66732,5003
66762,6916
66770,22329
66782,5952
66790,13349
66797,5170
66812,8699
66825,0
66848,0
66913,6690
66941,5898
66959,4120
66962,10026
66968,10964
66970,7158
66975,10524
66985,6951
66987,5029
66999,7543
67000,0
67006,4405
67014,0
67026,6662
67035,0
67050,4661
67052,2296
67055,11322
67064,0
67086,3863
67142,5890
67156,10039
67177,8401
67195,5611
67199,10520
67200,6032
67212,0
67219,5278
67227,0
67235,6481
67251,0
67256,11912
67308,7726
67310,0
67311,9385
67316,0
67330,0
67356,0
67366,5578
67391,7805
67393,0
67412,4059
67415,6361
67419,0
67424,5204
67429,8937
67433,8293
67434,11789
67447,6038
67450,0
67458,4829
67466,17981
67468,5414
67477,5715
67480,5554
67496,9969
67513,5398
67516,8165
67543,5221
67546,9276
67556,6378
67558,7283
67563,7181
67565,4240
67570,0
67578,9618
67579,7242
67583,27922
67601,0
67603,4751
67611,12579
67617,5659
67624,7371
67630,18461
67635,3392
67647,6260
67651,6283
67654,6032
67656,6999
67659,0
67664,0
67674,0
67678,6146
67685,15049
67701,4620
67727,7099
67734,12907
67735,0
67765,5652
67769,6653
67780,5568
67786,9154
67787,8741
67788,5104
67793,5950
67800,6332
67801,7531
67804,5518
67812,6623
67814,7563
67815,12548
67817,0
67822,7295
67827,23473
67882,4349
67900,0
67903,6869
67914,11593
67919,10055
67920,6807
67934,5467
67939,5669
67948,8591
67956,5055
67961,6417
67965,19171
67972,2213
67974,11876
68002,7263
68003,6969
68007,11565
68016,2032
68060,0
68061,7608
68067,4245
68074,3244
68089,5935
68097,8444
68119,6026
68121,10536
68143,6744
68155,14965
68166,2742
68167,0
68170,0
68173,6216
68188,7546
68206,8750
68209,4968
68210,5577
68211,10050
68224,6181
68237,0
68244,4760
68246,5239
68256,0
68259,9031
68267,4933
68271,7815
68272,0
68277,10632
68282,5074
68290,9766
68293,10864
68294,2806
68295,5211
68309,8440
68310,0
68313,5824
68315,5935
68318,7677
68337,6240
68356,5828
68365,5690
68376,8028
68386,4042
68388,0
68392,4118
68419,0
68422,7150
68432,0
68443,6437
68462,10913
68464,14550
68469,6449
68470,4826
68477,10081
68478,6677
68482,9319
68483,4123
68488,11273
68494,5282
68499,0
68509,7775
68511,0
68528,7599
68529,7197
68536,9883
68543,6218
68581,6375
68588,3829
68602,4770
68614,5315
68634,4954
68656,5518
68670,4666
68671,0
68702,4900
68704,5295
68715,5865
68719,9434
68723,0
68737,9596
68746,5724
68752,6052
68764,4933
68810,0
68841,4270
68880,0
68900,4509
68919,8487
68933,4871
68949,7052
68966,6128
68969,5782
68971,0
69005,0
69009,5667
69010,5486
69012,7768
69013,9052
69017,10064
69027,4209
69063,0
69085,12798
69091,8772
69100,7181
69103,4109
69130,7257
69132,7952
69170,4923
69177,4551
69185,8522
69199,4866
69203,5697
69205,8208
69213,10824
69240,8593
69244,9489
69247,0
69282,0
69292,2712
69298,6557
69308,8581
69315,5515
69320,14507
69321,10637
69326,6243
69330,7063
69333,5571
69350,4938
69356,5342
69363,14129
69367,7416
69378,0
69380,7803
69387,8299
69398,8605
69409,4549
69435,5808
69446,6627
69477,9992
69489,3805
69492,8336
69497,0
69500,6726
69501,0
69513,8460
69515,15038
69521,9720
69524,5466
69559,7272
69562,7009
69563,5117
69567,6748
69574,5156
69583,5237
69591,4708
69593,7388
69612,8066
69613,13650
69615,6055
69619,6482
69653,5400
69669,6960
69671,6514
69676,6400
69693,4660
69707,7947
69712,4354
69717,0
69718,5915
69724,0
69744,0
69751,6432
69757,5804
69763,5968
69764,7433
69771,6362
69779,6123
69805,5357
69817,7002
69826,4998
69831,6256
69836,3760
69838,10148
69844,8134
69857,7239
69865,0
69872,2421
69875,15747
69903,4102
69913,10152
69916,0
69919,3752
69923,8862
69948,5351
69953,4996
69976,2429
69981,8835
69984,4508
70008,9682
70012,6490
70015,3523
70067,0
70069,4499
70073,0
70081,7908
70084,4517
70086,7698
70102,8598
70116,5683
70138,5002
70163,0
70164,0
70193,4547
70203,6278
70204,0
70212,0
70228,5816
70231,0
70238,4917
70246,5916
70255,0
70262,9140
70274,5896
70275,6765
70282,7145
70300,4756
70317,5551
70319,8340
70339,13475
70355,7076
70357,5194
70379,0
70387,17027
70392,5761
70407,9341
70413,5714
70434,5197
70440,7004
70453,3786
70456,4549
70470,6840
70496,9663
70501,11238
70510,0
70522,6355
70534,8275
70549,11597
70555,3604
70556,0
70562,9485
70569,8419
70572,7253
70580,15970
70590,7486
70610,10182
70624,0
70634,4582
70642,4333
70659,4639
70668,6367
70676,5084
70678,11682
70679,6862
70703,4248
70710,6570
70721,4828
70724,10018
70739,6241
70741,4958
70743,6103
70752,0
70753,6898
70761,8038
70763,8646
70774,0
70812,4267
70837,5470
70882,4603
70885,5914
70893,12754
70895,5933
70897,0
70901,5653
70906,0
70915,6675
70928,0
70949,5756
70950,6487
70959,18674
70974,8955
70981,7917
70991,8835
70998,6762
71001,6765
71009,4790
71014,2935
71030,1498
71035,5492
71041,0
71047,0
71057,7060
71060,8044
71078,11389
71082,5498
71083,10863
71105,11906
71106,4366
71127,0
71157,5737
71169,6125
71183,0
71254,7411
71291,7743
71305,3625
71307,4438
71327,5998
71334,6704
71338,7520
71343,6425
71362,0
71399,5629
71412,9805
71415,0
71427,11289
71438,9824
71451,5020
71486,5768
71509,15234
71518,8186
71519,11486
71544,0
71566,3762
71567,7561
71581,7639
71586,4001
71606,7320
71620,10273
71621,5446
71631,3948
71632,5878
71653,14282
71654,0
71704,9658
71708,6770
71713,6375
71726,7302
71734,5553
71737,6267
71756,7772
71786,4270
71794,22833
71800,5835
71803,0
71817,5251
71822,5171
71833,6290
71838,4852
71846,13090
71873,4572
71887,6113
71900,0
71929,0
71931,4238
71937,7273
71939,0
71956,1859
71960,8379
71963,5304
71976,0
71977,6483
71989,0
71990,0
72001,3185
72002,0
72005,9601
72013,12184
72029,4479
72033,0
72040,5239
72047,5256
72057,9583
72065,6242
72066,0
72068,6281
72072,5003
72079,6765
72105,0
72110,6592
72114,0
72122,13344
72129,7601
72134,8656
72135,4602
72149,11179
72162,5140
72163,3934
72173,0
72188,0
72209,7482
72236,0
72245,6116
72251,5460
72253,7260
72259,0
72274,0
72292,6127
72295,0
72296,4768
72297,2466
72302,8002
72303,7063
72313,6469
72337,8063
72356,7403
72357,10430
72369,6308
72388,0
72393,5824
72395,7247
72431,7315
72433,2519
72445,12433
72461,5632
72487,6315
72491,9798
72492,7035
72499,0
72503,7471
72510,4050
72516,4127
72517,6752
72522,7053
72525,7044
72531,10531
72538,0
72546,3347
72554,5679
72572,7430
72585,6046
72592,6390
72607,5073
72610,6230
72615,5382
72617,5845
72633,6424
72641,0
72658,7316
72659,5476
72662,4173
72673,0
72676,0
72713,0
72717,4235
72721,5011
72722,7224
72734,4535
72763,6615
72782,5174
72783,7006
72790,5099
72795,2408
72798,3621
72805,5338
72808,0
72815,5150
72825,0
72830,6557
72840,7636
72877,10942
72883,0
72893,5613
72902,5765
72930,4896
72938,5264
72943,7874
72948,2559
72955,0
72958,3548
72966,0
72968,15777
72975,4665
73009,0
73016,0
73042,4924
73054,0
73071,7173
73074,3849
73078,11977
73094,5764
73097,4960
73098,7142
73104,0
73108,3826
73124,12984
73129,7155
73134,4698
73148,8772
73154,4629
73155,5928
73168,5163
73173,5736
73175,14820
73179,6040
73212,0
73234,3233
73238,6097
73240,8231
73243,3032
73251,9259
73262,9043
73266,2756
73269,4742
73271,5271
73296,9097
73306,7350
73308,0
73318,7277
73323,6180
73329,5111
73331,8927
73351,8404
73353,7129
73360,8537
73361,5852
73367,4930
73371,11498
73376,5552
73381,7042
73387,5219
73408,5641
73409,7937
73417,9523
73431,0
73436,9450
73437,4845
73448,4813
73451,0
73458,7727
73464,4926
73478,0
73485,3746
73493,0
73495,6802
73516,7682
73519,1474
73521,5257
73522,4669
73528,3829
73537,11288
73553,6258
73557,9401
73566,6771
73573,4087
73607,5661
73613,0
73614,12116
73617,4452
73624,7084
73639,7028
73641,5174
73652,4697
73653,0
73662,3985
73667,6933
73670,6196
73679,5990
73695,6423
73709,8397
73736,8834
73754,6650
73756,0
73765,0
73768,11749
73782,8466
73794,8498
73795,9560
73801,9093
73808,7164
73811,0
73821,7415
73823,7566
73833,8683
73836,10283
73849,11405
73853,7753
73854,0
73867,7473
73872,4737
73890,4745
73891,8077
73913,15330
73921,6523
73950,0
73955,0
73972,9492
73981,5793
73984,0
73992,4359
73995,5388
73999,0
74012,8357
74031,6815
74032,5352
74037,0
74056,4880
74064,0
74072,6717
74090,7476
74091,0
74094,9995
74104,0
74113,6502
74119,6231
74121,9646
74129,7260
74159,0
74164,5460
74184,13427
74186,0
74192,0
74211,0
74218,5559
74228,10667
74239,7110
74245,6050
74259,6048
74260,4589
74278,0
74280,4375
74288,8563
74297,6215
74315,0
74321,8711
74331,0
74345,2847
74359,6452
74387,938
74400,0
74404,13871
74424,4015
74435,8291
74443,4643
74454,7281
74458,4111
74486,10892
74492,4140
74496,0
74497,11102
74500,11089
74504,9079
74511,2734
74520,4539
74546,7747
74553,4548
74559,10109
74586,9233
74591,5238
74602,5397
74619,3748
74620,0
74622,4471
74634,12553
74649,9525
74657,5618
74665,11509
74672,4715
74677,7874
74681,0
74701,12444
74702,4355
74710,3751
74713,6669
74717,5740
74726,2919
74730,15188
74745,5686
74750,6032
74751,3354
74755,7173
74761,8055
74765,4809
74774,4668
74784,8006
74792,6507
74818,10115
74862,0
74864,0
74869,6608
74873,5483
74877,0
74878,7946
74900,6197
74904,6376
74932,3149
74936,3136
74944,6596
74945,3373
74948,6615
74955,2496
74956,0
74966,5072
74973,7208
74989,7478
74995,0
75012,7159
75014,4718
75039,6732
75045,0
75055,4885
75064,6425
75067,4999
75076,11200
75080,7412
75085,5111
75096,5743
75098,0
75116,5081
75120,5798
75131,4667
75135,0
75156,5517
75165,0
75178,6666
75192,5684
75215,15522
75224,6804
75226,11538
75230,4977
75250,8825
75280,4437
75289,0
75293,7692
75301,7601
75309,8883
75336,4138
75342,0
75352,8271
75372,5218
75378,6280
75392,0
75414,0
75423,8342
75443,4994
75447,8521
75448,6586
75461,8586
75468,6872
75470,5587
75499,7672
75502,3286
75531,13872
75540,3656
75576,3245
75586,0
75590,5485
75593,0
75595,4500
75619,5420
75641,4883
75660,10094
75665,5664
75682,0
75691,0
75722,0
75742,9310
75745,0
75749,5706
75754,9878
75760,4989
75761,5799
75773,5542
75775,5549
75783,4636
75787,4001
75805,7479
75810,6440
75825,6289
75855,4610
75860,8089
75861,9397
75867,5263
75869,6876
75876,5706
75880,3173
75890,0
75902,0
75929,10477
75942,4944
75943,5622
75959,4367
75979,0
75992,8960
75995,3957
75996,4143
76040,0
76064,0
76067,5077
76070,5031
76071,0
76093,5091
76152,6451
76160,0
76176,5862
76188,6459
76222,6264
76231,0
76243,4306
76246,4378
76250,5711
76254,4776
76260,0
76275,0
76282,0
76298,4764
76328,11407
76341,2591
76350,9356
76357,4643
76376,5980
76415,7041
76423,0
76440,6131
76445,6722
76459,0
76463,11684
76466,11106
76484,3815
76487,11190
76491,6165
76513,4328
76532,4336
76537,4952
76542,2868
76553,0
76575,7281
76587,4248
76596,4816
76603,5663
76620,4480
76632,5116
76645,1746
76664,8915
76671,4497
76690,16224
76714,5351
76718,0
76721,11688
76739,10867
76751,3742
76756,11850
76761,0
76772,6357
76773,4460
76781,4630
76792,4338
76806,9790
76815,6958
76837,6568
76841,4507
76845,4231
76855,7778
76860,6601
76863,0
76871,3519
76889,11158
76890,10426
76891,10746
76893,8770
76901,8622
76909,7933
76917,2511
76930,6749
76932,5908
76938,2025
76943,5228
76944,7655
76950,6356
76955,12367
76976,2550
76987,4631
76989,0
76995,7480
77042,2426
77049,9196
77060,9035
77065,4720
77067,4053
77071,0
77094,5696
77105,7190
77119,3133
77137,21189
77140,9280
77144,9986
77147,4753
77161,9351
77168,0
77171,8449
77186,7627
77187,4455
77191,6750
77192,1320
77198,5193
77221,0
77236,5316
77249,0
77250,5001
77253,3950
77269,4053
77273,0
77300,0
77304,5942
77321,7103
77351,5617
77356,6508
77359,12387
77365,4757
77371,0
77374,5444
77385,6659
77392,15962
77395,4800
77404,3534
77413,9934
77431,5588
77432,0
77472,5132
77479,0
77504,6167
77522,10347
77524,0
77525,0
77527,4923
77550,6444
77553,11140
77556,6671
77564,3829
77568,0
77571,9606
77607,11347
77609,2010
77622,0
77624,0
77630,5622
77648,0
77651,2814
77669,9112
77675,0
77687,6072
77714,7788
77720,0
77722,5594
77733,3884
77737,9850
77738,10826
77739,6278
77742,7673
77746,4543
77747,6732
77764,7735
77806,0
77810,5152
77844,5469
77845,8092
77846,0
77856,0
77858,0
77860,5805
77865,10128
77870,0
77888,6642
77898,4086
77899,7080
77913,6629
77924,3419
77944,7795
77946,7825
77947,8986
77948,6075
77960,7311
77968,2653
77978,4438
77987,15099
77988,6604
77999,4838
78002,6170
78014,0
78018,0
78022,5633
78026,4390
78030,6181
78041,6221
78043,15795
78045,0
78053,7687
78070,7282
78071,7131
78081,0
78092,5487
78098,5807
78118,0
78123,3551
78125,5673
78153,11868
78159,0
78171,3331
78197,7947
78198,0
78214,6948
78216,5506
78236,6372
78249,5071
78252,4464
78294,5760
78296,5587
78309,9675
78312,7070
78313,10135
78317,0
78328,10615
78330,9767
78338,10538
78339,5378
78356,7612
78368,5287
78369,8910
78381,7996
78391,7563
78403,6651
78406,6452
78411,1379
78423,6753
78428,7484
78452,6287
78454,15443
78494,8908
78521,19241
78529,7916
78531,5341
78535,7837
78537,3874
78547,5561
78559,7313
78567,9874
78572,4224
78580,0
78584,0
78595,6278
78603,13800
78622,5927
78632,9076
78638,0
78639,3156
78652,6300
78660,0
78664,4602
78677,6504
78691,2168
78714,9220
78726,6722
78732,0
78757,7661
78767,6323
78770,0
78777,5619
78778,8484
78783,4652
78786,0
78791,20811
78820,9222
78826,6125
78841,5723
78847,3193
78851,0
78853,7616
78863,0
78875,5606
78896,0
78903,5714
78918,11734
78927,0
78938,0
78951,5283
78957,8135
78960,5356
78965,4116
78967,9100
78971,4670
79008,7887
79010,5966
79026,6463
79033,3349
79036,4997
79038,5238
79043,0
79044,5642
79072,6225
79083,7287
79090,3952
79125,5811
79128,8572
79132,3944
79133,20904
79174,0
79184,4987
79199,4825
79203,4009
79211,4533
79212,4223
79232,5159
79241,5060
79246,0
79266,5893
79268,9944
79284,12793
79290,4639
79293,8974
79311,8521
79317,6512
79331,6571
79345,6993
79347,6218
79354,5755
79370,8166
79380,3883
79381,19431
79392,5147
79393,4154
79395,5924
79398,5362
79426,6093
79442,6245
79453,8111
79459,7738
79497,5132
79500,10118
79537,0
79557,8301
79563,12007
79577,6848
79598,4834
79606,5217
79618,2755
79634,3677
79637,6516
79644,6575
79657,5579
79729,20395
79731,5831
79735,1769
79741,6162
79761,3496
79763,6999
79766,0
79777,5357
79778,6608
79781,8586
79789,9540
79790,10315
79799,6668
79826,5138
79833,6170
79847,12912
79857,3627
79869,6941
79871,4027
79891,4828
79907,7383
79911,8312
79913,4756
79923,0
79931,10389
79932,5835
79946,6865
79949,5697
79955,0
79961,3865
79962,0
79966,5666
79976,0
79977,8643
79978,5494
79987,7374
79988,0
80010,10587
80017,5060
80024,5550
80028,0
80030,0
80077,0
80123,8724
80128,5632
80130,4229
80141,0
80142,8853
80143,0
80151,7827
80161,6405
80164,4326
80176,5086
80202,4960
80208,8229
80214,3347
80218,5166
80236,7538
80267,5646
80279,7473
80281,0
80285,9992
80288,7446
80296,4183
80353,4997
80365,5025
80374,3490
80375,4694
80376,7563
80377,7759
80389,4800
80444,0
80451,6019
80469,4617
80475,3788
80477,9539
80480,5121
80486,5883
80496,4338
80499,6174
80518,9488
80529,4442
80537,0
80542,7356
80548,5720
80550,4598
80579,7844
80617,0
80636,6530
80644,5902
80646,6846
80647,3433
80648,5720
80658,5587
80701,6487
80711,4170
80733,7161
80744,5844
80759,9053
80796,8506
80816,6316
80834,7809
80855,2506
80868,8227
80876,6754
80887,4477
80892,5893
80908,14833
80921,9429
80945,0
80970,4643
80978,8686
80988,6682
80997,8966
81023,7613
81025,4480
81034,6833
81037,5671
81049,5343
81084,8270
81095,6055
81102,0
81112,3557
81115,13989
81124,7157
81126,0
81137,5727
81150,0
81154,2949
81169,6241
81180,0
81198,4297
81205,4719
81215,0
81223,4910
81255,5236
81258,5476
81262,7596
81279,11021
81281,8221
81283,5099
81316,7443
81333,3145
81342,8051
81358,8938
81385,4323
81387,5028
81423,4402
81430,5609
81433,3350
81434,5915
81457,10211
81486,8466
81491,6988
81502,6007
81511,5929
81513,8501
81514,4705
81519,4674
81521,5483
81524,7974
81535,5044
81550,5551
81568,6596
81570,9194
81581,4345
81583,9205
81595,6075
81606,11542
81607,5683
81625,2860
81631,6393
81632,0
81634,4537
81663,10484
81671,0
81692,0
81702,9792
81704,0
81707,5889
81713,4981
81715,6484
81716,8894
81747,0
81752,7996
81753,6685
81757,7953
81758,4843
81778,3660
81797,0
81798,7975
81816,0
81818,6623
81827,7955
81839,8514
81860,3243
81873,8835
81885,9980
81892,6997
81895,0
81900,6365
81903,9279
81907,6283
81910,5094
81912,6070
81916,10723
81939,14169
81944,5663
81970,6856
81986,4511
82019,8632
82028,0
82037,9636
82039,0
82040,4114
82044,8493
82051,4859
82054,8538
82065,14058
82068,6184
82084,0
82106,3856
82111,13524
82116,4443
82135,11723
82136,5477
82141,0
82145,0
82153,7327
82164,0
82173,8569
82183,9500
82190,9132
82193,2267
82203,7973
82213,0
82216,6342
82227,9526
82229,3190
82233,6994
82242,6920
82258,5638
82267,4726
82272,6711
82290,7642
82296,7102
82300,4031
82304,0
82310,5135
82319,0
82356,4140
82374,10361
82377,5505
82381,6877
82401,10816
82402,7537
82408,4658
82416,0
82424,0
82434,0
82441,7326
82449,6212
82450,3711
82461,0
82465,4869
82470,14054
82478,6267
82487,6448
82488,7510
82523,3397
82535,5949
82538,15111
82542,5093
82548,4282
82557,0
82566,0
82580,6842
82583,5670
82585,5265
82595,4212
82600,6547
82601,5030
82604,0
82613,5967
82620,14879
82630,5877
82633,3095
82654,0
82688,5916
82692,7922
82701,6449
82705,0
82730,4896
82749,1425
82753,6599
82763,0
82777,4135
82782,8087
82785,10983
82791,8854
82811,0
82813,0
82815,3967
82842,7734
82854,6573
82878,6934
82879,0
82885,5568
82890,7190
82894,4799
82900,7074
82912,0
82924,0
82940,4933
82971,0
82996,4387
83003,7754
83025,3381
83039,3352
83045,7762
83050,10180
83062,0
83098,6442
83102,6429
83107,0
83109,6891
83126,13920
83127,16738
83135,4912
83139,0
83141,5555
83148,3981
83157,8221
83162,5728
83170,8845
83181,3554
83185,4696
83190,0
83192,6704
83197,4322
83200,5058
83203,0
83209,5140
83212,8622
83223,7341
83232,7641
83248,0
83254,8729
83266,11447
83267,6476
83270,5656
83273,5964
83279,5109
83284,3440
83300,6704
83315,0
83318,7183
83338,0
83365,5218
83369,10651
83371,3512
83388,5535
83389,6330
83390,6847
83406,6698
83411,0
83439,9234
83444,4002
83445,1452
83452,4625
83462,5540
83480,4245
83490,6701
83494,7800
83496,6380
83501,22746
83506,3257
83516,0
83547,5904
83550,4094
83576,6903
83584,8980
83585,5266
83586,5360
83592,11846
83602,6124
83603,6655
83609,5575
83613,13599
83618,7261
83620,8407
83634,0
83635,6531
83650,6731
83658,7657
83680,8870
83686,0
83688,3935
83696,8145
83710,4548
83714,0
83725,7475
83727,4834
83740,0
83747,6247
83753,8584
83755,2427
83759,9558
83777,0
83794,0
83844,5419
83851,8824
83853,0
83867,5818
83894,6344
83899,0
83905,6680
83913,0
83922,5722
83927,6736
83932,8926
83935,8517
83947,13794
83948,6620
83958,3869
83961,7184
83965,0
83985,4433
84006,8058
84007,4471
84020,6693
84055,2895
84056,20710
84080,4858
84094,0
84095,4744
84104,4406
84114,3010
84121,4579
84125,4955
84132,6704
84147,0
84153,7161
84172,4954
84196,4558
84200,9122
84239,7779
84242,14446
84244,5516
84245,6969
84246,4095
84248,5675
84256,10103
84291,4641
84308,3452
84315,5677
84319,18446
84323,3561
84341,4888
84354,5507
84359,9604
84362,4604
84373,3832
84418,6545
84425,7952
84438,12135
84453,12038
84466,5927
84481,5583
84516,5456
84553,0
84557,5436
84574,0
84577,6550
84608,0
84616,7099
84627,5051
84635,14143
84636,0
84640,8827
84643,5556
84648,0
84666,4741
84673,3395
84680,4664
84683,0
84697,5048
84708,4358
84733,4799
84741,4590
84747,6074
84751,7786
84776,7954
84783,15211
84793,6620
84797,12236
84801,0
84807,6146
84819,7692
84820,0
84866,3963
84869,7682
84880,0
84893,0
84909,11383
84926,6292
84930,9052
84955,6239
84958,7506
84994,4574
84999,5581
85014,9188
85021,4914
85024,6026
85028,5095
85062,0
85072,7821
85090,0
85091,4729
85112,3021
85118,3165
85123,6391
85124,7027
85125,0
85132,5172
85140,9303
85142,8035
85160,0
85161,3965
85163,4981
85174,8649
85186,9273
85187,0
85192,7168
85213,0
85231,6569
85259,0
85260,6686
85263,8353
85266,0
85291,5260
85292,5436
85296,0
85307,4138
85333,7118
85334,8162
85370,0
85415,7640
85421,0
85426,5041
85430,8564
85455,3110
85462,12151
85464,0
85470,0
85472,0
85492,7275
85497,5179
85507,12230
85509,5633
85522,13982
85530,5177
85532,6358
85537,10580
85538,0
85542,7081
85552,0
85553,4785
85556,6064
85562,8760
85578,7533
85617,6250
85648,6567
85649,4697
85670,5660
85674,8587
85677,7022
85679,7112
85695,7861
85699,7628
85704,7155
85711,0
85715,5604
85720,0
85726,3129
85730,7671
85737,0
85743,17855
85771,6528
85777,8025
85778,7229
85791,5985
85804,6214
85814,6378
85815,8551
85816,6711
85825,0
85828,5802
85843,4560
85861,3751
85873,8550
85878,6219
85880,0
85884,7753
85902,5124
85904,6122
85909,0
85917,5089
85918,4610
85967,5810
85999,5853
86005,9226
86013,6275
86017,9194
86024,3669
86053,5763
86059,6068
86062,6613
86071,6223
86075,5748
86085,2182
86087,6848
86088,10133
86090,0
86091,7239
86093,2381
86095,10630
86114,9510
86123,0
86143,4567
86147,0
86151,5004
86156,0
86176,1389
86177,3986
86189,5395
86198,0
86200,0
86205,6654
86212,2937
86225,10301
86229,6416
86240,15887
86251,3157
86291,0
86298,10506
86317,4841
86325,9871
86343,9492
86348,0
86365,9813
86367,4533
86368,15027
86372,2687
86421,0
86430,4133
86434,7415
86459,7585
86468,8046
86477,13252
86486,6527
86488,7498
86489,0
86503,0
86508,4321
86515,6026
86519,0
86524,7733
86527,0
86530,0
86535,5974
86537,6181
86551,3084
86554,8920
86559,5063
86575,5089
86582,11206
86590,4918
86591,4382
86592,6648
86593,5675
86596,0
86598,3972
86608,9958
86640,4509
86646,0
86657,6855
86662,8385
86670,7385
86693,0
86705,0
86722,9318
86734,6250
86737,4297
86738,6446
86761,4723
86766,6697
86773,5529
86794,6004
86806,4994
86821,6255
86853,6982
86854,7944
86856,6547
86858,7857
86859,5114
86868,6296
86874,8478
86880,7455
86883,6381
86899,6395
86912,12056
86918,8323
86944,7797
86947,6422
86995,8089
86997,0
87008,5793
87013,4394
87029,3083
87034,4869
87065,5371
87075,0
87098,8509
87106,4417
87111,7998
87115,7497
87132,13247
87142,6145
87147,3194
87159,0
87161,7344
87169,1362
87179,0
87181,5948
87203,4774
87229,0
87238,6370
87241,7521
87243,6264
87255,0
87260,14761
87287,6181
87292,0
87293,4536
87307,7187
87313,7659
87314,6386
87318,14938
87327,0
87344,9042
87349,0
87351,8798
87356,0
87373,10250
87407,10176
87415,8609
87416,3712
87456,6041
87470,1745
87486,5287
87495,4142
87505,6226
87522,7185
87523,2566
87531,0
87533,6298
87538,8052
87543,3810
87544,4765
87546,9641
87563,4849
87589,0
87593,11802
87594,6008
87616,5037
87625,4368
87636,5640
87642,6636
87659,12100
87671,7666
87673,8922
87691,2168
87713,6908
87726,15345
87734,7227
87749,8073
87751,12013
87759,8954
87761,8175
87763,0
87766,0
87779,7814
87785,9340
87787,4458
87790,6344
87792,9740
87796,0
87801,0
87837,6081
87841,1695
87846,5816
87876,4576
87895,4380
87906,4944
87908,8341
87914,0
87923,0
87936,7575
87942,10871
87950,10629
87952,11185
87958,6442
87966,3251
87979,4141
87983,4938
87991,3146
87997,0
88009,9864
88010,6497
88022,5013
88039,0
88040,6277
88042,0
88043,3876
88062,4370
88066,7139
88071,0
88073,0
88100,0
88104,3651
88107,5933
88111,7196
88123,5827
88172,7172
88182,5018
88191,6072
88197,0
88215,6580
88225,0
88243,0
88244,6144
88261,4995
88290,10438
88303,2791
88328,0
88329,6406
88336,4116
88344,9537
88345,8416
88362,5154
88363,13169
88389,3138
88406,8690
88409,5002
88410,0
88413,4164
88419,0
88426,5403
88440,11004
88453,3408
88456,6101
88477,10044
88480,9505
88485,7983
88492,11622
88498,8040
88518,0
88551,10209
88574,3970
88604,11334
88606,4517
88612,11284
88617,3551
88637,0
88638,4658
88649,0
88654,5395
88659,0
88665,4667
88666,4470
88675,0
88678,6292
88687,6118
88689,4254
88710,6280
88735,0
88747,4023
88755,4937
88759,4444
88767,0
88786,5820
88788,0
88797,5543
88809,7295
88816,5200
88845,5450
88854,5142
88863,0
88870,2815
88872,11454
88884,0
88890,4374
88902,6523
88920,0
88941,3241
88945,9061
88949,6776
88956,4766
88963,5730
88970,10593
88978,4674
88992,6053
88998,0
89011,4185
89024,6156
89033,15075
89040,6977
89046,6931
89047,3310
89077,10578
89091,6731
89092,8235
89100,3805
89110,4843
89115,0
89128,9274
89158,8336
89179,5235
89184,0
89190,4494
89198,0
89207,6277
89224,0
89238,8100
89242,4746
89259,6193
89304,3503
89309,6464
89317,7806
89320,4717
89368,6972
89369,5456
89374,6527
89386,4096
89388,0
89420,13208
89430,5288
89432,1284
89444,6343
89457,9502
89464,4346
89469,9892
89471,3716
89473,5675
89507,8176
89569,7949
89593,6835
89612,10834
89631,7047
89646,5437
89659,9742
89675,9030
89685,10863
89694,7095
89708,5214
89710,5180
89711,6231
89712,8365
89721,6787
89725,2808
89743,4614
89749,0
89756,6916
89758,0
89765,7752
89783,4768
89795,6998
89808,5441
89825,5503
89829,5553
89846,11382
89853,6259
89873,5498
89897,7557
89902,5183
89911,12298
89926,4752
89929,6121
89931,8173
89934,0
89936,5606
89955,5927
89957,6003
89967,5128
89975,7635
89979,0
89983,4510
89997,0
90043,15827
90050,5992
90065,5803
90067,10351
90072,9340
90098,0
90099,7700
90101,7960
90109,19080
90110,10049
90140,3469
90144,4305
90149,0
90153,0
90156,4025
90162,12289
90167,3037
90172,8252
90182,4944
90193,8103
90199,6032
90241,0
90242,1522
90246,3918
90256,4711
90279,12617
90280,3953
90284,3215
90289,7549
90310,9367
90318,9411
90329,9109
90330,13638
90337,6970
90339,9936
90366,0
90373,6784
90376,4595
90397,4976
90419,11342
90422,0
90427,5253
90428,9081
90435,4153
90438,5366
90441,6975
90445,3798
90446,9696
90453,8060
90464,5263
90465,4326
90468,7293
90473,6989
90475,2773
90477,4519
90480,5215
90487,6259
90500,5119
90505,5155
90507,5270
90511,6480
90519,5607
90526,5983
90539,0
90552,7098
90555,4862
90561,0
90562,0
90580,9315
90582,8821
90597,5553
90599,6430
90613,7593
90616,6665
90621,5479
90662,5614
90664,4270
90665,7083
90677,6467
90678,4563
90682,13848
90687,5895
90696,5797
90697,6397
90703,6266
90704,6892
90709,12949
90731,5291
90737,7361
90747,13046
90749,6982
90803,9699
90835,8284
90862,0
90864,0
90870,6082
90871,0
90887,6446
90888,0
90901,8281
90903,0
90912,5704
90916,4154
90919,10243
90922,8887
90929,10740
90937,6465
90941,4319
90953,5499
90954,0
90958,6550
90964,10664
90984,5401
90987,7348
90997,5367
91000,5004
91013,0
91015,5882
91041,6712
91045,11978
91051,5425
91064,0
91070,3535
91083,4347
91085,10343
91095,4300
91111,6507
91116,21191
91124,7856
91144,0
91153,5418
91158,8801
91160,8099
91192,4470
91221,5514
91274,4136
91286,0
91287,25232
91307,13900
91309,7888
91328,6791
91354,8551
91359,7868
91369,5383
91438,8585
91444,0
91471,8157
91479,5807
91487,4264
91515,3106
91516,5639
91523,8510
91527,3633
91530,8149
91533,6435
91548,8890
91549,5420
91554,5190
91571,9655
91584,7672
91585,12024
91588,0
91594,6838
91604,10174
91606,6479
91632,6918
91655,0
91662,0
91697,6187
91739,7148
91754,5734
91756,4116
91770,5784
91772,0
91794,7745
91805,3939
91813,5347
91817,4663
91819,7381
91844,3938
91852,0
91868,3518
91870,7589
91875,6010
91892,4788
91910,6264
91911,11641
91921,4906
91940,9652
91941,9290
91943,6417
91967,4464
91968,0
91976,5590
91986,0
92026,3749
92029,0
92038,7000
92055,4311
92057,8531
92070,0
92073,4317
92088,8275
92092,5470
92093,5028
92100,7616
92115,4007
92120,7437
92130,10347
92143,6349
92159,5432
92163,8604
92175,0
92177,6012
92183,6586
92190,0
92219,19043
92222,8836
92227,2469
92242,6620
92270,5349
92274,5812
92308,6731
92323,5486
92338,8092
92345,0
92359,3762
92364,2870
92370,0
92376,0
92379,13638
92396,6049
92398,6394
92408,7843
92410,7238
92425,5936
92430,0
92431,7366
92433,6515
92439,9381
92441,4723
92449,7771
92454,0
92460,6623
92491,10321
92504,4409
92512,12659
92516,3343
92527,0
92531,0
92533,4371
92541,6282
92551,10711
92561,9179
92565,0
92572,9146
92583,5482
92585,0
92591,6098
92607,0
92608,6494
92621,0
92627,6032
92642,3175
92661,5786
92666,0
92693,0
92708,5646
92711,7774
92743,5626
92758,4277
92783,8611
92799,0
92811,5237
92817,5651
92830,4900
92850,3510
92856,6829
92862,6031
92864,5332
92866,3759
92873,5793
92874,8430
92877,0
92887,4778
92889,6765
92904,7563
92916,7164
92918,12371
92926,0
92933,6412
92941,6792
92943,5597
92951,9720
92965,0
92971,5145
92979,12181
93004,7081
93010,5098
93020,8237
93036,8942
93055,0
93062,8821
93065,6421
93090,6875
93099,5316
93114,10802
93118,6544
93121,9947
93140,6102
93162,0
93169,4333
93180,0
93188,4488
93211,3272
93216,12302
93227,7593
93237,5120
93243,9806
93245,1990
93247,5613
93255,4997
93257,4642
93261,2214
93271,5994
93285,3072
93289,8387
93316,5388
93329,9890
93339,4416
93359,4806
93371,0
93378,2839
93380,9167
93389,6603
93390,3725
93393,5818
93429,4728
93444,0
93450,0
93471,5259
93484,5203
93500,12406
93511,4565
93514,5849
93515,8696
93517,3946
93521,5517
93523,7232
93524,18152
93535,9999
93538,0
93539,9294
93548,6348
93561,7264
93580,5600
93590,6259
93617,11632
93634,0
93637,0
93648,0
93655,0
93686,6315
93696,0
93717,0
93746,9267
93752,4652
93756,1672
93778,4679
93810,7002
93841,5957
93845,7990
93874,3479
93875,0
93876,11639
93889,5953
93890,3873
93908,4555
93914,9473
93932,11879
93938,0
93941,4642
93947,11744
93967,5816
93972,9067
93981,6727
93987,10759
93991,6724
93997,7849
94018,0
94025,0
94059,5205
94062,8401
94072,7617
94073,0
94075,10196
94076,0
94079,9271
94086,4120
94140,3900
94145,3213
94158,7399
94161,2160
94177,4381
94187,0
94190,5414
94210,5946
94215,7351
94225,5468
94228,6667
94249,4455
94261,1258
94262,0
94304,2865
94307,8344
94315,5026
94318,13607
94325,4001
94331,5992
94356,10123
94360,6706
94378,6361
94392,7451
94393,0
94435,0
94452,6897
94482,0
94485,17609
94488,0
94492,6993
94499,3751
94507,6756
94522,8298
94524,6507
94530,4393
94592,9771
94597,0
94602,7179
94607,9571
94612,6528
94614,5325
94619,7288
94631,7787
94641,9857
94643,4550
94651,5620
94652,6476
94653,4829
94667,8896
94679,8907
94694,0
94727,0
94753,7814
94755,0
94758,0
94768,2976
94771,3503
94795,7961
94825,2570
94840,5583
94843,5241
94848,5616
94850,5578
94865,7894
94866,4760
94867,3788
94869,0
94876,8854
94879,3666
94891,6665
94910,8956
94950,6635
94951,5480
94959,9972
94960,4272
94967,8068
94979,27544
94985,3643
95000,6149
95006,5357
95018,5007
95022,7323
95036,5576
95043,6210
95053,5083
95054,8791
95081,7177
95102,3328
95153,13883
95162,4259
95175,5991
95183,8374
95203,0
95206,10440
95208,6254
95222,9766
95223,9452
95224,6858
95225,8329
95229,3900
95234,4021
95242,6079
95266,4616
95267,5313
95276,6176
95290,10532
95294,5505
95316,5856
95321,3290
95327,0
95334,7382
95364,5912
95387,0
95396,6140
95405,5739
95429,18779
95431,4404
95476,6357
95486,7129
95503,8597
95536,5888
95542,0
95546,7357
95549,7978
95560,0
95578,3906
95579,18598
95605,8904
95607,0
95625,5325
95629,6222
95656,5785
95658,8548
95659,5162
95660,7615
95665,3364
95667,5558
95680,5529
95683,5458
95692,10371
95704,11004
95715,6901
95735,0
95736,9460
95740,1211
95742,0
95744,7710
95750,0
95792,10823
95802,7608
95803,10272
95810,12433
95815,0
95821,0
95822,3924
95824,0
95831,9130
95882,7308
95887,0
95891,10139
95917,3209
95920,12683
95929,3433
95942,4418
95948,7019
95949,7865
95954,6538
95955,7081
95987,7051
95994,5775
95996,0
95998,13981
96012,0
96014,4601
96017,5117
96018,4424
96028,6911
96035,7456
96036,5326
96043,7472
96085,4397
96090,9259
96096,9333
96104,5974
96106,4810
96110,4040
96119,8544
96132,7332
96136,13820
96141,7368
96151,18997
96159,6258
96172,7846
96176,7833
96199,4934
96203,6088
96205,4935
96218,10077
96221,8588
96237,9458
96240,6089
96248,4992
96286,8103
96290,7003
96318,0
96324,5575
96352,4210
96354,0
96361,6037
96382,0
96383,10135
96398,6850
96399,13055
96410,8059
96413,0
96418,7664
96419,7334
96420,4081
96424,6901
96436,3207
96447,2817
96452,3758
96455,9016
96458,2458
96482,4596
96492,0
96495,0
96499,4545
96548,5378
96550,4381
96555,6242
96558,0
96564,2008
96570,5743
96571,9267
96576,6263
96589,8003
96601,3682
96610,7547
96613,5474
96616,4253
96617,15893
96621,16483
96628,4166
96630,5992
96652,5292
96666,0
96671,5046
96676,6291
96690,5448
96699,9535
96700,6219
96701,6255
96707,9482
96714,7530
96716,5583
96731,7707
96737,6077
96739,7510
96740,10057
96751,6131
96764,6731
96804,8924
96805,0
96815,6046
96818,5807
96820,8625
96824,6332
96836,9073
96853,0
96857,4389
96861,6222
96864,8918
96876,9359
96878,7251
96881,7337
96892,0
96898,0
96906,9753
96910,3008
96918,4216
96953,4531
96969,5447
97023,0
97024,10506
97026,4463
97029,5090
97037,0
97051,4882
97058,6425
97070,3778
97083,7165
97087,5523
97107,2082
97116,6647
97143,3911
97150,4304
97151,0
97153,3936
97163,6510
97185,5353
97192,0
97195,9642
97209,0
97215,7122
97225,6462
97237,3222
97262,3707
97269,5880
97282,0
97283,5410
97285,0
97295,6853
97296,5549
97297,10827
97305,0
97318,13709
97328,14532
97330,7045
97347,11060
97360,6830
97372,4730
97375,8206
97384,13311
97388,0
97428,5598
97444,26963
97445,5007
97449,0
97450,5556
97497,8744
97510,6752
97512,6225
97523,6439
97535,10148
97540,5718
97573,8277
97585,4893
97601,0
97610,7756
97623,6568
97628,5731
97635,4600
97693,0
97710,6708
97738,5381
97742,6461
97754,2879
97767,5620
97768,3470
97803,6818
97820,5803
97826,0
97855,6108
97863,5482
97871,9770
97878,9479
97880,7213
97889,6480
97901,4547
97903,8798
97912,6122
97919,3215
97927,4603
97934,10262
97936,6989
97937,0
97949,4591
97952,4702
97955,2003
97969,6244
97987,5095
97991,3479
98020,8196
98039,6921
98052,19542
98089,7816
98090,10055
98094,7249
98109,7695
98116,10065
98130,5774
98136,10524
98148,1317
98153,0
98154,0
98177,4499
98185,7154
98187,6363
98189,9715
98194,9419
98209,5850
98215,7560
98219,8039
98226,6062
98228,0
98259,8161
98280,8131
98287,8472
98316,6675
98333,0
98354,6312
98356,9572
98361,7165
98371,4825
98372,9105
98386,8520
98403,5006
98417,4598
98424,6359
98432,5623
98447,3000
98452,10858
98453,13346
98469,0
98480,5923
98481,5606
98495,0
98506,3836
98507,3626
98516,3316
98524,21363
98526,0
98539,9209
98551,7984
98558,6466
98576,0
98605,9970
98619,1980
98628,6749
98633,0
98637,6471
98644,9000
98651,6362
98656,10032
98665,6743
98669,3748
98673,0
98675,0
98678,6724
98703,8060
98720,6635
98724,11956
98736,3406
98742,5667
98757,1474
98765,0
98772,4661
98777,0
98786,11768
98788,6138
98812,3686
98817,3967
98818,6213
98828,7795
98837,6820
98838,5449
98843,0
98846,9686
98852,6211
98861,0
98865,0
98883,15386
98885,2646
98896,5829
98897,6981
98901,0
98902,0
98905,6037
98916,0
98920,5855
98922,0
98923,8555
98932,0
98942,4280
98952,6766
98962,4538
98963,7143
98973,5204
98977,2370
98978,0
98984,4389
98995,6169
99006,4529
99010,3641
99016,7807
99027,7039
99033,6950
99038,7763
99041,3033
99061,10638
99079,6128
99085,7530
99093,6403
99100,6684
99101,10186
99115,0
99132,8870
99145,13143
99174,4404
99175,10204
99203,8872
99206,5195
99216,5735
99217,10173
99228,4226
99237,9450
99248,8020
99250,2825
99258,6594
99266,8431
99277,7938
99278,7347
99283,6567
99292,0
99326,9195
99330,5610
99335,3952
99339,5745
99341,9084
99358,0
99364,7919
99365,3653
99366,8839
99391,5217
99445,0
99456,0
99460,5734
99472,4937
99487,0
99501,6136
99518,4194
99525,0
99550,5605
99599,3898
99605,5517
99606,4446
99614,5676
99620,5097
99640,5473
99651,6699
99655,6438
99660,11348
99662,3830
99678,11569
99694,5643
99706,7413
99723,6776
99726,4749
99727,6924
99732,4326
99749,0
99753,9088
99760,6532
99763,0
99798,7088
99806,6024
99809,5703
99830,4190
99831,0
99848,6235
99859,5258
99872,0
99875,7987
99885,7056
99902,6616
99909,8701
99910,14468
99931,0
99945,7480
99966,7975
99975,0
99987,4472
99992,0
100000,9637
100034,4491
100057,4779
100068,0
100070,4935
100072,9202
100074,5407
100098,15356
100102,0
100104,6187
100119,6115
100124,5619
100128,8963
100131,4392
100132,0
100133,11584
100134,13815
100169,6401
100172,6846
100177,0
100188,8351
100190,0
100191,2614
100192,4935
100205,8741
100208,5531
100209,2711
100220,6552
100248,7040
100254,4585
100258,11918
100276,6734
100288,15252
100304,0
100305,6651
100319,8292
100327,7478
100331,8032
100332,7479
100338,4783
100346,9214
100357,0
100359,3693
100366,3866
100401,5577
100412,0
100416,1578
100417,7847
100419,3448
100422,5110
100428,6001
100434,7910
100435,5195
100456,5481
100467,0
100469,0
100477,6833
100485,12330
100496,9017
100515,8341
100517,7523
100526,3624
100528,6935
100533,5427
100541,18066
100546,10106
100550,8736
100557,4435
100561,5407
100562,0
100596,4563
100633,0
100646,0
100647,11936
100650,9706
100677,9527
100683,5825
100688,0
100693,7277
100705,4240
100710,9143
100713,7307
100715,5256
100718,5540
100728,6011
100734,5331
100739,5961
100740,7243
100758,3389
100759,13863
100763,4929
100764,4926
100798,13018
100808,0
100814,8164
100821,6695
100833,3979
100835,6019
100838,3722
100839,4996
100840,7516
100851,8177
100872,8934
100878,2097
100886,5049
100889,6089
100916,0
100924,0
100927,0
100946,0
100964,4327
101012,6818
101021,10284
101022,8364
101029,4186
101045,2463
101049,7266
101050,8743
101062,0
101065,6441
101074,9977
101120,4712
101156,9330
101162,5065
101174,8888
101175,11043
101184,0
101198,9543
101206,0
101213,6339
101215,5252
101230,4588
101241,4109
101243,5730
101251,8182
101255,5390
101266,6687
101272,0
101273,4621
101274,5761
101314,4172
101351,7573
101364,0
101375,5773
101382,10816
101407,14960
101420,1725
101421,4529
101429,5826
101439,7031
101443,4650
101450,2843
101454,10095
101457,3724
101460,7573
101464,9988
101466,0
101474,3667
101486,5303
101487,8399
101493,6859
101501,6840
101513,0
101514,6384
101518,7337
101525,7942
101580,2250
101582,1694
101585,8897
101592,3612
101593,5825
101603,9217
101613,4490
101630,17458
101632,14700
101633,0
101647,6263
101650,3884
101664,12712
101669,7085
101681,6938
101713,0
101717,6958
101732,4487
101740,0
101741,0
101743,0
101775,6872
101781,9120
101784,4105
101795,0
101798,8902
101817,3146
101818,6492
101882,0
101920,3975
101938,4515
101951,8902
101960,4939
101961,0
101966,9627
101968,0
101970,10417
101986,0
102015,4762
102019,6480
102025,5511
102028,6723
102042,9385
102050,0
102052,8139
102056,4732
102058,7829
102102,4722
102110,0
102112,5488
102122,0
102129,8797
102139,14491
102143,10401
102147,5412
102155,4242
102172,6064
102175,8185
102179,4125
102186,9020
102192,8424
102194,9795
102195,4744
102198,4163
102225,7124
102226,7278
102231,5175
102232,0
102261,0
102276,5224
102286,6948
102298,7662
102307,5112
102330,7967
102332,7553
102337,7479
102343,0
102344,6078
102379,7288
102389,9959
102392,4367
102398,5577
102407,4902
102422,0
102433,6640
102436,6904
102439,8376
102443,7515
102450,4129
102452,0
102454,6861
102462,5519
102471,4714
102472,7530
102477,4306
102478,7153
102491,1562
102496,0
102501,6513
102531,8642
102536,6839
102537,4817
102562,7688
102565,10223
102569,7545
102584,10451
102594,3978
102598,6540
102621,7432
102626,5980
102638,3783
102654,3536
102675,0
102677,0
102694,6587
102696,6873
102698,6550
102702,6304
102703,11561
102722,4539
102729,0
102733,5838
102738,4882
102761,5107
102767,10961
102768,0
102774,6093
102782,3412
102784,0
102798,5380
102802,4619
102821,7139
102827,5979
102843,5411
102849,4962
102873,4160
102876,13046
102893,6946
102896,8572
102902,11108
102924,0
102931,0
102934,6821
102966,18035
102967,5704
102989,4985
102995,8196
102998,0
103005,4150
103006,0
103009,4482
103025,8361
103037,11591
103046,16636
103047,6264
103049,4759
103068,5402
103082,9415
103095,16915
103098,7239
103108,6523
103121,4339
103126,7825
103131,9499
103136,5939
103139,11910
103155,5760
103157,0
103160,4512
103173,7855
103179,5152
103182,5014
103195,4150
103196,14544
103221,5590
103241,11736
103257,0
103266,8761
103270,3150
103279,6862
103282,11132
103290,0
103321,8723
103331,7507
103344,6444
103349,7472
103354,0
103382,5291
103383,0
103384,6139
103402,7588
103405,0
103411,0
103416,6594
103432,5688
103440,5709
103449,0
103467,5057
103479,6130
103480,11216
103498,5145
103499,3581
103500,7497
103515,6371
103542,5773
103569,5986
103570,6163
103596,9518
103602,0
103617,1857
103631,5595
103636,7255
103641,19900
103652,7321
103660,6087
103680,6191
103681,5385
103685,7503
103703,8211
103707,8124
103712,17473
103724,6188
103736,4931
103743,0
103773,5717
103784,0
103788,7639
103795,5640
103796,0
103799,9926
103802,10105
103813,7147
103817,0
103835,8697
103843,6281
103862,17698
103868,6685
103906,13354
103912,5525
103915,5506
103919,5489
103922,9115
103931,4701
103934,6310
103936,7604
103943,8658
103955,11212
103961,6472
103980,7453
103989,0
103998,8637
104012,0
104030,7939
104042,0
104072,6116
104074,3676
104080,0
104083,6073
104085,8376
104088,16822
104101,5070
104104,10039
104105,4689
104121,8132
104125,4402
104127,0
104141,0
104145,8296
104149,6548
104153,0
104163,0
104166,4228
104172,5339
104196,4810
104217,3920
104222,0
104248,5971
104251,6733
104257,7102
104267,5922
104269,7960
104306,11222
104343,6652
104344,0
104351,0
104355,6297
104364,0
104370,4762
104390,4175
104444,2092
104452,4266
104461,8726
104462,10520
104469,7144
104485,6647
104486,6955
104520,5217
104532,0
104547,4006
104564,9585
104579,12095
104581,9493
104626,3139
104637,4529
104640,0
104642,6949
104651,0
104652,7319
104662,7741
104663,7490
104681,5949
104708,0
104717,9893
104727,0
104735,4952
104758,7789
104782,7779
104783,6537
104784,5679
104785,1316
104815,7622
104857,5100
104860,8595
104867,8321
104895,0
104907,0
104912,6396
104917,7705
104937,5612
104945,7062
104966,0
104974,5646
104975,4809
104992,9179
105001,7591
105006,10266
105009,0
105011,4830
105062,5740
105071,7502
105075,0
105081,7015
105086,5528
105087,4796
105099,5807
105122,6558
105124,6870
105130,8897
105138,10310
105144,8586
105150,5794
105168,4568
105175,7828
105182,8064
105187,5746
105196,0
105201,9318
105212,0
105215,21098
105225,4981
105227,0
105232,3860
105242,7782
105249,0
105253,6455
105256,6184
105263,5655
105266,7381
105270,6258
105271,7311
105287,5904
105302,0
105321,4462
105351,5588
105353,7988
105368,3062
105415,4388
105418,4888
105420,6942
105424,6113
105431,8030
105433,5264
105434,0
105435,6697
105436,4799
105475,4045
105490,4987
105494,3782
105496,3054
105509,3667
105516,6873
105518,5115
105523,5581
105526,4666
105528,4805
105540,0
105546,5187
105560,6190
105561,0
105565,5273
105582,4235
105587,4751
105601,9348
105618,6748
105620,6828
105622,8897
105631,4671
105661,8861
105679,6811
105684,9215
105700,6577
105705,0
105715,0
105724,4225
105731,0
105764,6112
105766,9577
105781,0
105782,5280
105826,0
105828,5479
105837,11342
105854,2582
105892,0
105899,0
105944,14916
105954,3878
105963,7622
105979,4250
105982,8222
105987,7056
105994,2305
105995,0
106011,6791
106023,5188
106047,5680
106058,6145
106089,8971
106093,4209
106094,0
106100,7417
106112,5728
106117,4794
106137,5505
106139,8031
106142,9693
106145,4552
106172,6546
106202,4849
106231,3290
106233,7941
106238,7006
106288,5603
106291,0
106309,4680
106327,8836
106349,6931
106372,3625
106377,0
106380,0
106389,4619
106391,8463
106397,0
106402,3944
106413,4869
106421,5603
106429,0
106433,6871
106439,7713
106441,8764
106443,9153
106446,7895
106450,0
106451,6653
106454,10033
106455,4955
106459,5088
106460,0
106463,5848
106465,10942
106467,3154
106469,16333
106474,4577
106492,0
106497,4634
106520,6645
106523,9677
106528,4245
106535,6896
106538,6411
106563,15859
106564,1988
106579,6658
106581,0
106609,0
106619,5046
106620,9920
106629,13984
106637,0
106641,9190
106659,4253
106667,0
106676,6856
106681,10729
106722,0
106733,0
106737,9653
106741,8750
106747,3991
106809,7674
106826,6705
106835,5624
106857,0
106859,0
106861,6050
106867,3922
106886,4050
106892,0
106895,8048
106897,4536
106903,7661
106906,3976
106912,0
106922,7550
106925,5539
106926,6490
106930,7010
106931,3804
106961,4928
106982,4639
106992,0
106995,5452
107005,6855
107007,7017
107021,6755
107022,7325
107024,5302
107042,5503
107045,11562
107046,8315
107068,8764
107071,6524
107077,8601
107079,12461
107086,7504
107101,7245
107113,3242
107116,8967
107122,9568
107126,0
107132,7329
107134,7145
107161,5408
107177,4763
107183,6729
107186,9609
107199,5725
107205,6016
107211,6197
107228,6636
107236,5216
107238,9398
107240,5103
107245,5747
107258,5830
107272,0
107273,8603
107274,5773
107283,11644
107287,5945
107295,8202
107296,0
107300,9677
107301,0
107310,0
107312,6766
107317,5939
107318,3943
107330,4841
107331,7074
107355,10360
107360,6152
107366,0
107374,5568
107396,4167
107400,10191
107401,0
107404,3351
107413,5294
107416,0
107420,11659
107422,5685
107428,0
107436,0
107443,12972
107445,6830
107447,0
107456,6534
107459,7974
107463,4733
107465,7803
107482,10773
107483,5990
107485,11355
107486,4717
107488,6426
107502,0
107512,3822
107514,5909
107515,0
107521,4814
107542,3628
107554,7472
107558,0
107583,7721
107591,0
107594,7176
107634,5875
107640,7920
107641,5656
107651,0
107654,6783
107658,5688
107659,6649
107666,7876
107673,4627
107679,6626
107682,7425
107684,7854
107686,4516
107695,6814
107701,5778
107715,10963
107738,7393
107750,3886
107751,0
107756,0
107763,7152
107768,0
107775,4801
107777,9309
107789,9192
107809,7828
107818,8873
107832,4838
107836,5761
107854,5965
107861,11253
107867,7490
107872,4232
107878,8462
107882,10311
107885,7673
107890,0
107893,0
107904,6611
107905,6555
107922,5948
107930,7908
107940,4058
107949,5791
107981,5919
108005,5503
108018,5988
108030,7781
108033,5316
108037,7269
108040,6178
108046,7704
108057,5577
108066,8938
108082,9842
108086,3149
108092,8957
108100,7805
108116,9866
108117,4754
108147,0
108149,5732
108151,0
108158,4393
108161,3673
108168,6054
108182,7832
108194,8662
108198,7141
108202,0
108203,5588
108210,10106
108212,4875
108225,10646
108227,9838
108228,10392
108243,6967
108277,5430
108295,6637
108312,5131
108313,7571
108328,5516
108329,3902
108365,7406
108376,6640
108423,9306
108432,6884
108450,0
108491,0
108505,4711
108538,5654
108551,6301
108553,8201
108557,0
108569,3766
108578,4519
108584,4515
108588,0
108592,0
108597,0
108600,0
108603,6607
108613,9187
108629,5004
108640,5963
108641,6671
108643,6614
108675,9502
108698,0
108726,0
108740,8901
108748,0
108750,5270
108776,0
108782,3226
108796,5511
108803,4326
108816,8983
108838,5760
108841,0
108862,4866
108869,6556
108873,6522
108884,11208
108885,4704
108921,4035
108923,9055
108925,7529
108928,8153
108929,8508
108934,7068
108939,6027
108945,3746
108950,0
108952,7889
108964,8785
108979,0
108997,10982
109023,0
109035,5982
109056,16317
109058,5838
109079,3630
109097,8848
109102,15978
109113,0
109115,9763
109136,5231
109141,0
109144,8435
109145,0
109166,8005
109169,4735
109179,0
109185,9070
109193,8044
109195,9004
109210,5057
109212,6151
109216,9372
109224,8881
109227,6837
109235,0
109242,4864
109246,2654
109255,5236
109265,6644
109267,4613
109268,5825
109273,4642
109280,2814
109290,9044
109302,0
109313,7729
109318,7960
109322,0
109334,7172
109354,4076
109368,6679
109374,5984
109379,0
109380,6050
109391,0
109398,3467
109419,7512
109436,4979
109466,8467
109473,3552
109490,0
109495,5354
109496,4775
109500,4659
109508,0
109509,0
109525,7057
109526,6859
109547,0
109573,3719
109595,4669
109620,0
109635,4284
109647,5280
109657,5920
109663,7215
109683,6737
109696,10827
109705,5570
109720,5829
109764,5843
109780,5462
109784,6977
109789,6333
109800,24656
109817,7024
109822,8400
109829,4386
109831,6946
109849,5639
109854,3769
109870,0
109877,0
109882,8605
109891,0
109897,5461
109900,5345
109902,3916
109905,0
109927,4294
109931,18972
109952,0
109956,4585
109961,6809
109968,3322
109976,5867
109983,18930
110018,3969
110028,5095
110035,3729
110048,4365
110053,7119
110070,6076
110071,0
110078,4447
110087,3831
110092,5139
110100,10564
110126,2540
110157,7253
110160,6235
110164,17655
110171,7304
110172,4525
110187,8983
110191,6036
110193,3502
110202,18733
110229,3317
110236,0
110239,11648
110241,4581
110265,0
110287,4492
110292,6855
110311,6144
110313,8039
110329,6460
110340,7420
110342,1725
110346,4218
110347,4599
110364,6433
110370,5614
110379,3922
110386,5762
110390,5630
110402,3744
110415,6859
110435,0
110436,6818
110453,0
110454,9358
110458,0
110478,8952
110491,5639
110510,6548
110514,8463
110517,7295
110532,15401
110533,10021
110538,20870
110541,0
110554,6965
110614,7654
110616,7776
110631,0
110640,0
110643,0
110645,11472
110671,8525
110696,3332
110699,7184
110708,6274
110717,5699
110718,0
110723,7102
110725,6008
110731,8683
110748,5194
110764,6172
110773,1953
110778,9256
110779,0
110780,10996
110797,0
110800,0
110822,5335
110831,5821
110872,8182
110876,5184
110889,7023
110900,7866
110911,9249
110914,5937
110919,7537
110925,6097
110932,4367
110938,0
110955,0
110961,5490
110986,0
110990,0
111016,4876
111040,4362
111042,4600
111051,13873
111059,0
111071,0
111077,0
111081,4883
111082,5295
111088,4446
111092,8155
111096,0
111102,0
111108,5889
111137,8118
111145,14993
111157,4874
111158,5324
111159,4261
111165,3196
111188,0
111192,8643
111198,7055
111215,5037
111230,0
111236,6675
111247,0
111250,4266
111260,8472
111277,5995
111280,7493
111284,5120
111316,1254
111320,8670
111321,9939
111345,11592
111356,0
111362,3865
111365,0
111368,3740
111374,2300
111380,2575
111381,9829
111390,5397
111392,7504
111401,4880
111402,4727
111437,0
111446,6037
111460,9785
111469,4483
111482,6715
111486,2597
111498,11534
111502,9177
111506,5751
111521,0
111523,4083
111530,7424
111535,15303
111565,11372
111567,10881
111572,6697
111578,7573
111587,5835
111588,6298
111593,0
111623,0
111629,0
111631,6406
111652,5928
111670,0
111672,11171
111681,0
111686,6402
111706,8942
111729,3673
111732,5671
111744,5585
111749,5079
111768,24558
111778,6726
111779,5985
111782,0
111786,7206
111791,5487
111795,9744
111801,0
111814,4242
111817,5925
111818,11218
111851,6686
111902,3489
111907,5157
111917,4940
111919,0
111925,6538
111926,0
111929,0
111934,5343
111938,6015
111939,9177
111940,5429
111962,0
111969,6818
111970,11337
111972,5652
111989,4482
112002,5605
112006,6457
112010,5488
112013,0
112036,0
112041,4485
112042,7016
112048,5615
112051,4195
112053,3443
112075,3551
112082,3508
112084,5077
112086,9717
112099,9898
112107,10707
112111,8558
112123,9687
112126,4909
112128,6156
112140,8899
112142,6650
112152,0
112154,5902
112159,4173
112164,4106
112173,0
112189,0
112205,0
112207,7027
112220,0
112249,5122
112251,5082
112268,6323
112280,0
112288,11021
112297,0
112302,11391
112308,2364
112309,6491
112316,3634
112339,5471
112353,4395
112363,6141
112391,9174
112397,5321
112400,5153
112413,9277
112418,5540
112420,0
112426,2568
112429,9661
112441,0
112445,4224
112455,3077
112460,17535
112465,3643
112474,0
112487,9897
112490,8638
112494,0
112501,7163
112503,6184
112511,16268
112519,6671
112522,5534
112533,5496
112539,0
112545,5251
112566,6248
112568,5318
112569,1873
112570,5432
112573,3653
112575,5756
112582,12705
112585,6614
112589,5484
112604,9018
112608,5073
112613,4631
112623,7025
112626,12428
112632,5316
112637,6336
112639,6826
112652,0
112658,7682
112677,9401
112683,6305
112695,8482
112697,6884
112726,6009
112731,9147
112738,11073
112755,7212
112759,9254
112761,4131
112775,5901
112777,1805
112789,9238
112790,6761
112803,3234
112812,6528
112821,7562
112830,9144
112831,6965
112834,2804
112843,0
112846,6138
112850,6275
112887,0
112888,5097
112892,4003
112901,6551
112903,6336
112905,6501
112928,8701
112970,5689
112973,5878
112980,0
113014,10139
113023,2460
113041,7430
113050,6197
113059,5363
113061,0
113062,5996
113069,6513
113079,8015
113097,5066
113098,4548
113124,5641
113129,3859
113135,9624
113153,7112
113155,7562
113170,6386
113177,6082
113204,11755
113215,5237
113233,0
113245,3695
113250,5584
113263,0
113267,7793
113268,7170
113302,4179
113306,7949
113318,4572
113336,0
113337,5551
113362,9445
113392,6066
113399,10911
113400,7408
113411,14010
113413,4647
113421,5114
113435,0
113436,6776
113450,0
113460,8801
113462,4027
113481,0
113491,3937
113498,6748
113506,5853
113511,8227
113518,0
113519,9348
113539,7055
113543,7372
113551,6699
113555,7637
113563,7045
113570,7410
113585,5236
113598,6766
113609,7111
113610,3217
113622,5175
113630,0
113641,5062
113652,5884
113654,5532
113668,7152
113669,7054
113674,10018
113680,11221
113681,3827
113686,6223
113688,12256
113695,5523
113715,7382
113756,4665
113764,9937
113777,0
113780,6362
113793,5134
113807,4130
113808,6575
113810,7947
113812,4682
113825,10030
113833,6509
113835,7326
113851,5809
113867,8091
113875,0
113876,6561
113904,6900
113963,0
113966,9070
113972,5078
113977,6290
113981,3766
113982,6007
114004,3188
114008,12123
114028,10250
114041,4756
114045,0
114052,7118
114053,0
114056,4570
114077,2112
114080,0
114104,8588
114106,6357
114109,6089
114112,0
114113,7491
114115,8856
114120,6303
114124,5314
114150,6439
114158,8014
114161,7214
114167,2785
114197,4971
114215,0
114221,0
114222,5448
114223,6501
114233,8123
114246,5889
114277,6216
114291,5491
114300,8764
114317,0
114360,7963
114366,4831
114367,0
114369,6855
114370,10564
114374,4676
114381,6134
114384,6721
114390,0
114392,5056
114405,8326
114411,3494
114412,7387
114421,6763
114427,0
114429,0
114437,3885
114447,0
114453,5033
114458,5597
114460,11756
114467,5227
114478,5166
114487,6229
114511,9997
114515,6862
114520,10979
114530,8543
114548,10376
114552,9354
114554,2958
114563,5778
114567,0
114579,2960
114603,4525
114613,4128
114614,0
114617,0
114622,4783
114624,13475
114630,6711
114643,3247
114657,0
114661,11427
114667,8558
114675,4921
114680,4543
114690,7875
114713,8359
114717,0
114722,0
114728,7804
114739,5418
114740,4224
114741,7985
114763,4891
114769,5994
114770,0
114777,4897
114788,3636
114803,4588
114819,4757
114831,3630
114870,0
114872,5836
114873,2984
114874,5465
114890,6156
114895,5135
114927,4280
114930,2915
114936,4240
114943,6230
114944,7201
114947,5068
114968,4611
114988,0
115002,5308
115010,0
115014,10311
115024,7773
115043,5500
115045,7787
115046,4339
115065,7606
115076,6555
115093,7670
115096,0
115099,6849
115106,11090
115118,2504
115136,5129
115145,24414
115158,3982
115166,7942
115173,5811
115178,0
115220,0
115221,0
115240,8379
115262,4643
115292,5491
115312,5403
115348,9150
115354,5223
115359,0
115360,4694
115384,6570
115388,4256
115403,8068
115417,5071
115422,6475
115444,0
115466,6842
115471,0
115473,7086
115480,11347
115497,5008
115521,6935
115545,11356
115547,7020
115553,6379
115555,0
115568,9469
115570,6698
115581,5944
115598,8489
115605,5206
115621,16157
115633,5015
115634,13961
115642,6149
115644,4724
115647,0
115666,6261
115668,6100
115686,5041
115691,5175
115714,5810
115717,5017
115720,4747
115754,10696
115763,6476
115794,6989
115808,7438
115831,6034
115837,4642
115849,7716
115863,9641
115878,7012
115893,5555
115896,4211
115911,2515
115924,5011
115927,8884
115960,3649
115967,6168
115968,10489
115969,0
115977,0
115991,7795
115994,0
115999,6898
116004,5604
116005,6864
116016,6477
116039,3444
116042,10175
116050,5930
116076,8876
116077,0
116083,11671
116085,9088
116092,0
116094,4782
116100,17706
116102,11134
116123,5416
116124,4348
116130,4223
116134,6836
116140,0
116144,0
116152,4514
116168,4190
116170,7342
116172,7599
116178,4316
116183,2813
116191,0
116193,7380
116209,3204
116223,6977
116224,10027
116229,6808
116241,5059
116243,6478
116262,6476
116279,5932
116312,5444
116330,10101
116338,5115
116349,0
116351,7647
116357,5714
116372,7309
116379,7822
116392,7187
116393,6758
116406,4846
116411,6831
116419,9763
116431,5205
116436,0
116446,7391
116461,7522
116463,5832
116464,4027
116472,7525
116487,7273
116504,5091
116507,9906
116508,0
116522,3788
116524,0
116528,7709
116534,6595
116541,3113
116543,9682
116546,4638
116549,6212
116560,5189
116565,5094
116566,3794
116577,9093
116579,0
116586,10719
116589,7654
116620,6739
116621,0
116631,8471
116634,6643
116636,4507
116640,0
116641,9118
116660,0
116672,6777
116680,11524
116685,5965
116696,7223
116717,7760
116718,9114
116721,6619
116722,4709
116734,8028
116738,6561
116745,7846
116756,10010
116757,8334
116775,2716
116815,12082
116852,5688
116871,0
116883,2395
116886,3747
116887,0
116889,9168
116890,4130
116896,6196
116905,5161
116912,7475
116929,8236
116933,6956
116938,4635
116940,8945
116948,0
116949,5909
116951,3423
116953,3491
116954,5917
116982,5954
116985,11036
116990,4342
117034,10567
117035,7322
117056,0
117058,0
117061,3670
117089,5841
117102,6992
117111,8647
117113,5120
117115,4826
117135,5624
117149,0
117157,7533
117159,0
117160,7577
117163,11274
117180,5844
117189,4792
117200,7583
117215,9889
117237,8063
117240,6641
117284,5484
117291,9214
117319,4794
117323,5025
117328,6110
117342,3915
117358,12959
117374,6622
117399,5942
117410,5925
117420,6368
117421,3821
117422,9763
117428,0
117429,9449
117432,9880
117442,0
117445,3085
117456,0
117466,3665
117486,6193
117487,7896
117526,7177
117529,6834
117531,3890
117554,5428
117564,5949
117570,3897
117578,6202
117588,8968
117597,9671
117602,4242
117603,7061
117605,4040
117617,2523
117624,4259
117646,9193
117650,3687
117736,6140
117745,7950
117749,4993
117752,3869
117762,7976
117765,6196
117768,0
117773,0
117783,5355
117790,7968
117796,4164
117797,0
117807,6291
117812,7863
117817,5463
117818,7296
117826,8127
117830,4315
117839,6392
117856,6542
117880,7361
117903,5558
117941,7873
117946,11599
117959,8077
117960,8975
117970,5193
118015,0
118043,8693
118047,4402
118050,6692
118058,5506
118068,11105
118070,0
118086,0
118104,4172
118107,4761
118110,0
118121,9842
118130,5988
118136,8543
118144,5126
118147,5626
118149,7360
118153,5740
118162,5281
118186,7189
118195,8258
118201,4266
118203,5534
118217,3319
118219,4656
118230,4048
118236,6216
118248,5668
118253,5988
118261,8406
118264,11994
118268,14235
118273,5687
118294,5924
118302,4093
118321,8208
118354,3396
118356,8041
118359,6576
118374,1329
118377,3484
118386,7265
118395,0
118396,8267
118406,7664
118413,8756
118429,7546
118438,0
118443,0
118445,4226
118455,3942
118461,6032
118469,0
118479,7267
118489,7948
118495,7245
118504,0
118515,5397
118517,0
118521,0
118537,6704
118544,3340
118548,0
118555,7541
118558,7078
118559,5565
118562,6885
118570,4449
118613,0
118628,8369
118634,5349
118651,4993
118663,10483
118685,6016
118689,4269
118715,4171
118725,10581
118742,4429
118743,6564
118749,0
118758,4836
118759,4577
118775,7236
118813,0
118832,5102
118842,4557
118846,10275
118852,4404
118854,8314
118873,3939
118875,0
118882,8689
118884,2058
118901,0
118904,5867
118905,8110
118906,2356
118919,0
118921,6889
118927,5818
118940,5250
118941,4908
118943,6397
118948,4162
118952,7911
118958,4599
118968,4822
118983,4829
118984,9095
118996,7826
118998,5627
119003,3203
119019,0
119021,2358
119022,4019
119025,7098
119028,7441
119032,0
119042,0
119086,7650
119100,4401
119122,0
119128,3830
119131,5772
119137,0
119150,0
119161,3903
119169,8797
119180,7121
119190,4909
119191,8680
119193,0
119195,5821
119207,7682
119244,11928
119251,4263
119253,11826
119275,8183
119281,5046
119291,3491
119296,0
119306,3942
119311,0
119314,8418
119317,8893
119318,8910
119356,6100
119389,5934
119395,0
119399,9061
119407,6901
119418,8255
119429,0
119449,0
119451,5377
119454,5591
119456,4444
119457,5169
119482,6429
119486,0
119504,9112
119517,7983
119545,5044
119567,5550
119585,5662
119587,7699
119598,0
119600,0
119617,5823
119635,5915
119653,6868
119654,5767
119668,6891
119674,6601
119721,0
119729,6427
119735,5308
119738,0
119755,6910
119756,6762
119759,1595
119763,7194
119766,4661
119819,6167
119820,10640
119823,7546
119830,0
119833,5985
119838,7255
119843,5745
119845,0
119849,5577
119850,4874
119853,10755
119871,2415
119872,3358
119878,3353
119883,6390
119885,7977
119888,7264
119964,10847
119967,0
119981,11105
119985,5885
120000,5186
120003,5381
120005,16364
120007,0
120015,0
120024,0
120029,9208
120033,4859
120038,7288
120049,8275
120050,0
120059,7778
120082,6942
120107,0
120115,4031
120127,5724
120139,4211
120147,0
120162,0
120176,7190
120179,6058
120184,9189
120209,9151
120212,5587
120219,14346
120241,10603
120249,3601
120251,8462
120252,5044
120256,3407
120262,8809
120265,16321
120266,6576
120267,4624
120270,7565
120272,6554
120282,10144
120328,6549
120349,10845
120350,6774
120371,5861
120375,4221
120398,6753
120406,7955
120410,3672
120442,6271
120463,9403
120464,4077
120468,6658
120486,8057
120489,5803
120495,0
120514,7026
120519,4656
120522,8479
120536,2522
120547,6011
120549,6050
120560,5488
120572,4898
120587,4281
120588,11189
120599,0
120622,5471
120626,0
120630,7098
120650,4204
120661,0
120666,7339
120668,5765
120672,6036
120674,9569
120696,6325
120701,11677
120707,7120
120710,7309
120725,8561
120740,5913
120749,5231
120757,0
120770,5518
120782,5070
120809,0
120821,0
120822,5563
120826,4373
120828,15118
120834,7645
120838,4024
120849,7584
120870,6559
120873,5767
120887,2246
120890,24534
120905,22844
120910,10445
120912,5095
120939,6048
120953,7750
120977,13951
120979,9294
120980,8777
120984,0
121005,8129
121014,7271
121015,7274
121018,15042
121022,7225
121058,5360
121059,0
121067,18427
121075,9589
121081,3649
121094,9014
121106,0
121108,7106
121118,4686
121120,9280
121122,6165
121128,10413
121129,2408
121134,13990
121137,4533
121155,3084
121175,0
121177,4655
121223,0
121228,0
121237,5384
121240,5499
121250,3936
121254,8967
121255,3140
121259,0
121268,2983
121283,0
121305,6306
121337,18343
121338,4609
121346,12751
121347,0
121355,8534
121379,7610
121388,0
121391,7798
121404,0
121407,12042
121412,3953
121421,4307
121422,4707
121429,25769
121435,9168
121436,6500
121442,4776
121445,0
121451,10178
121452,0
121455,4647
121501,7482
121502,6352
121507,4112
121520,5271
121525,4534
121537,0
121541,4457
121544,11164
121553,8590
121557,6156
121565,17156
121572,10328
121582,6413
121591,8593
121592,8271
121609,0
121614,8501
121621,6179
121629,4875
121644,5912
121649,7259
121650,0
121670,3795
121705,5585
121707,2760
121724,6476
121753,7407
121759,0
121760,6106
121765,3923
121766,8813
121767,4866
121776,0
121789,6432
121791,10675
121794,6250
121800,10651
121812,8185
121819,4157
121827,8969
121833,5028
121855,5395
121860,8621
121881,5803
121910,5510
121913,13207
121916,8806
121921,6281
121925,4647
121931,0
121953,4242
121977,5996
121987,9167
121995,5951
122067,8365
122070,7783
122084,4544
122092,0
122105,5335
122127,9164
122132,2341
122146,13841
122147,9857
122150,5221
122153,0
122157,5266
122159,7650
122172,5682
122183,6166
122185,6209
122188,0
122190,0
122211,5678
122216,5969
122219,5995
122223,11265
122231,7831
122239,7917
122260,5411
122286,6002
122292,5865
122294,7743
122312,5277
122319,0
122324,5357
122340,11878
122347,11262
122382,7534
122403,10553
122412,7067
122421,5828
122425,8994
122428,6948
122438,4925
122444,2197
122464,0
122470,8208
122475,5586
122480,7075
122502,6587
122516,8590
122525,8147
122540,6798
122545,5277
122547,5737
122572,8859
122576,9243
122578,0
122580,4687
122584,0
122587,6672
122592,6695
122593,9702
122596,0
122597,8339
122613,9290
122620,12068
122628,5761
122657,0
122664,2716
122691,6480
122713,0
122720,7414
122743,6421
122747,5121
122756,7956
122764,9401
122767,3627
122790,4265
122800,0
122804,8233
122830,4795
122839,0
122841,10019
122858,4196
122860,8364
122861,5230
122865,10645
122871,9236
122900,0
122911,6818
122934,5700
122944,11780
122945,10026
122948,5862
122972,9114
122978,8135
123000,7629
123003,0
123031,6662
123037,5987
123038,9609
123043,4601
123059,17481
123065,12763
123066,0
123071,5384
123072,15041
123085,11257
123093,0
123105,14885
123115,8971
123119,5666
123129,10987
123136,6278
123152,4462
123166,6417
123171,10579
123178,0
123184,3898
123187,9768
123205,7528
123209,0
123211,0
123216,4676
123229,0
123243,0
123259,7343
123264,4163
123273,4230
123281,0
123285,4732
123305,0
123307,9146
123309,0
123314,6905
123318,7645
123332,0
123354,3259
123357,2501
123362,5126
123393,5136
123400,5795
123413,6443
123427,5952
123429,8217
123434,6981
123449,0
123462,5916
123468,3223
123471,0
123505,6945
123532,3452
123534,0
123544,6304
123558,5541
123560,0
123562,5215
123574,4340
123591,7166
123593,8512
123609,7207
123616,4079
123619,2711
123620,5710
123680,7988
123694,4492
123695,4836
123708,7010
123709,9043
123711,7189
123718,0
123721,4798
123722,5513
123748,13072
123761,0
123766,6425
123767,9249
123768,6455
123772,2617
123776,6786
123792,0
123801,6308
123803,8202
123805,4633
123808,5924
123813,4632
123816,4116
123817,4740
123819,0
123839,5774
123842,15343
123844,11801
123845,0
123852,8941
123861,7461
123862,5977
123873,0
123895,7427
123903,8626
123927,7155
123936,11006
123947,7138
123967,8289
123974,3822
123985,0
124000,11006
124008,6133
124011,7258
124013,5951
124019,5287
124020,6358
124042,10317
124064,0
124065,7323
124071,7694
124074,6974
124101,6774
124109,0
124122,8751
124125,4209
124152,10893
124163,7588
124172,5825
124177,5692
124189,4175
124200,9957
124212,0
124238,4587
124242,4718
124243,4623
124251,7929
124254,0
124260,3447
124264,4951
124296,6428
124312,5506
124333,8834
124340,5756
124342,6489
124343,11873
124346,0
124348,16243
124351,6531
124361,8865
124364,6990
124365,4030
124366,9822
124368,6330
124387,6093
124392,8247
124417,0
124427,10929
124463,8883
124473,0
124488,5135
124497,6931
124506,3705
124522,3106
124537,14699
124540,9373
124550,11442
124557,9321
124577,10167
124579,11346
124584,5821
124587,5446
124596,6231
124603,5294
124623,6871
124625,9479
124627,5239
124640,2877
124643,9495
124667,5196
124669,5449
124670,8646
124681,5201
124689,6897
124700,0
124706,9523
124714,7160
124718,7088
124733,0
124738,6792
124744,5483
124745,7941
124766,3936
124793,9276
124800,5253
124805,0
124831,7294
124854,5667
124892,9608
124895,11320
124900,6480
124908,7723
124914,3999
124920,10319
124922,3646
124927,10025
124934,3085
124936,4678
124945,0
124951,11913
124954,6622
124958,11379
124960,0
124962,6078
124964,5853
124971,6327
124977,10983
124979,11939
124989,5186
125009,5643
125012,10779
125036,0
125037,6880
125045,13229
125085,8561
125120,6193
125121,0
125122,7316
125124,11469
125187,4365
125193,12614
125202,27817
125216,7245
125232,0
125242,0
125243,7704
125276,4645
125279,7076
125281,5407
125291,3828
125303,14425
125306,4089
125313,5642
125330,0
125332,5714
125333,0
125344,7836
125347,0
125354,13372
125365,6975
125369,7658
125371,7715
125381,7930
125388,6378
125392,0
125393,0
125398,11572
125409,7279
125419,6994
125422,10534
125428,11274
125433,4080
125434,6775
125445,10006
125448,5459
125449,7750
125450,7604
125454,5363
125456,7535
125472,5362
125473,7216
125480,0
125483,0
125493,3400
125515,5328
125517,5564
125518,7248
125529,6103
125542,6128
125545,0
125561,7108
125573,9270
125596,6388
125597,5797
125602,5565
125607,8859
125615,6291
125627,12119
125633,0
125643,4568
125645,4415
125653,0
125663,4988
125669,0
125674,3574
125690,7163
125691,6302
125701,4263
125704,6759
125706,10336
125707,10523
125712,9975
125722,6036
125739,7597
125745,4226
125750,0
125753,6902
125754,4423
125770,4978
125775,8610
125792,9013
125798,7191
125800,4199
125811,6526
125812,11069
125829,5545
125831,5799
125837,4177
125839,5877
125844,4430
125854,10564
125862,7371
125864,2988
125877,4663
125879,2738
125929,11223
125941,11069
125960,14963
125976,13165
126008,6895
126011,5173
126012,7743
126027,12081
126034,3947
126073,2263
126086,6245
126105,6958
126117,4885
126123,10471
126126,7169
126133,5028
126152,0
126177,5224
126179,8458
126199,10459
126211,5906
126219,5922
126220,7620
126232,0
126246,3677
126251,0
126254,0
126265,0
126266,4176
126267,3156
126287,7512
126294,3918
126301,7891
126312,6957
126322,9544
126328,6907
126337,0
126341,8320
126352,0
126356,3968
126369,14214
126370,6820
126380,5486
126382,0
126389,0
126395,4295
126400,0
126403,10841
126418,10928
126438,5580
126466,5320
126477,9206
126480,4984
126501,4258
126512,7784
126525,5254
126527,6535
126546,5364
126556,0
126567,0
126569,3696
126574,6545
126603,5532
126631,7369
126653,0
126661,8405
126664,0
126675,4243
126678,6690
126682,7165
126718,6548
126729,0
126732,6010
126756,0
126761,6302
126768,7440
126769,5679
126771,7080
126777,5324
126782,0
126789,6099
126791,3570
126794,6498
126818,11072
126828,8232
126834,10598
126837,0
126841,6199
126864,5204
126873,4756
126875,7203
126884,0
126885,9423
126887,7956
126888,7005
126893,12865
126898,5913
126901,4067
126908,8871
126920,5600
126922,9313
126935,4401
126944,8229
126946,0
126981,6538
126983,0
126989,7117
126996,2530
127002,7102
127025,4726
127030,5185
127057,0
127078,7101
127090,2971
127092,5615
127106,11553
127115,7408
127124,5879
127141,2551
127166,5433
127171,5994
127181,5799
127184,6674
127188,7845
127190,7921
127191,5219
127194,0
127200,12104
127212,7864
127216,0
127224,4388
127243,3479
127246,5845
127248,8448
127258,0
127267,0
127273,5657
127287,6797
127293,10494
127294,5996
127330,2505
127345,6396
127371,7341
127377,5240
127382,9787
127390,5259
127396,12317
127400,6249
127407,4960
127410,9323
127422,7211
127439,19958
127450,6237
127460,5179
127470,3076
127476,6481
127477,4752
127486,9676
127490,4285
127506,10844
127512,0
127514,0
127534,7988
127535,4507
127539,6323
127542,0
127545,13763
127552,6289
127564,4381
127600,5537
127612,3188
127638,6950
127641,6909
127642,4688
127653,13731
127681,5389
127688,3941
127691,2262
127693,10010
127695,12707
127697,3642
127721,3157
127722,8520
127724,13683
127738,6431
127746,12322
127751,5959
127754,4067
127763,0
127779,0
127780,4056
127783,5078
127790,6616
127796,6171
127799,5582
127803,0
127805,0
127807,5631
127818,0
127841,0
127849,0
127869,5130
127872,3549
127874,12616
127879,4412
127881,6566
127897,7921
127911,7550
127912,0
127915,0
127937,8113
127960,7800
127978,9848
128006,3835
128066,9527
128076,3293
128087,8526
128089,7841
128105,0
128107,7049
128114,4144
128120,7980
128132,11852
128134,8483
128147,3611
128162,5732
128165,3862
128166,12907
128167,7535
128170,4545
128173,18204
128174,1960
128175,9598
128186,4902
128192,5450
128195,3698
128196,5768
128203,0
128206,6707
128209,12075
128215,5850
128226,7384
128232,0
128236,4955
128237,4941
128275,6222
128287,5728
128292,5508
128297,6467
128302,0
128305,5001
128319,7355
128325,9502
128332,5970
128346,9263
128349,0
128354,0
128355,5294
128357,13967
128369,9920
128373,7253
128399,6244
128415,0
128440,15810
128445,4331
128447,7801
128454,4058
128459,6545
128467,6138
128474,4079
128475,4800
128479,2954
128481,6515
128482,6832
128499,4980
128512,5796
128544,0
128557,8296
128560,6600
128565,0
128570,0
128572,6032
128596,4148
128601,0
128609,6696
128612,9069
128618,5845
128622,9735
128630,4737
128638,8571
128648,11450
128653,0
128672,5529
128673,6094
128676,7835
128692,7484
128702,0
128706,10303
128719,3149
128726,11247
128728,6247
128739,5202
128744,4561
128806,2194
128817,10778
128858,0
128871,9482
128873,6756
128876,7079
128899,0
128906,5040
128908,7404
128909,6391
128920,2138
128921,5333
128922,5331
128935,11555
128942,4829
128945,7267
128950,5418
128952,8098
128959,6836
128963,4611
128967,8934
128971,4614
128990,0
129001,8719
129004,7521
129011,0
129017,7317
129034,6568
129038,3275
129043,4354
129071,5826
129076,8543
129098,0
129102,7205
129111,5628
129120,4146
129135,5873
129163,23145
129205,0
129217,5427
129225,1768
129228,0
129265,1974
129269,5262
129273,5910
129282,0
129304,0
129306,4331
129359,6436
129371,15111
129373,16343
129383,6045
129385,5452
129411,5723
129423,6831
129430,9059
129432,4960
129436,5224
129443,7499
129455,7492
129472,10982
129477,8714
129479,0
129485,5857
129490,7379
129510,9042
129512,10397
129522,0
129534,7919
129542,3709
129544,12661
129545,0
129568,9111
129588,4336
129597,0
129608,5862
129618,7975
129641,8125
129644,6319
129653,5340
129654,6033
129659,6834
129660,0
129662,12567
129673,6054
129676,7709
129677,0
129688,3498
129693,5988
129694,10140
129709,8632
129720,5968
129745,9053
129747,6535
129751,7544
129755,5496
129758,0
129762,4212
129779,5954
129783,4172
129784,5101
129786,9143
129788,7387
129789,4344
129814,0
129827,5673
129846,3896
129852,5543
129855,5750
129868,3551
129880,5084
129882,6694
129888,7432
129890,3100
129906,5286
129915,8255
129917,6064
129932,3864
129936,7496
129944,4741
129955,6346
129975,0
129995,0
130002,4543
130003,4796
130015,9592
130016,4276
130022,12583
130058,3432
130062,0
130065,0
130075,5602
130076,6679
130092,4573
130099,9525
130113,8942
130138,0
130152,5302
130155,5397
130156,0
130166,8358
130179,7942
130192,7019
130193,7738
130194,5295
130197,5682
130213,8941
130218,3716
130224,4816
130228,9305
130235,5028
130242,4007
130254,8740
130273,6094
130278,12516
130291,6059
130294,8785
130304,6865
130307,6417
130310,12125
130323,0
130325,5762
130328,18259
130331,10577
130350,4384
130356,0
130372,8195
130373,0
130400,7157
130412,0
130413,6248
130419,8691
130433,4863
130448,2844
130453,5646
130489,6292
130494,5866
130496,9261
130505,7687
130511,3601
130512,4969
130515,0
130543,7349
130559,6788
130564,0
130568,5789
130569,3102
130571,6148
130582,2821
130608,4498
130614,4699
130623,11232
130632,0
130635,0
130647,4794
130651,5535
130672,8183
130679,0
130691,2884
130695,3286
130704,5497
130717,4701
130719,5159
130720,11598
130725,3943
130768,2685
130780,3463
130782,0
130788,2120
130792,8965
130797,6552
130799,7127
130804,4441
130811,5880
130812,4517
130815,8724
130816,7620
130820,10289
130825,0
130833,7910
130834,6266
130835,19374
130840,4076
130843,3779
130849,0
130856,7338
130868,13108
130873,8050
130879,4195
130881,5635
130900,9024
130905,12003
130932,6950
130948,0
130979,5776
130982,3708
130991,3893
130997,7087
131006,6757
131029,12930
131040,9017
131059,8119
131060,3077
131064,18564
131066,5009
131068,2817
131091,0
131092,6432
131097,6164
131111,5471
131137,5521
131146,6883
131152,5053
131153,0
131154,6320
131159,4380
131161,11697
131163,7297
131178,0
131189,10677
131191,4485
131195,10660
131198,8490
131199,0
131201,8192
131202,4860
131210,9543
131212,3346
131216,8326
131226,7359
131236,1879
131245,5810
131257,0
131258,0
131264,0
131266,4755
131298,7438
131330,5332
131332,4241
131338,0
131340,6003
131367,8153
131387,4296
131393,4183
131402,8882
131403,7324
131440,10420
131460,0
131463,0
131464,7397
131473,5952
131481,11861
131501,5306
131512,0
131516,0
131520,5315
131524,6028
131536,7980
131547,5512
131558,7034
131565,9686
131569,7603
131583,3867
131607,5204
131612,3882
131631,5210
131670,2473
131675,0
131685,7013
131694,13240
131701,10149
131714,7693
131725,2654
131727,8252
131730,6319
131732,0
131745,6536
131781,5451
131806,0
131823,0
131848,7386
131872,3783
131878,7459
131892,4435
131917,5721
131925,4140
131926,23762
131932,0
131943,0
131964,8374
131967,10599
131968,0
131976,6715
131987,10265
131988,8852
132008,4441
132032,6846
132051,10386
132055,9236
132069,9592
132079,9731
132083,7188
132084,10029
132106,3139
132107,9303
132119,6153
132130,0
132131,0
132132,7515
132139,0
132141,0
132142,6632
132148,0
132170,0
132181,3887
132186,20132
132190,14667
132191,11772
132192,0
132196,4815
132236,4095
132249,8422
132250,6864
132253,7733
132261,8467
132264,8367
132267,6247
132269,5884
132278,5902
132315,1661
132318,7572
132331,10511
132335,0
132338,0
132353,5621
132413,4744
132417,5918
132424,6515
132429,8191
132444,12006
132457,7526
132460,3709
132467,14306
132470,9207
132477,4583
132488,5387
132494,5638
132507,3650
132521,6041
132528,5326
132539,7678
132540,9188
132555,8610
132564,0
132568,6668
132591,20528
132609,5217
132613,5442
132623,4833
132629,6204
132630,8432
132634,5697
132638,0
132653,6931
132654,4098
132655,9589
132666,7382
132672,12090
132682,6311
132698,0
132705,6941
132706,4786
132718,4546
132735,3460
132750,5974
132754,0
132757,5050
132758,0
132760,8132
132764,6316
132766,11435
132768,8454
132775,6306
132783,6973
132784,7198
132795,0
132808,8146
132846,4700
132860,4570
132862,7447
132865,2991
132885,5817
132905,6836
132906,14108
132938,12597
132939,8025
132951,4861
132952,5562
132954,0
132971,4900
132977,10989
132989,7429
132997,9487
133000,9616
133002,5023
133026,8710
133068,6142
133070,3712
133073,7525
133088,5143
133089,15362
133106,5826
133119,8592
133127,3857
133137,1373
133146,6986
133147,4741
133149,8609
133154,5379
133161,8893
133165,0
133171,10894
133184,6902
133217,8839
133220,6266
133224,4877
133227,0
133262,0
133265,7351
133274,0
133294,0
133300,8826
133301,0
133339,5022
133340,6285
133341,4745
133353,9512
133359,7703
133361,8371
133382,4767
133400,4907
133423,4278
133434,6642
133437,5205
133482,5349
133485,6150
133490,8463
133494,0
133534,7289
133547,8111
133548,3460
133560,0
133575,0
133591,10535
133597,7966
133626,7370
133636,6332
133651,7376
133657,10634
133658,6423
133662,10510
133663,5330
133677,5072
133689,0
133713,4292
133726,7781
133738,4855
133739,6861
133744,3726
133746,7111
133775,2571
133790,3627
133802,8735
133816,7535
133829,4807
133832,0
133833,8779
133891,7664
133912,12758
133916,8793
133934,8652
133940,0
133942,7959
133945,7635
133990,4675
133999,4454
134006,3821
134023,9840
134026,0
134028,6297
134037,5027
134040,6839
134050,9264
134055,6780
134059,5592
134060,12382
134086,8920
134091,0
134105,6440
134107,3616
134115,8571
134129,5673
134134,0
134138,0
134141,6794
134152,8292
134195,5179
134201,6956
134204,0
134207,0
134244,3636
134258,6763
134276,6751
134278,10041
134291,4805
134297,0
134308,4199
134311,8666
134325,10526
134335,3240
134351,4690
134364,6642
134370,5403
134373,8756
134392,5074
134403,3475
134407,4178
134410,9462
134411,7869
134416,8684
134418,5503
134420,6975
134421,5053
134433,8711
134434,6912
134437,5521
134439,3677
134441,0
134443,4768
134444,0
134457,0
134469,13261
134472,6803
134476,4775
134477,6231
134495,9677
134508,11637
134516,0
134517,4132
134531,0
134538,4315
134541,7990
134552,5468
134563,0
134565,5078
134570,0
134572,2769
134574,6732
134577,12226
134594,4044
134601,0
134611,8666
134616,5143
134632,5543
134638,4565
134639,6021
134649,0
134651,5095
134672,3649
134698,4695
134712,4108
134714,6079
134732,8798
134735,6025
134738,6908
134744,0
134748,7222
134749,3281
134772,0
134774,7705
134782,4749
134806,6322
134828,10693
134831,4971
134846,8152
134848,14501
134852,0
134855,1834
134856,5095
134857,6032
134868,2715
134870,7324
134885,6380
134889,8453
134890,6544
134894,7253
134904,9054
134911,8528
134940,5047
134953,8965
134958,6358
134982,3131
134995,7198
135012,12121
135021,4142
135022,12797
135024,6419
135053,4650
135056,4728
135064,5077
135070,17910
135090,3687
135097,5683
135101,2660
135102,5854
135112,3897
135127,4837
135131,7882
135135,0
135137,2788
135147,5093
135156,6203
135180,4615
135209,0
135210,0
135213,4240
135238,4614
135243,3308
135246,0
135249,10653
135250,5775
135264,4512
135266,0
135285,4060
135292,9769
135293,11105
135294,9723
135296,2674
135302,8340
135306,12003
135307,6915
135308,7313
135356,15454
135360,3571
135363,4428
135369,6817
135377,2708
135383,2187
135387,7215
135389,6455
135400,0
135408,4901
135421,9964
135424,4192
135437,3263
135442,0
135462,6647
135471,13288
135488,5070
135501,4102
135510,6877
135514,0
135520,5072
135533,18712
135542,6914
135546,6486
135561,11688
135567,1849
135615,0
135623,6327
135624,4312
135627,6183
135638,10481
135655,0
135658,12388
135682,6463
135714,0
135728,8422
135736,5487
135744,3204
135757,4566
135777,5389
135778,9317
135815,0
135831,6246
135833,3607
135843,6764
135851,2318
135855,8105
135884,0
135887,5769
135893,0
135898,7014
135901,7946
135914,7624
135917,7599
135920,4929
135935,4670
135965,10505
135996,0
136008,5384
136009,11613
136020,8367
136022,0
136051,7544
136052,3597
136055,7205
136088,5937
136089,8037
136096,3607
136125,9662
136132,7644
136133,5279
136136,0
136149,4116
136154,7239
136162,3717
136203,6012
136210,5764
136264,10889
136265,0
136274,7644
136295,8957
136306,11633
136310,0
136315,4830
136352,7253
136379,6857
136382,8918
136418,0
136427,6906
136444,5166
136446,4535
136468,4345
136504,4452
136510,5347
136512,7145
136517,4855
136518,5652
136520,7299
136532,6917
136548,5734
136550,5100
136554,0
136560,6024
136571,5736
136583,6132
136586,7748
136602,7130
136606,0
136609,4013
136630,5100
136639,8011
136642,6733
136656,4675
136663,5561
136677,8682
136691,0
136697,7735
136702,9509
136703,6025
136719,4919
136726,23179
136740,10520
136742,18982
136744,0
136745,17348
136756,8645
136765,9821
136773,3751
136775,11492
136787,7082
136790,7538
136805,4835
136820,4129
136822,0
136823,0
136869,8003
136871,8600
136872,9674
136873,6392
136886,5829
136895,4969
136905,0
136918,3244
136923,11008
136940,0
136942,5727
136971,6060
136974,8498
136986,0
136993,6687
136994,7537
137001,8610
137014,0
137015,5725
137018,7381
137020,5216
137038,8177
137052,9271
137062,6341
137074,7039
137077,11375
137078,5191
137113,6532
137115,11696
137125,4509
137144,9488
137149,12922
137150,10330
137152,10842
137165,4323
137166,3594
137168,8296
137176,5805
137193,0
137212,3301
137218,7026
137221,5983
137222,4703
137232,8536
137242,4955
137246,1500
137248,23077
137256,5024
137259,2860
137267,4616
137278,13349
137281,5766
137327,5642
137329,4850
137369,5803
137372,7956
137373,0
137375,3572
137390,7671
137395,5565
137408,4736
137409,7832
137411,5275
137413,19465
137415,9533
137442,4438
137469,8220
137471,4428
137472,4521
137475,3554
137484,5579
137490,10525
137503,11602
137532,3746
137541,5902
137544,9996
137545,14191
137554,9513
137556,8072
137560,4317
137582,5632
137588,12019
137597,6450
137605,5768
137609,9836
137614,4360
137619,0
137621,0
137622,5177
137624,0
137627,6004
137634,0
137637,11872
137657,5652
137664,0
137671,11065
137680,4535
137686,12064
137688,8030
137697,0
137699,7467
137701,7927
137710,0
137730,5483
137734,0
137769,3735
137780,7293
137791,5743
137795,0
137830,6109
137835,0
137855,7080
137865,4600
137876,0
137879,7304
137893,0
137912,5049
137926,8303
137929,7463
137937,5611
137940,4228
137949,2561
137964,7665
137977,0
137978,5709
137990,0
137992,8538
138008,3546
138011,5545
138014,0
138025,0
138030,0
138043,2377
138094,8544
138101,0
138112,5315
138125,4142
138132,2270
138139,6515
138147,5608
138154,4049
138165,4543
138167,8533
138170,0
138216,9206
138225,7169
138229,6055
138241,7416
138257,6821
138271,4904
138273,3744
138298,5020
138324,5519
138325,8392
138331,4751
138332,6081
138349,6128
138366,7256
138384,5103
138387,0
138394,8397
138396,4771
138401,9775
138402,0
138403,6868
138430,0
138432,5678
138436,0
138438,5164
138461,5616
138462,7756
138476,5410
138480,4082
138487,6452
138502,4535
138512,9095
138530,5324
138558,5603
138559,5466
138560,8274
138590,7124
138603,6073
138605,9654
138619,7491
138640,6814
138658,11241
138670,9420
138680,3168
138682,0
138693,4676
138713,4822
138729,5953
138736,5239
138738,5282
138746,3439
138751,4170
138767,5660
138782,7666
138793,9161
138816,8098
138822,11597
138829,7236
138841,7788
138845,5902
138847,0
138850,8188
138867,4740
138898,11885
138929,0
138933,7203
138956,0
138957,8978
138958,0
138967,3673
138983,0
138986,0
138989,13265
139008,6136
139016,4959
139034,3360
139036,2897
139047,10314
139063,7951
139069,9825
139085,3478
139089,0
139091,5517
139095,4225
139099,9002
139107,9823
139119,9977
139120,5749
139149,11356
139150,7592
139175,13001
139181,2759
139194,3837
139196,0
139199,6134
139201,4877
139202,4898
139235,5478
139237,10633
139246,6890
139257,8912
139268,13883
139298,8668
139303,6747
139310,6985
139318,7262
139322,4296
139328,6324
139331,0
139333,5088
139334,8432
139347,0
139386,4916
139415,8123
139423,5526
139425,5390
139451,15033
139463,4796
139473,7516
139474,4064
139479,0
139492,2862
139503,2374
139527,8718
139538,6044
139549,4630
139553,5294
139554,5389
139579,7507
139582,5025
139590,8345
139595,4309
139596,9432
139603,5944
139609,0
139628,15759
139635,8101
139648,6966
139652,5664
139661,6338
139665,5932
139670,11590
139671,0
139674,9755
139679,5924
139683,6653
139687,6260
139703,0
139735,6201
139743,8079
139763,8588
139769,7022
139781,11136
139787,6689
139793,8054
139801,5462
139810,6623
139818,4810
139857,0
139874,0
139897,8487
139923,4992
139938,6009
139940,6824
139947,7088
139954,5881
139956,0
139964,0
139967,0
139975,4596
139987,0
139995,2297
139996,9491
140001,6327
140009,6062
140010,10636
140017,4146
140021,7752
140035,0
140037,9913
140056,7686
140060,6535
140111,9911
140112,5606
140113,23892
140122,9900
140143,7339
140148,8599
140156,8241
140165,5210
140167,3789
140174,17568
140178,6791
140209,9820
140221,11645
140241,11421
140243,7698
140246,12083
140264,16558
140290,4611
140293,6104
140312,3565
140317,3929
140326,7878
140329,3592
140345,0
140348,6317
140349,11800
140353,4647
140356,0
140363,0
140368,10036
140379,6429
140389,4897
140394,5304
140404,0
140422,9282
140423,9910
140428,12698
140438,4454
140452,0
140484,8052
140497,7050
140501,0
140504,5690
140507,0
140539,7375
140558,2921
140559,5412
140563,0
140564,3924
140571,6098
140575,5565
140578,0
140609,5090
140613,7803
140616,4641
140624,6304
140625,4463
140638,0
140646,3717
140666,10081
140685,0
140709,6400
140712,6779
140718,0
140730,6221
140735,0
140756,5583
140758,4956
140801,8531
140802,9288
140823,6809
140829,10636
140833,4834
140839,5690
140848,5782
140884,6674
140885,5079
140893,4927
140897,4757
140898,4378
140899,8967
140909,8989
140910,3374
140923,7115
140937,6203
140940,2812
140947,4505
140952,0
141011,4106
141046,4975
141058,4466
141081,4612
141097,5630
141098,5743
141101,7141
141115,5741
141122,0
141127,6564
141131,6297
141135,0
141173,7082
141186,5457
141193,5708
141195,2878
141217,10449
141229,15269
141232,11342
141242,5239
141244,5087
141248,7128
141258,6840
141261,0
141269,4071
141283,5236
141291,8134
141299,0
141308,5273
141326,5577
141332,11558
141341,8375
141348,6291
141349,9719
141358,3747
141359,0
141380,12840
141384,4717
141387,12313
141396,6446
141408,8223
141417,5825
141428,8063
141458,9197
141467,5459
141473,0
141478,5020
141487,10335
141491,0
141505,6562
141512,10986
141513,5823
141534,7895
141543,0
141580,10908
141586,4591
141587,6622
141612,18679
141633,4801
141640,9838
141642,5951
141660,0
141673,0
141676,4875
141700,6556
141704,5237
141713,6105
141720,7408
141724,5458
141725,3860
141741,11808
141754,7588
141767,8368
141780,4711
141788,9370
141789,7050
141807,0
141835,4182
141837,8954
141843,5502
141845,5715
141860,8527
141883,5096
141885,6400
141888,5704
141891,6602
141896,4820
141900,6620
141903,0
141904,5068
141905,4836
141923,0
141936,5649
141939,4535
141944,5017
141952,6586
141955,3056
141967,8395
141974,9943
141976,7971
141991,6731
142007,0
142035,6439
142040,9084
142056,0
142067,3878
142071,8334
142075,8007
142077,6917
142088,7578
142101,0
142125,6596
142138,4848
142150,9262
142153,8667
142178,0
142190,0
142199,0
142204,6730
142207,4907
142210,5217
142223,6339
142227,14819
142254,13805
142257,17176
142261,5342
142276,6144
142292,0
142300,0
142315,7156
142324,3844
142327,7120
142343,3868
142352,0
142367,3546
142370,4918
142387,0
142393,0
142397,0
142404,4488
142421,6727
142424,0
142429,0
142457,4737
142464,4901
142465,4807
142466,0
142479,6828
142484,0
142492,3061
142514,5707
142520,8236
142543,6595
142547,3815
142551,0
142553,0
142555,7523
142571,0
142572,6089
142573,7598
142580,4848
142581,5728
142582,8703
142595,5907
142603,6524
142605,6186
142631,0
142634,8336
142647,1665
142653,0
142669,5531
142721,5508
142729,0
142730,6141
142735,8739
142748,4496
142753,3564
142763,12935
142777,4548
142803,5788
142821,0
142826,3637
142835,7499
142847,0
142850,3782
142856,4295
142857,5757
142860,6129
142865,3849
142911,8279
142912,6831
142917,4487
142933,1356
142953,8497
142954,3514
142974,4626
142976,7794
142982,7422
142983,5905
142986,14915
142988,6741
142992,11357
142998,10849
143000,4642
143001,5960
143005,8134
143030,6943
143038,6960
143064,0
143065,6288
143067,17331
143072,4552
143079,0
143087,6300
143088,0
143107,4983
143118,5939
143125,6986
143140,4704
143145,3874
143157,10408
143181,10394
143190,5331
143203,6099
143214,8298
143224,2606
143250,0
143253,6757
143283,8968
143284,4383
143286,0
143289,0
143299,0
143304,6446
143310,0
143315,2014
143321,4405
143324,3808
143332,11565
143341,2782
143349,6624
143351,4043
143354,5571
143355,13394
143362,0
143369,9387
143372,3713
143387,5449
143392,5222
143401,4731
143402,2045
143414,7817
143451,7477
143454,0
143468,4917
143481,5079
143501,6742
143509,19745
143523,14198
143533,4845
143551,5120
143560,6495
143569,0
143600,5991
143602,6916
143613,5994
143634,5296
143644,5880
143648,7147
143657,6162
143667,9707
143672,14093
143674,5936
143681,0
143686,3627
143706,5783
143719,8027
143727,7634
143736,0
143739,0
143742,0
143754,15072
143757,4472
143764,5659
143765,13716
143784,7535
143785,2441
143813,3877
143818,4640
143832,6175
143840,6339
143852,4762
143856,7537
143870,8297
143889,7447
143908,4680
143919,0
143920,6601
143930,0
143934,7351
143938,0
143950,10516
143969,8480
143980,6519
143988,6164
143993,8355
144005,0
144010,4554
144032,6665
144036,10543
144041,8713
144049,9206
144057,5133
144078,4804
144079,11329
144084,6403
144093,7382
144121,6424
144126,7134
144129,4095
144158,0
144175,4896
144184,5860
144206,6735
144218,3920
144224,8840
144263,8186
144266,4717
144268,15318
144276,0
144279,7811
144287,5128
144302,4762
144320,5570
144330,0
144333,9386
144335,2007
144407,8065
144410,6628
144439,8385
144463,0
144469,0
144474,4173
144475,5433
144484,4405
144489,3386
144493,5525
144547,6832
144560,6276
144561,5124
144569,5350
144573,4747
144575,5691
144577,15258
144586,14501
144608,10647
144614,7243
144624,4219
144640,5549
144645,4680
144658,6057
144670,6923
144687,4875
144721,11567
144741,0
144746,4671
144747,0
144749,7366
144769,8388
144786,0
144803,7800
144813,10904
144818,5231
144820,8308
144821,6876
144824,0
144836,8219
144839,5067
144841,6802
144859,5111
144867,0
144872,3191
144898,0
144933,6559
144937,0
144942,5817
144958,4685
144965,12787
144975,9343
144976,0
144989,5929
144991,5583
144997,0
144999,7327
145001,6344
145008,0
145015,7694
145022,6976
145034,0
145037,0
145046,7229
145051,7769
145053,0
145055,6209
145077,7344
145081,0
145104,0
145139,12754
145146,10086
145166,5543
145167,5404
145173,5577
145188,0
145196,9739
145199,7782
145212,8989
145224,7632
145230,7057
145239,8647
145242,9727
145244,4475
145295,0
145305,7382
145308,9138
145309,0
145315,4902
145320,0
145321,5424
145325,8423
145332,5281
145338,2496
145362,7751
145363,6292
145372,0
145384,14291
145401,9500
145403,3606
145415,11008
145428,11482
145447,0
145453,7569
145459,5704
145472,6637
145484,5819
145489,8255
145490,5689
145496,9301
145507,0
145511,3902
145512,17333
145526,19711
145531,9923
145532,4727
145538,3806
145549,0
145556,0
145562,9510
145566,12747
145577,5886
145595,8705
145596,7537
145605,5709
145608,3570
145610,3954
145619,0
145622,4365
145628,6596
145630,6820
145661,0
145672,13372
145682,0
145684,5666
145687,7395
145701,9205
145708,7606
145713,6165
145730,5484
145731,5473
145734,6994
145741,6636
145755,3964
145768,5141
145773,15581
145776,0
145798,6599
145806,8399
145825,11610
145828,9605
145841,4406
145842,6293
145852,9451
145861,7017
145877,7197
145882,8149
145883,7898
145922,11725
145923,4845
145926,3797
145937,9070
145950,0
145952,0
145955,6235
145968,5174
145970,8746
145976,5736
145986,7933
145988,6181
145999,8265
146009,8476
146028,7292
146045,1924
146053,9628
146069,7824
146071,0
146085,7186
146097,6590
146113,7360
146126,3330
146132,3772
146142,6889
146155,5483
146163,2420
146182,0
146227,0
146243,12495
146258,0
146264,20410
146286,5382
146295,0
146302,3413
146303,2410
146335,6535
146341,6155
146359,0
146380,6722
146382,12334
146411,0
146412,4859
146419,3803
146432,9403
146433,6816
146439,0
146444,7846
146447,0
146452,4937
146469,0
146489,6731
146493,6117
146497,3834
146500,6361
146511,7506
146515,5160
146544,0
146546,6615
146557,0
146562,6896
146568,8574
146572,4795
146573,4831
146575,7373
146576,6116
146578,4892
146580,0
146581,7530
146589,12713
146605,8074
146606,8008
146608,3776
146616,0
146623,5768
146635,5307
146644,7451
146646,0
146651,0
146666,0
146676,9308
146687,7570
146709,3439
146713,3880
146750,8509
146751,6244
146758,7142
146784,0
146797,8165
146810,3673
146825,0
146829,0
146830,7813
146843,12561
146850,5885
146854,6466
146856,6398
146884,8688
146904,11278
146905,9538
146914,9301
146924,8192
146933,2632
146935,6650
146939,4565
146949,12997
146950,6013
146987,2790
146994,7737
147009,8937
147018,6392
147021,0
147024,12714
147030,7357
147031,9537
147072,6737
147077,4913
147081,7448
147112,0
147122,2087
147129,8062
147134,0
147154,6199
147156,7766
147157,7481
147164,4863
147169,4821
147170,8166
147173,4807
147179,6768
147182,6777
147184,10389
147193,5837
147195,0
147199,0
147205,5189
147228,5435
147239,5459
147257,8327
147269,7962
147279,3780
147289,7763
147290,0
147292,10773
147296,10981
147297,8932
147315,0
147331,5975
147338,5984
147340,6298
147349,0
147357,4688
147361,4737
147371,8073
147373,7512
147374,0
147396,6152
147412,6719
147419,0
147430,5608
147445,0
147449,6858
147452,8163
147454,5243
147455,15218
147471,0
147474,4285
147484,0
147497,6528
147518,5632
147530,9799
147532,9250
147539,17367
147540,3370
147543,19627
147544,0
147550,4722
147554,5704
147556,5493
147567,7557
147579,0
147609,3779
147629,4015
147632,7222
147638,24881
147639,0
147642,4336
147649,12596
147664,5431
147669,0
147679,5947
147722,10138
147727,8478
147730,5400
147733,0
147735,6514
147738,6450
147741,0
147743,6803
147752,8036
147777,5148
147780,6079
147783,10047
147798,10585
147807,0
147815,3658
147823,8238
147847,3309
147861,6211
147871,9774
147880,2386
147890,4876
147893,0
147903,6099
147926,8512
147944,3919
147951,0
147963,19702
147974,24450
147996,5617
148005,0
148006,9392
148018,0
148022,12546
148028,8157
148046,6997
148053,0
148074,8139
148117,4653
148124,8053
148132,6547
148143,0
148149,6608
148150,4873
148155,6501
148179,0
148187,0
148198,19187
148222,0
148232,8495
148235,0
148246,3847
148248,9436
148253,4338
148288,8028
148289,0
148294,5486
148308,8439
148312,10883
148313,6166
148318,13000
148319,7101
148339,5975
148341,5304
148353,0
148357,9925
148381,6678
148383,5430
148419,4667
148422,6023
148444,5287
148468,13388
148474,4250
148478,6254
148484,4452
148492,6616
148494,7987
148498,5208
148523,0
148554,6465
148557,6732
148563,0
148574,5660
148593,7610
148617,0
148624,6200
148628,3643
148629,5000
148637,8435
148641,8271
148645,4223
148650,6619
148662,5019
148682,8519
148692,11830
148706,0
148709,8343
148746,8936
148749,9612
148750,20325
148780,7075
148806,0
148807,6772
148809,6896
148812,9916
148824,13185
148833,5092
148834,8061
148837,9004
148842,4163
148861,11072
148865,6288
148869,9956
148873,5342
148878,0
148890,4320
148899,2366
148905,8117
148919,6915
148926,0
148931,7621
148942,10391
148954,7894
148967,0
148974,23698
148983,10418
148997,0
149001,11722
149006,5232
149024,0
149028,6920
149046,5673
149049,6392
149071,0
149077,5040
149081,6727
149082,4396
149097,9109
149106,0
149118,5468
149120,7271
149127,5271
149133,5048
149134,4064
149142,3131
149160,7392
149161,14132
149174,5049
149177,6150
149180,11031
149234,3940
149247,5418
149257,5661
149276,10367
149285,4523
149288,7905
149297,4499
149306,8043
149311,8835
149318,2579
149320,6196
149324,8358
149327,0
149346,4475
149363,5766
149369,10116
149394,6214
149403,0
149407,5533
149413,9208
149417,5005
149419,0
149426,3608
149439,7596
149467,6253
149469,0
149479,6830
149485,4621
149538,9410
149557,7239
149565,9693
149566,0
149572,7187
149583,5619
149597,9695
149599,6074
149605,4415
149609,0
149628,8233
149634,7972
149636,7904
149640,6470
149646,11438
149657,5818
149667,7066
149668,7116
149669,3166
149694,4364
149727,4120
149730,6228
149736,0
149739,0
149745,1779
149762,5428
149766,4853
149778,3565
149784,14213
149811,7296
149825,0
149829,8152
149837,4705
149846,0
149847,5303
149855,21424
149878,4878
149887,6013
149891,13269
149899,7982
149934,11121
149947,7414
149950,5920
149969,4476
149980,6713
150001,7303
150021,8484
150024,9341
150029,7324
150034,8195
150040,8931
150043,3542
150055,0
150059,6813
150079,3371
150091,3261
150099,10144
150107,2570
150131,4276
150133,4916
150141,5491
150159,4865
150163,7748
150175,6367
150179,8045
150184,5685
150190,4068
150204,8183
150207,5989
150217,10609
150228,5845
150229,5864
150233,9229
150244,8346
150262,3891
150274,2719
150287,3440
150308,0
150339,9924
150349,3545
150362,7334
150371,6683
150373,0
150374,0
150381,4641
150393,16931
150399,0
150401,6888
150402,9107
150403,5575
150414,0
150444,4982
150445,4315
150448,7550
150451,0
150458,0
150460,9405
150471,5484
150490,0
150493,11940
150507,6912
150517,2860
150519,0
150520,7938
150532,6055
150533,5061
150546,8786
150553,5281
150559,8204
150565,4366
150599,0
150610,6453
150634,4874
150636,7825
150655,5801
150656,4170
150659,7306
150664,3037
150671,3890
150673,5452
150681,11607
150688,8154
150697,9820
150719,8912
150741,7956
150743,6275
150748,3411
150754,0
150759,12544
150763,0
150784,6627
150799,6598
150801,7498
150805,10080
150817,0
150834,6155
150838,6779
150850,6583
150856,6556
150858,0
150867,6325
150888,15915
150948,3778
150959,6473
150965,4968
150969,10553
150978,4593
150984,0
150986,5117
150997,2460
150999,1663
151003,5421
151014,9369
151016,0
151046,0
151071,6526
151089,3767
151116,4944
151139,4794
151143,4938
151145,5737
151161,3844
151169,0
151174,8341
151183,9278
151190,2796
151191,5160
151200,6817
151206,4444
151249,5559
151260,10596
151265,11673
151268,6175
151271,4884
151310,6604
151314,5563
151324,3106
151328,8068
151332,6791
151339,0
151343,6540
151353,4954
151400,5508
151408,7869
151413,0
151417,7769
151420,6809
151450,0
151454,6334
151467,4153
151486,4843
151489,0
151490,6643
151491,8950
151502,6081
151506,0
151508,0
151509,5584
151517,10813
151519,6804
151532,4345
151533,9405
151537,3864
151546,8441
151551,5104
151557,0
151559,0
151562,4381
151576,4955
151590,6276
151625,7353
151630,4626
151633,5476
151636,0
151652,2515
151656,12638
151658,7039
151675,4109
151685,8676
151711,3673
151729,5315
151746,6478
151757,10615
151778,4370
151783,11798
151784,8973
151794,5630
151798,3411
151799,0
151804,5032
151808,5112
151819,5934
151830,0
151834,0
151837,7255
151844,7082
151847,7379
151851,5864
151863,5250
151866,5092
151902,7843
151904,6859
151905,4337
151911,6616
151915,0
151916,5719
151940,8165
151949,7930
151956,0
151958,10172
151965,9342
151987,0
151992,0
152045,7614
152052,9595
152062,5279
152066,4678
152082,0
152086,7354
152098,10014
152104,0
152105,4060
152115,6016
152121,0
152122,6690
152127,7322
152128,0
152134,6189
152142,9796
152143,0
152152,3834
152168,0
152201,9955
152203,4696
152210,5889
152215,4375
152254,2263
152263,6580
152272,7566
152274,3030
152305,6659
152306,6030
152312,5936
152323,7685
152327,5371
152332,5025
152341,5447
152342,11472
152366,0
152381,7463
152383,6961
152386,0
152396,4259
152404,5460
152411,14033
152412,9135
152413,10184
152441,5445
152447,5377
152461,6437
152467,4376
152489,0
152506,5890
152530,6979
152544,12086
152547,9711
152553,9551
152556,0
152562,5029
152563,14365
152568,6602
152570,4880
152614,3893
152617,7962
152633,8244
152646,5473
152665,8673
152685,5484
152713,12600
152714,5184
152720,9665
152737,20056
152761,7143
152779,11844
152789,12258
152809,0
152824,14119
152825,5238
152829,8572
152831,7269
152840,5491
152843,9808
152845,4137
152866,3494
152869,0
152883,0
152900,0
152910,20464
152920,7468
152923,4654
152924,0
152925,6278
152931,10142
152945,0
152948,6541
152950,13147
152962,6041
152965,0
152968,8293
152970,5596
152976,3554
152979,0
152999,0
153055,19962
153056,6593
153074,7348
153086,9758
153097,8627
153113,0
153114,4360
153123,0
153127,5921
153131,9966
153132,1301
153139,7097
153141,0
153144,5113
153147,4638
153166,7779
153189,7749
153193,7907
153194,0
153196,5123
153209,0
153211,0
153246,6728
153262,4872
153266,4749
153269,7244
153271,0
153290,0
153293,6649
153310,7285
153316,5592
153320,9321
153322,7645
153323,9389
153342,3798
153343,5994
153368,0
153374,0
153412,6349
153418,5065
153427,5032
153432,7660
153440,6489
153441,5376
153457,6807
153473,4730
153502,5501
153524,3770
153565,4528
153578,6426
153585,6798
153592,5593
153611,7249
153624,2747
153630,5517
153632,4564
153640,6686
153648,5153
153649,4489
153652,9532
153658,6063
153678,5311
153695,4095
153719,0
153725,8062
153736,0
153741,2977
153754,7745
153759,8713
153790,0
153801,4324
153805,5021
153813,8593
153826,9749
153832,8464
153833,5502
153859,7875
153869,1928
153896,5579
153930,9397
153932,5588
153934,4710
153948,0
153961,16132
153973,8603
153975,4703
153987,5172
154017,7541
154032,0
154045,0
154046,5571
154047,0
154058,6188
154061,5515
154064,0
154065,0
154083,6268
154110,8779
154111,3959
154113,8122
154120,11702
154128,6454
154129,8944
154143,5022
154148,0
154150,6953
154153,8329
154159,9998
154176,6868
154177,8321
154180,3561
154192,7634
154195,12667
154210,10434
154213,6512
154219,5265
154241,8159
154261,0
154263,0
154264,3688
154272,4980
154274,5972
154287,10099
154304,6699
154309,4865
154333,8508
154338,0
154382,5197
154383,10010
154406,6866
154412,6704
154419,6261
154422,10045
154424,0
154429,4549
154442,11847
154452,4013
154455,0
154460,0
154467,7360
154471,0
154510,5365
154513,0
154518,3940
154521,9430
154528,6172
154538,0
154546,4860
154551,8056
154577,6875
154590,3290
154599,8757
154607,6507
154622,5172
154634,10592
154645,9716
154648,5086
154663,15609
154668,0
154698,5982
154701,0
154703,5162
154705,8082
154716,6106
154719,4606
154721,0
154737,3875
154759,8884
154764,0
154775,8114
154789,3213
154792,7156
154802,0
154806,3467
154810,3259
154822,4339
154834,6955
154845,9006
154847,2890
154883,9931
154891,0
154897,7129
154907,4528
154911,4558
154924,5764
154925,4685
154949,6749
154950,0
154961,3708
154964,0
154971,4658
154976,4368
154990,6367
154994,6338
155010,0
155019,6816
155027,9535
155031,4169
155043,7953
155058,4851
155067,9243
155085,0
155090,4688
155096,4200
155100,7070
155122,5496
155125,7761
155127,0
155130,4595
155138,4291
155156,3116
155158,6106
155166,0
155167,10018
155168,5621
155182,6934
155184,8403
155188,0
155197,0
155207,11780
155238,13587
155247,5406
155248,6085
155250,6365
155276,6094
155280,4453
155281,3528
155332,2390
155335,7731
155338,6765
155339,5301
155345,7452
155356,5582
155372,7522
155374,4317
155380,16544
155385,5536
155390,0
155413,0
155430,4555
155435,8735
155437,3460
155443,0
155453,6855
155454,0
155456,7992
155461,7730
155466,7056
155477,11877
155493,10393
155512,0
155541,4852
155549,4541
155561,9030
155572,7237
155581,6875
155584,6625
155587,7576
155589,7591
155594,4256
155595,4895
155604,4320
155615,7935
155617,10582
155641,6299
155644,7659
155647,0
155648,4972
155652,1209
155659,12576
155662,0
155689,10315
155693,6536
155712,2413
155718,6963
155723,4099
155737,9818
155749,8218
155767,2952
155770,14610
155773,3648
155786,4859
155789,16156
155816,9563
155819,6497
155827,6187
155829,7948
155835,4361
155836,6011
155838,4603
155845,3650
155849,3913
155866,10719
155869,6656
155876,4212
155885,10510
155894,5156
155927,6285
155932,0
155937,0
155961,6982
155983,0
155986,17140
155989,6080
155992,0
155996,6510
156002,5903
156004,5098
156012,0
156025,13303
156049,5744
156050,0
156058,6839
156086,3522
156088,3877
156096,6326
156098,5046
156106,9326
156115,8737
156128,5832
156133,4724
156149,4597
156151,11442
156207,10482
156213,0
156214,4831
156216,0
156229,0
156252,7150
156256,3908
156271,5690
156311,3803
156314,0
156321,9491
156355,6834
156357,5755
156358,9317
156359,3972
156360,6802
156362,6181
156394,6293
156402,5135
156421,0
156429,0
156431,6870
156442,6816
156443,6629
156455,8883
156468,3565
156475,7055
156480,6963
156498,2285
156503,4638
156507,9704
156510,6031
156541,6634
156566,0
156570,6963
156573,0
156578,0
156590,5568
156599,6668
156603,3807
156612,5519
156618,5258
156619,4408
156627,4294
156628,4300
156647,7667
156653,4816
156681,0
156694,7779
156701,0
156709,6973
156723,9790
156754,6496
156755,3630
156756,4862
156762,7063
156785,5576
156787,5285
156788,4436
156798,0
156800,5789
156833,5420
156850,0
156851,0
156867,0
156869,0
156872,0
156887,14215
156904,6283
156905,12781
156907,8802
156910,5471
156913,4609
156920,11073
156923,5892
156924,5344
156925,4255
156927,6163
156935,0
156952,5630
156990,0
156991,10910
156993,7473
156999,5321
157003,0
157033,7677
157035,8603
157050,10146
157056,10187
157063,0
157076,7220
157082,4264
157087,13384
157090,0
157097,0
157104,6991
157112,4959
157121,7133
157124,0
157145,0
157153,9670
157155,2645
157165,6018
157167,11800
157170,4991
157174,8263
157175,3545
157186,8197
157187,4641
157196,5708
157197,5142
157205,7781
157209,9838
157220,8017
157222,7537
157226,5993
157236,6045
157239,11163
157242,6233
157267,5836
157270,0
157272,0
157290,6480
157291,18338
157304,0
157305,6639
157340,6135
157349,0
157356,4868
157357,4870
157360,0
157370,8190
157382,7054
157405,5757
157413,8438
157414,8250
157449,7372
157457,4380
157463,0
157480,8783
157495,0
157533,6358
157537,6758
157557,5694
157566,6067
157567,4785
157572,8325
157583,0
157592,6781
157611,0
157621,4701
157635,4136
157663,0
157676,0
157678,10737
157679,6454
157684,8982
157703,3648
157707,5721
157728,4778
157733,9302
157738,6741
157741,5023
157780,0
157782,0
157791,6045
157805,0
157806,5877
157807,6168
157823,12367
157832,8524
157844,0
157846,4315
157848,5311
157852,7376
157859,5409
157871,8730
157873,0
157877,3109
157893,3934
157917,7548
157933,5652
157934,0
157939,8299
157943,0
157949,7441
157962,1643
157978,5800
157981,3877
157994,9029
158013,3903
158016,7828
158034,4107
158044,6664
158064,9555
158078,6114
158089,5040
158094,6263
158103,6177
158108,0
158111,6907
158113,6515
158117,5851
158119,7996
158124,8073
158153,5729
158176,4802
158186,0
158202,4088
158203,10194
158215,9261
158220,1307
158232,8359
158238,0
158254,8765
158290,2998
158296,5173
158298,6559
158301,13093
158310,0
158336,2472
158339,7368
158347,0
158349,9430
158354,6214
158356,0
158366,9962
158372,6064
158377,6882
158384,8717
158400,7987
158401,9517
158406,10024
158413,4234
158422,9461
158434,0
158459,8944
158481,0
158485,7510
158491,0
158500,12849
158501,18055
158513,4679
158518,5920
158521,7382
158523,10200
158525,0
158548,6739
158552,6137
158580,6433
158593,9055
158594,7936
158610,7017
158623,4455
158630,20221
158648,2668
158680,4124
158683,5011
158687,0
158708,0
158739,6597
158742,4043
158746,7364
158747,9823
158759,5667
158760,0
158773,9666
158788,3755
158803,9416
158834,0
158845,7569
158850,6922
158865,6586
158867,0
158875,0
158896,9875
158897,3500
158928,7216
158935,6848
158940,0
158955,3925
158985,15032
158987,3249
158998,0
159015,12564
159025,4393
159026,7411
159041,4926
159046,12902
159049,6134
159081,4847
159091,0
159101,0
159106,15114
159115,6012
159140,4596
159144,7698
159149,6786
159160,8397
159167,0
159186,0
159188,5830
159196,2492
159198,6206
159204,3982
159220,3146
159242,7712
159250,9091
159272,11355
159276,5145
159290,4238
159291,8210
159310,3345
159320,8357
159328,8850
159333,7217
159337,6681
159346,6079
159358,4201
159386,3537
159417,0
159432,9210
159459,8759
159490,6365
159492,7260
159495,7950
159504,7423
159520,8045
159566,8275
159573,4975
159580,5767
159585,4045
159596,3147
159598,27128
159613,6119
159623,4958
159624,4051
159628,10101
159639,7395
159641,3945
159644,5464
159648,6391
159659,5639
159667,8552
159678,10566
159680,7677
159701,5346
159716,0
159719,0
159726,8989
159727,4635
159731,7917
159732,9140
159735,10705
159746,5342
159749,13037
159758,2720
159769,0
159771,11401
159792,8027
159796,9405
159806,3916
159810,0
159816,2532
159817,7300
159824,9861
159833,4615
159841,9277
159844,10813
159862,12322
159865,8701
159881,5708
159901,0
159905,0
159906,7440
159916,5329
159931,3852
159943,7602
159948,5784
159962,9479
159967,8883
159981,6471
160025,0
160036,4395
160048,5771
160066,27655
160070,4316
160074,10051
160078,9118
160093,0
160107,3522
160108,8442
160119,9672
160121,7765
160130,0
160146,6367
160152,4744
160168,14604
160181,7116
160194,5935
160210,11308
160215,14375
160233,5755
160243,6414
160265,0
160268,4788
160270,3648
160272,2977
160276,6972
160278,5770
160282,6276
160283,0
160290,8539
160301,6050
160305,4832
160314,0
160318,4408
160320,14909
160324,5987
160327,7750
160330,3073
160350,0
160351,5439
160352,0
160355,7796
160356,0
160358,10440
160372,4221
160388,7991
160396,0
160413,4270
160429,4575
160454,0
160455,0
160470,4546
160487,0
160496,7192
160503,10347
160510,7676
160518,6524
160520,5137
160529,5936
160535,6506
160536,7489
160555,6022
160559,8672
160561,6610
160582,5318
160589,8528
160604,9371
160613,7506
160621,0
160639,4128
160645,8324
160665,8372
160677,7072
160679,0
160680,7030
160683,8566
160685,9408
160691,7415
160736,0
160755,4685
160756,18934
160766,3958
160795,6561
160801,0
160804,4422
160828,0
160861,7806
160862,6630
160869,6910
160872,5552
160906,7410
160909,5808
160919,4420
160949,7472
160954,6925
160955,4815
160964,5621
160972,7875
160984,3437
160985,10712
160986,0
161030,8340
161033,0
161045,8168
161054,7741
161058,7011
161063,13375
161073,4059
161095,6088
161105,4910
161132,5754
161134,8975
161138,11766
161158,22110
161162,0
161163,3769
161174,5317
161188,6348
161224,9470
161229,5790
161231,8537
161233,17513
161234,7202
161246,5344
161247,0
161249,6925
161255,5943
161274,10971
161285,5536
161289,0
161307,4226
161310,6914
161318,9994
161346,5334
161348,4439
161349,12231
161352,0
161361,0
161363,7238
161366,4888
161392,7211
161393,6630
161402,7451
161405,3479
161409,0
161410,5146
161411,8661
161419,7712
161421,4631
161430,5137
161443,7482
161445,0
161446,5363
161447,9094
161451,0
161459,0
161466,4613
161471,6180
161476,5683
161490,8457
161492,5284
161497,0
161506,0
161509,6793
161513,8658
161527,5250
161529,5813
161533,5016
161537,0
161547,5273
161550,0
161561,0
161573,0
161601,0
161604,6442
161613,6418
161623,16464
161636,7403
161653,3956
161662,8180
161676,10209
161694,6297
161710,0
161720,7103
161736,0
161752,4077
161762,16149
161776,11467
161778,4811
161780,7196
161787,7104
161789,7980
161795,4496
161836,3994
161879,2742
161883,8265
161894,6008
161916,5687
161923,6733
161941,5959
161950,6585
161954,3986
161964,4617
161972,16499
161980,8151
161982,7006
161996,5790
162004,0
162007,7087
162028,7666
162037,7497
162038,0
162041,6704
162055,0
162065,6636
162076,4694
162090,6061
162095,7457
162113,8498
162116,0
162125,7655
162134,16825
162135,5028
162140,6885
162149,9057
162150,2248
162154,2980
162162,6139
162179,0
162184,6482
162197,0
162201,6019
162214,9111
162234,7015
162242,1673
162244,5612
162245,5842
162259,7367
162261,5101
162278,7642
162279,6563
162282,8144
162291,4558
162296,7542
162304,6464
162315,13757
162318,6035
162320,4036
162330,7794
162332,5053
162349,16135
162351,4512
162372,6792
162374,7578
162403,0
162414,0
162416,5220
162417,6361
162435,6911
162440,0
162442,6753
162446,5358
162447,4429
162449,4484
162450,12819
162456,5466
162459,4351
162460,0
162473,7653
162475,8851
162476,3651
162480,5794
162495,6244
162512,11103
162542,4762
162543,6102
162578,5776
162580,0
162581,10683
162623,8430
162629,5746
162632,0
162642,0
162658,9294
162666,6358
162681,9265
162687,4959
162689,8460
162698,9581
162699,6956
162710,0
162713,2513
162730,5140
162758,0
162775,11557
162811,0
162814,5922
162846,5731
162847,0
162855,9043
162856,5687
162866,0
162868,8397
162921,0
162922,4766
162929,3965
162930,2077
162933,8806
162969,4970
162977,7389
162984,5009
162991,0
162997,4941
163002,5168
163016,11878
163017,13555
163022,2079
163029,3877
163032,7537
163036,4434
163041,6653
163058,9203
163083,0
163084,0
163085,5800
163103,0
163113,9562
163119,6783
163124,0
163129,18197
163137,4278
163142,8136
163144,6834
163170,5959
163206,6471
163219,4865
163237,8463
163253,15279
163254,9540
163257,6767
163271,5842
163275,5608
163286,4864
163313,2624
163314,8951
163317,9583
163334,4400
163356,4035
163376,7476
163377,5034
163379,7474
163383,8274
163386,8707
163387,0
163415,5472
163418,0
163459,6537
163468,9090
163482,13049
163487,4455
163495,17824
163514,3678
163516,0
163518,4992
163525,7419
163548,9804
163554,5388
163557,4818
163560,7416
163562,5026
163576,0
163579,7951
163582,5159
163597,4444
163619,9491
163624,4840
163643,7648
163660,7315
163663,6797
163669,4931
163702,7372
163721,5825
163732,7344
163737,4474
163740,5300
163746,4232
163749,12609
163757,14097
163762,5969
163765,0
163773,8436
163791,0
163793,5416
163815,5719
163816,9250
163835,4355
163838,10156
163855,7413
163856,9151
163859,7605
163874,5226
163882,7387
163885,15869
163890,10249
163899,6595
163908,6711
163943,9596
163958,0
163963,6333
163965,8428
163968,12188
163976,5557
163981,5828
163993,7872
163995,0
164025,3398
164030,7652
164032,7150
164035,6197
164063,4442
164066,3999
164105,11962
164115,4204
164126,3686
164129,4925
164132,4373
164140,5937
164147,0
164149,0
164156,5633
164174,8184
164181,6079
164200,11158
164212,7309
164225,0
164236,0
164238,6598
164310,5053
164315,16520
164367,7530
164375,4829
164395,5108
164410,4861
164411,4926
164419,6018
164420,5846
164428,5866
164433,11214
164449,0
164474,14649
164483,15733
164484,4193
164491,8131
164496,7385
164522,0
164531,7474
164534,11886
164541,9728
164568,5555
164583,10084
164585,9683
164587,4442
164595,8375
164596,7109
164606,5738
164608,0
164620,7081
164628,6884
164646,5890
164647,6197
164680,6746
164696,5401
164697,11398
164704,6161
164705,9851
164709,5186
164717,9988
164732,6226
164744,0
164754,6243
164756,0
164775,6815
164777,6537
164781,5005
164801,0
164814,0
164815,7968
164828,0
164835,10563
164845,12167
164853,4094
164886,5926
164887,0
164900,6494
164907,0
164909,7229
164915,4336
164957,8751
165006,0
165019,6191
165023,4580
165026,10015
165037,0
165038,10927
165054,0
165066,7641
165074,7608
165095,0
165101,13132
165111,0
165113,5219
165132,3745
165137,3612
165143,8438
165149,8482
165169,6150
165180,6049
165189,5857
165200,5706
165202,0
165205,4963
165208,9354
165214,7494
165215,5057
165217,7659
165222,6578
165224,5899
165231,6829
165255,4181
165265,6006
165277,8290
165286,0
165298,6785
165300,8562
165307,0
165315,5584
165332,0
165347,6736
165365,0
165373,7635
165393,4388
165394,3378
165400,11679
165401,6136
165406,13331
165435,6712
165457,13615
165462,6535
165471,0
165481,16560
165487,7190
165489,9381
165492,3394
165499,5626
165507,0
165512,9916
165514,7136
165520,0
165521,8029
165523,3942
165566,6234
165571,4732
165572,0
165592,7404
165594,0
165596,7731
165597,9783
165611,8067
165624,12821
165631,9290
165641,9842
165664,9766
165681,10597
165682,6729
165685,3148
165686,6102
165693,5516
165696,3354
165697,8857
165707,0
165731,0
165732,4916
165743,0
165748,4450
165769,4919
165778,3482
165780,4906
165786,0
165793,4567
165822,0
165827,7000
165846,7166
165861,14212
165866,5664
165869,3815
165885,11586
165912,4875
165917,0
165929,8576
165932,0
165939,4493
165942,0
165960,0
165967,6893
165993,9246
165997,6093
166009,9916
166016,8279
166030,14210
166043,8235
166050,7734
166062,4404
166068,0
166069,10064
166078,4428
166080,5868
166093,7503
166105,5436
166107,0
166145,5458
166147,3219
166182,4812
166192,6505
166193,4200
166216,8255
166225,0
166229,8521
166250,8115
166251,3657
166254,5585
166259,7178
166274,2537
166276,6310
166292,0
166301,6046
166305,5345
166310,3461
166320,1180
166322,0
166350,8791
166363,7783
166371,3227
166374,13113
166390,7825
166400,7949
166409,5364
166412,6258
166434,4827
166460,10540
166472,7229
166473,0
166474,6410
166479,6190
166489,8437
166503,0
166505,0
166530,4297
166544,7284
166577,6443
166580,0
166587,4793
166588,5522
166591,6822
166603,3114
166646,0
166653,5551
166656,4899
166659,3087
166692,4138
166699,5872
166703,8942
166709,7788
166724,7992
166751,0
166755,0
166759,0
166764,5331
166770,9112
166776,10310
166785,0
166806,7044
166807,0
166810,6207
166818,3451
166820,4143
166831,5292
166840,10831
166842,9719
166847,7087
166850,4255
166865,1622
166885,8233
166886,8202
166888,8871
166903,4038
166918,5586
166923,5889
166925,7759
166931,6725
166957,7368
166972,8260
166998,4078
167001,13002
167008,2757
167033,5038
167039,5333
167050,0
167053,7385
167078,5038
167080,7937
167086,11007
167093,3981
167115,4304
167125,7264
167139,4350
167144,7861
167151,4651
167157,9993
167160,9282
167169,13278
167177,8065
167181,8780
167195,5802
167201,6368
167205,9386
167224,0
167225,6212
167227,8307
167229,0
167241,6930
167254,0
167290,8268
167307,6204
167317,9224
167332,10354
167334,6759
167360,7056
167361,9662
167366,9404
167374,4252
167375,5902
167377,0
167379,7432
167381,9078
167386,10180
167388,3986
167395,0
167399,6865
167401,4657
167408,8378
167417,4021
167438,5677
167439,4114
167459,5799
167461,0
167464,10262
167467,5981
167471,10271
167473,0
167478,4855
167485,7029
167492,11500
167494,9854
167544,4164
167564,6753
167594,0
167600,3486
167612,11121
167615,0
167652,0
167665,5265
167687,3776
167689,0
167701,0
167748,7255
167751,6595
167755,7770
167758,4935
167764,7979
167785,5519
167813,3628
167827,5589
167831,5011
167838,3853
167840,2760
167841,17935
167848,2958
167862,8080
167870,6699
167893,3562
167895,7907
167907,6539
167908,4777
167918,7443
167923,0
167968,7385
167971,6376
167977,5930
167978,6317
167985,5063
167992,0
167996,0
167998,4487
168001,7391
168015,4563
168016,12515
168017,8637
168023,7675
168026,8218
168075,13527
168087,8792
168088,5504
168095,6603
168096,6565
168102,5439
168104,8177
168115,0
168117,0
168118,0
168125,6977
168132,3964
168145,7234
168148,0
168155,5939
168179,6205
168190,9238
168193,2970
168194,7794
168195,0
168197,1958
168209,4805
168222,2977
168226,14793
168236,0
168239,0
168243,3055
168246,0
168255,9656
168269,7130
168270,7363
168276,4900
168278,9384
168284,3738
168300,0
168308,5903
168319,4576
168320,0
168336,10998
168338,5165
168341,7891
168347,9423
168348,5321
168362,5110
168367,12914
168384,4368
168385,10145
168415,8188
168417,6632
168418,7913
168420,8266
168433,4844
168434,9813
168440,4798
168448,5652
168472,0
168477,4806
168484,4527
168492,3799
168513,0
168514,0
168516,4575
168534,9517
168541,5157
168546,9608
168553,0
168560,4514
168570,5503
168572,10612
168582,8893
168584,0
168603,6462
168624,6413
168634,0
168637,6013
168640,9466
168650,8654
168665,4646
168674,4143
168675,5145
168683,7990
168688,3148
168690,5266
168695,5377
168698,0
168704,3762
168711,5649
168712,7234
168723,5903
168728,3257
168734,0
168735,0
168739,9030
168754,10373
168761,6002
168766,5846
168783,7688
168807,5662
168814,5396
168819,5212
168866,2349
168890,3474
168897,4540
168904,5963
168912,5889
168935,3977
168936,0
168939,8987
168943,6983
168944,0
168949,4438
168978,5531
168980,0
168988,3502
168995,6779
169004,4796
169028,5631
169052,13924
169053,15648
169065,19062
169071,6569
169078,7764
169085,7284
169095,0
169115,3453
169126,1243
169137,7378
169153,4793
169154,4878
169166,9843
169173,3538
169176,9623
169204,4908
169205,21741
169225,4415
169258,7489
169260,4643
169265,6162
169270,5920
169307,4850
169317,6162
169319,3558
169355,8095
169365,0
169378,5737
169386,3223
169391,0
169401,4183
169407,0
169410,5500
169433,0
169458,5721
169463,5798
169467,7067
169478,4488
169484,10187
169500,5873
169504,0
169510,5752
169524,7466
169533,6605
169539,6355
169556,0
169567,5828
169583,7144
169597,7293
169608,7100
169609,6925
169611,12317
169617,7159
169637,5919
169642,3466
169655,6821
169666,6083
169671,13315
169674,7200
169685,6513
169695,6550
169706,5824
169715,5251
169722,5825
169723,7887
169732,0
169733,0
169749,0
169755,5759
169756,4542
169766,7785
169769,7648
169773,5737
169810,5973
169817,7448
169830,6877
169854,7819
169855,4615
169857,7040
169885,6388
169899,11461
169901,9478
169907,6123
169928,2995
169934,0
169935,9346
169938,0
169941,3838
169949,7274
169957,5350
169971,5724
169978,6507
169992,11707
170006,9915
170011,5135
170017,6943
170019,11012
170020,5149
170021,6345
170037,7551
170040,5862
170055,5133
170056,6245
170085,5115
170103,4254
170114,4841
170117,5556
170132,5563
170144,4572
170180,0
170181,5298
170184,3942
170190,7578
170195,7835
170202,0
170244,2491
170247,10093
170285,5984
170291,3086
170299,3579
170306,4948
170326,10073
170328,5398
170334,5705
170340,8571
170343,4030
170362,7060
170375,7814
170385,4634
170387,6559
170409,4628
170420,7068
170426,7817
170430,6479
170442,0
170447,4108
170491,8048
170499,4968
170500,6977
170517,5889
170521,11023
170530,7189
170540,11345
170541,0
170550,3810
170592,7254
170596,5738
170599,9089
170612,6320
170619,5382
170626,4961
170645,0
170647,4384
170649,5369
170667,9546
170670,6118
170671,15082
170676,3714
170699,6693
170702,0
170706,0
170709,6301
170714,3829
170717,0
170763,0
170766,5321
170783,16437
170793,6183
170801,2260
170804,5027
170814,6141
170816,11348
170820,7624
170833,9615
170848,4958
170850,8668
170852,11537
170881,0
170900,6676
170924,0
170933,6054
170941,3458
170944,0
170972,3247
171004,3887
171008,5868
171023,8943
171025,6469
171033,5179
171036,4076
171063,4208
171065,0
171092,6296
171093,7219
171101,6067
171144,7775
171149,5727
171151,5782
171153,8839
171162,7545
171165,9273
171184,5797
171187,3160
171205,0
171208,7708
171210,3883
171221,5055
171224,8244
171232,0
171234,6175
171251,0
171262,7567
171275,4632
171285,4249
171289,4007
171323,5168
171350,6075
171351,10103
171352,6411
171353,8892
171367,5817
171371,3880
171375,11465
171416,6845
171424,6931
171428,7320
171429,10392
171432,7966
171496,0
171503,5375
171504,2014
171507,5282
171529,7435
171533,7212
171540,5901
171541,0
171563,4861
171569,4553
171571,6903
171572,11473
171586,3907
171594,3213
171595,0
171600,6404
171602,5952
171627,0
171632,0
171633,7026
171636,2016
171644,0
171658,5128
171674,4083
171677,8498
171693,7951
171710,4950
171725,2574
171729,8139
171758,4794
171761,5902
171764,10952
171766,2599
171770,5241
171777,6059
171784,7131
171806,0
171808,5986
171809,11305
171824,4083
171826,6645
171830,4226
171834,7619
171841,1642
171842,0
171849,0
171854,4407
171862,2820
171866,0
171887,3721
171902,0
171909,0
171923,0
171944,4875
171952,6463
171955,4685
171964,0
171969,5951
171986,5838
171991,7372
172000,0
172003,5015
172011,0
172019,4694
172039,9957
172045,12590
172050,7549
172053,0
172058,4304
172065,5786
172082,6535
172088,0
172089,5500
172115,10345
172116,11040
172118,11716
172120,6407
172124,6500
172134,4573
172137,0
172140,5223
172147,5282
172148,5816
172156,7268
172163,8047
172180,0
172199,3705
172218,0
172222,7094
172223,5558
172241,0
172243,5702
172254,0
172256,9631
172261,4135
172276,0
172277,10242
172278,2488
172290,4425
172296,8868
172297,10178
172308,3866
172313,7360
172373,7731
172374,15568
172389,6300
172397,12749
172407,9497
172437,7515
172438,5506
172442,10426
172443,8085
172454,0
172462,0
172465,0
172466,4065
172473,5944
172493,6158
172505,0
172508,2429
172519,0
172535,5819
172543,3627
172546,8520
172558,8755
172579,9088
172580,4884
172626,6673
172661,7005
172679,11089
172694,0
172695,4293
172698,6550
172700,4202
172710,6919
172737,5885
172741,7475
172743,4627
172746,0
172749,9005
172754,5500
172761,9508
172765,8203
172767,3024
172790,7051
172818,5451
172821,5668
172828,13974
172835,2913
172852,9489
172856,4200
172860,4545
172862,4126
172867,0
172874,12422
172878,12055
172890,12907
172892,6820
172902,4160
172937,7046
172940,3555
172941,4398
172947,0
172951,10617
172956,3494
172960,0
172961,0
172971,5138
172976,4769
172990,2693
173007,6477
173019,4263
173046,7891
173053,6668
173056,6717
173057,7474
173063,5855
173073,8662
173097,8884
173104,5740
173115,0
173120,9074
173131,15125
173139,8647
173161,5883
173165,11388
173173,0
173183,5635
173189,6244
173192,7364
173197,4600
173212,5519
173217,4616
173223,4975
173239,0
173246,7036
173288,4810
173301,6163
173319,6592
173326,0
173344,3986
173349,7431
173351,6810
173369,6427
173395,8209
173399,5756
173425,4415
173434,4899
173448,5740
173454,8686
173504,5409
173516,0
173531,5860
173549,7149
173565,0
173577,9619
173579,6280
173580,3714
173616,9034
173624,4491
173628,8641
173639,6492
173653,5259
173668,9201
173676,0
173702,5131
173705,6102
173708,6034
173714,8517
173728,8409
173735,0
173754,4472
173798,7475
173805,18749
173825,6933
173830,5252
173855,8428
173866,5926
173879,0
173881,11702
173885,6829
173890,4982
173892,4468
173896,5042
173899,8223
173910,6233
173921,3854
173924,3382
173929,0
173936,0
173945,4577
173950,7558
173952,6137
173969,6302
173972,0
173976,5581
173990,10101
174004,8393
174007,3693
174008,8421
174010,0
174037,7868
174040,3828
174065,5037
174074,4344
174088,0
174100,6077
174109,7486
174115,6007
174116,8212
174120,0
174125,6653
174142,6264
174150,7489
174177,7357
174183,6886
174198,0
174199,5593
174211,8879
174233,8583
174239,6747
174241,3744
174245,6753
174255,8802
174260,5861
174262,5758
174272,5870
174280,10521
174299,4491
174318,7071
174322,5872
174353,3276
174354,6219
174360,0
174367,0
174378,7124
174406,9073
174407,0
174411,4116
174413,7495
174428,5316
174438,7215
174453,0
174454,4736
174466,1986
174469,8129
174474,12075
174479,7684
174486,5951
174490,6080
174492,0
174501,7260
174502,8337
174506,7376
174507,4987
174514,10148
174520,8856
174527,7653
174538,0
174560,4009
174568,3991
174570,0
174572,4898
174574,7501
174578,5376
174599,6500
174607,3750
174634,6295
174637,4412
174665,5185
174688,4201
174693,3449
174694,6158
174709,6572
174710,9707
174720,4623
174723,12354
174725,5236
174735,7657
174736,13054
174741,0
174746,4609
174763,0
174764,6881
174771,6823
174779,9604
174781,0
174787,4194
174794,5088
174813,0
174842,9342
174848,4749
174869,6070
174876,9339
174884,5447
174891,4755
174898,0
174916,5361
174923,0
174937,7302
174942,9565
174972,7454
174974,7982
174988,4480
175000,0
175006,9331
175030,4008
175038,4505
175044,6035
175050,11197
175065,8743
175066,0
175071,3144
175073,7486
175078,6900
175086,1329
175139,3938
175142,3962
175147,4216
175149,4204
175178,4517
175182,0
175190,7826
175194,9190
175200,4880
175216,5565
175223,3919
175224,8979
175234,0
175242,0
175254,0
175299,9931
175302,0
175303,4251
175318,5005
175322,4784
175343,4205
175345,0
175346,7475
175348,7757
175401,4308
175406,4827
175411,7319
175440,4492
175446,0
175463,0
175468,4454
175473,3792
175479,7387
175483,18780
175493,0
175517,6303
175519,4969
175554,3045
175577,5610
175578,10624
175582,1295
175586,6463
175587,0
175588,0
175613,10468
175647,10475
175667,10536
175668,4466
175683,0
175722,4200
175736,0
175757,0
175758,9069
175764,6154
175792,5176
175803,0
175812,6368
175831,7094
175840,8547
175860,10608
175862,14726
175870,6588
175880,0
175887,5449
175890,6756
175914,29511
175927,6156
175928,0
175940,3012
175947,4690
175958,3864
175977,4453
175991,5534
175997,6929
176007,7376
176024,10247
176048,12672
176063,3691
176078,7351
176105,8562
176108,3081
176117,10124
176118,6588
176124,4510
176127,5405
176131,7075
176132,5546
176136,11310
176169,5529
176174,5165
176176,5935
176181,4883
176194,10775
176212,0
176220,7265
176231,2859
176235,0
176262,11641
176290,7580
176304,0
176311,4054
176312,7324
176319,7084
176327,5186
176333,4170
176340,2929
176355,7682
176360,7902
176364,7764
176391,6417
176410,0
176416,6808
176434,4989
176462,9045
176476,6130
176479,0
176498,12589
176502,9776
176508,4368
176510,3900
176514,4953
176526,4506
176531,5385
176544,5622
176545,0
176549,5719
176551,7672
176559,7098
176565,5179
176576,0
176601,0
176604,6230
176607,4927
176641,0
176657,0
176669,6461
176683,13513
176689,8431
176699,10940
176700,7413
176702,4630
176711,6184
176758,0
176759,12287
176762,9897
176765,3670
176767,4944
176792,5545
176820,3917
176835,4889
176837,4952
176845,4483
176849,4438
176866,4447
176872,0
176876,7297
176884,12726
176887,6566
176891,4925
176900,8089
176905,11013
176910,5804
176912,7574
176941,5133
176945,4673
176951,5327
176980,0
177001,3531
177003,7887
177008,4628
177013,10680
177021,11303
177029,10360
177038,5441
177074,0
177079,3839
177083,4751
177084,5345
177086,4815
177092,9154
177098,6135
177099,5780
177100,6423
177104,12027
177105,0
177115,8579
177122,7601
177148,4484
177157,8031
177163,6993
177165,7522
177178,5884
177182,0
177184,9724
177195,0
177215,5555
177218,5869
177224,0
177230,7642
177237,0
177239,5780
177248,5484
177256,2622
177261,7641
177262,6226
177264,5156
177274,0
177277,8889
177297,12515
177315,4610
177327,5424
177337,3533
177349,0
177355,6905
177357,6259
177376,6650
177383,0
177396,9483
177399,7535
177400,4688
177420,7395
177441,13112
177443,6631
177444,0
177454,0
177482,0
177484,7054
177487,10665
177491,11567
177497,4453
177500,10175
177503,4003
177506,7921
177511,7871
177533,4119
177543,3788
177544,0
177552,3116
177567,4539
177572,13593
177575,0
177582,5601
177598,7823
177605,6473
177612,7388
177613,6558
177626,6199
177627,9210
177651,6263
177655,9098
177662,0
177667,4739
177676,3964
177682,5646
177694,0
177728,0
177755,7080
177759,6255
177767,6432
177776,5696
177778,0
177788,8100
177795,0
177815,7533
177821,4520
177828,8325
177830,4099
177852,14876
177878,12995
177884,9569
177892,6089
177893,0
177900,0
177903,4730
177912,7144
177920,0
177922,8793
177923,6560
177931,7148
177944,3502
177946,6337
177963,0
177977,5164
177999,4179
178006,0
178013,3536
178025,0
178049,2383
178050,6604
178057,5450
178063,5388
178064,0
178065,10304
178072,7526
178087,7166
178095,5757
178096,8185
178099,5805
178105,7935
178108,8720
178128,8722
178131,5428
178141,0
178146,9777
178160,6043
178165,2991
178173,11750
178182,7384
178207,6110
178212,0
178225,0
178227,8729
178237,5832
178238,9961
178239,5740
178261,4513
178263,7359
178276,6875
178293,0
178304,0
178329,6485
178330,6883
178334,5421
178338,11269
178364,4810
178381,14419
178393,5341
178411,11665
178415,4906
178424,0
178425,5031
178443,8094
178445,0
178449,6042
178460,6915
178472,0
178509,3621
178519,6909
178531,11665
178551,7408
178558,7131
178563,7050
178576,5000
178578,0
178581,0
178582,3989
178587,10368
178598,8195
178601,4277
178605,8528
178614,6064
178621,7760
178629,4754
178644,8171
178646,1852
178652,8240
178659,20092
178662,0
178664,10082
178669,5683
178678,3577
178684,0
178693,0
178697,10545
178700,6884
178702,0
178703,4736
178713,7627
178720,9121
178726,4876
178749,6950
178761,11289
178762,7023
178777,6201
178794,7089
178801,4718
178804,14733
178811,5343
178812,8070
178814,5614
178820,9076
178835,6720
178882,6938
178886,8301
178887,4430
178899,7053
178905,10566
178912,9007
178917,6068
178938,5045
178946,5947
178962,0
178966,4093
178990,5386
178991,7875
179002,0
179015,5211
179021,6305
179032,0
179043,8620
179044,9785
179047,5172
179067,5098
179071,3618
179072,0
179079,0
179085,9688
179088,9664
179093,7423
179096,5711
179099,5526
179102,11035
179104,5928
179117,0
179127,6549
179134,5824
179144,0
179145,3827
179146,3837
179174,0
179177,5007
179183,7559
179193,7185
179199,0
179237,8425
179246,0
179261,8969
179268,5124
179269,6839
179285,4972
179289,10692
179300,4227
179305,6846
179313,8292
179314,6284
179318,3285
179338,8718
179340,0
179358,7368
179359,0
179364,2580
179373,0
179381,2829
179385,7604
179391,10570
179395,6494
179399,5822
179417,6293
179429,8228
179430,0
179434,4573
179439,5338
179445,0
179449,12814
179473,6170
179493,5373
179508,3132
179517,9318
179539,0
179551,3841
179576,10185
179581,6567
179588,0
179600,3437
179603,6111
179638,4359
179641,5570
179646,20419
179680,7936
179681,7245
179701,7440
179718,8371
179719,7570
179727,0
179731,4991
179739,0
179759,0
179790,9585
179793,6469
179794,1981
179801,5305
179830,0
179845,5277
179853,0
179869,0
179895,0
179896,10511
179901,5148
179916,5640
179921,0
179936,0
179946,5180
179958,7304
179960,7129
179974,8314
179981,7508
179989,12659
179995,6709
180000,10027
180008,0
180014,3769
180041,5448
180068,7527
180089,4118
180109,4662
180116,4153
180130,6093
180133,0
180136,6811
180156,0
180159,5165
180173,3709
180182,7488
180184,7219
180187,0
180206,9108
180229,5494
180230,9304
180237,13257
180246,6547
180249,6515
180273,6683
180279,8424
180288,0
180292,8946
180303,6807
180307,4897
180318,5825
180332,7876
180334,5657
180352,8020
180353,8233
180356,5852
180360,12341
180367,4589
180372,4964
180405,0
180434,4909
180460,9710
180461,2054
180470,6816
180477,4088
180501,6956
180503,4395
180513,6346
180520,5401
180522,3891
180526,9306
180530,7128
180543,8824
180547,6051
180549,5363
180550,6415
180556,2197
180559,0
180560,8911
180567,6349
180575,4825
180586,0
180603,8241
180608,0
180615,8639
180617,11399
180622,5730
180632,5115
180635,6265
180638,7957
180653,5186
180654,0
180656,0
180662,5184
180702,6984
180703,12112
180708,1605
180710,3907
180712,7502
180718,20076
180726,7100
180738,0
180748,10110
180750,7748
180761,0
180764,5118
180771,0
180772,5280
180802,8671
180805,0
180820,11512
180827,5086
180839,9714
180846,0
180869,2677
180874,6208
180877,4643
180882,7307
180887,0
180898,0
180901,6887
180907,5765
180938,13719
180942,4128
180945,8742
180949,8497
180951,4715
180955,4607
180967,4788
180968,7791
180982,4334
180984,5528
180987,0
181009,5915
181083,6605
181085,0
181086,0
181089,0
181094,10444
181100,4013
181106,7547
181139,6021
181140,4890
181154,8121
181159,7716
181165,0
181166,6996
181169,5140
181179,4510
181181,7061
181204,13539
181225,10535
181249,0
181259,3994
181269,0
181278,0
181288,6897
181291,14288
181302,0
181313,6997
181342,4770
181343,6717
181364,5438
181381,6523
181387,2794
181420,7646
181421,7027
181431,0
181432,6087
181437,0
181444,6221
181451,0
181458,6177
181472,5995
181498,6466
181512,0
181514,13316
181525,6767
181531,8643
181547,4716
181551,4414
181552,3580
181553,9671
181563,4745
181564,7341
181580,4446
181582,6373
181587,10504
181597,6961
181607,9371
181615,7301
181628,11140
181633,5556
181643,0
181644,0
181648,4655
181652,7769
181661,6458
181667,0
181674,0
181675,6008
181703,11041
181717,14838
181735,6242
181746,11140
181755,0
181770,0
181772,8724
181775,4298
181777,2941
181786,4341
181808,12016
181820,9585
181831,6280
181838,9430
181851,6294
181871,5258
181872,9362
181874,7326
181889,1783
181891,9839
181896,3118
181897,4425
181898,3831
181902,0
181926,0
181936,5255
181940,6547
181951,0
181972,4770
181975,2691
181992,5924
181994,8919
182007,3302
182009,7081
182036,5339
182041,7141
182043,3226
182072,0
182086,4293
182087,5355
182089,4723
182097,6815
182163,6764
182164,4175
182168,8653
182177,7057
182189,0
182200,0
182202,7466
182219,0
182223,4551
182232,7783
182234,5240
182244,6900
182245,4574
182252,9111
182254,0
182258,0
182260,5489
182261,6150
182264,0
182271,6949
182296,0
182306,6655
182310,7284
182319,4575
182328,9494
182347,5093
182382,0
182390,7451
182393,9572
182398,7086
182403,8722
182404,8526
182409,7185
182416,5491
182420,5687
182432,5373
182437,4164
182448,0
182467,6708
182468,5085
182493,8642
182502,0
182507,7621
182512,13809
182536,4962
182542,0
182543,0
182544,8724
182573,4668
182575,0
182577,4855
182579,8805
182596,6989
182608,5236
182611,0
182681,2681
182692,8960
182695,5502
182700,8184
182718,6890
182723,6618
182727,15663
182740,8282
182746,2983
182763,6331
182768,0
182776,0
182777,7197
182787,0
182802,6626
182821,7809
182823,4968
182833,8814
182840,0
182852,6174
182861,15889
182867,0
182869,6050
182885,10398
182891,4657
182896,8146
182901,3789
182936,7340
182957,6012
182969,6766
182971,7398
182987,6796
182989,4765
183009,10899
183018,12413
183023,4311
183039,6959
183045,6991
183072,6437
183074,4124
183078,6093
183086,6102
183101,6421
183115,7073
183123,8575
183139,11805
183146,13344
183147,4042
183153,6790
183172,10431
183194,8335
183227,0
183229,4623
183233,3509
183258,5301
183262,0
183277,12904
183287,6235
183303,4016
183309,5505
183311,8547
183334,6527
183336,7237
183344,5434
183363,8253
183378,6334
183381,0
183388,7671
183393,0
183401,0
183402,8980
183412,6011
183418,4883
183443,6846
183450,0
183452,8022
183453,4307
183454,0
183462,1735
183463,0
183473,0
183476,6770
183481,0
183489,20154
183500,0
183506,5707
183511,3414
183525,4388
183544,6840
183549,5085
183551,3666
183553,0
183564,5598
183566,8319
183576,3999
183589,11935
183600,0
183604,0
183608,6134
183637,7652
183638,10987
183707,3800
183718,6485
183724,7369
183727,0
183742,7241
183787,0
183796,5960
183799,5425
183817,7548
183825,2278
183832,4131
183838,18150
183840,0
183855,3846
183869,0
183880,6855
183891,5650
183925,7512
183927,7979
183929,8390
183930,5554
183937,5639
183942,6004
183946,0
183957,5494
183968,5432
184008,6202
184021,7773
184022,7489
184027,6224
184034,1803
184047,5410
184052,16417
184054,7194
184055,13473
184063,5264
184064,0
184068,14934
184076,5286
184089,8416
184098,0
184099,8352
184102,8872
184134,11642
184142,6810
184164,7245
184165,0
184185,5790
184192,6954
184193,0
184194,0
184195,0
184196,9262
184203,7009
184204,1957
184216,7099
184241,4856
184253,8387
184294,5332
184300,8574
184305,3854
184311,8353
184316,6313
184324,11879
184328,7725
184352,6932
184373,5711
184394,4100
184405,5386
184410,4132
184411,0
184425,9305
184435,5053
184437,0
184470,5212
184485,7893
184490,9974
184491,3776
184506,5112
184508,10024
184518,6864
184539,7945
184544,12418
184556,11329
184557,0
184581,6163
184591,0
184611,11869
184615,6701
184629,0
184639,7339
184661,7558
184677,12246
184687,8030
184697,0
184710,6654
184729,6041
184740,10303
184759,7999
184763,4839
184765,4640
184768,6921
184774,0
184776,10167
184792,8371
184793,5721
184803,3512
184820,6277
184827,10835
184829,5418
184835,6372
184839,15950
184845,4246
184874,4499
184896,3919
184899,0
184903,0
184926,6775
184930,5781
184938,12695
184941,6437
184965,7166
184973,15298
184977,11257
184991,0
184992,5598
184996,7697
185014,0
185015,0
185030,1993
185050,0
185051,6636
185073,7292
185078,8992
185080,6918
185087,4603
185092,3938
185132,6589
185162,10706
185164,9170
185179,6415
185208,16576
185222,6628
185225,3937
185228,5449
185255,10870
185258,4392
185260,5689
185262,4544
185290,0
185314,7255
185318,4848
185319,7486
185340,9791
185346,4332
185347,12377
185348,12992
185351,7573
185358,6753
185361,0
185364,5599
185365,5725
185400,7535
185403,7433
185408,4899
185417,7159
185421,6730
185427,4803
185443,5461
185448,12741
185454,0
185458,0
185461,0
185462,9085
185476,6586
185488,7782
185546,4813
185547,6071
185549,4800
185552,5122
185567,0
185570,4052
185575,11240
185602,0
185611,3710
185613,0
185630,6041
185641,0
185654,2905
185677,0
185682,4658
185694,7571
185696,4284
185712,0
185729,0
185747,0
185750,5824
185751,0
185765,6957
185774,8509
185787,0
185788,6199
185789,7855
185803,8499
185804,10704
185811,3316
185828,3918
185843,3752
185852,10677
185913,5088
185962,4122
185972,6060
185992,0
185994,8663
186005,6335
186010,4715
186013,16727
186014,6696
186016,0
186025,5040
186041,9359
186048,3754
186051,5353
186079,5412
186100,0
186101,4549
186106,10241
186126,7130
186127,7278
186142,6665
186159,5633
186168,4629
186181,0
186185,4820
186192,11724
186204,10040
186216,6358
186226,10855
186235,3682
186276,7388
186279,15045
186284,6930
186293,8409
186315,5178
186316,8423
186337,7173
186340,0
186352,4579
186358,0
186360,6441
186370,0
186386,10282
186395,7647
186412,0
186420,5426
186428,4651
186429,6912
186430,7551
186440,5048
186444,5688
186447,0
186456,5743
186468,7344
186486,0
186507,8119
186511,6632
186513,6907
186523,1648
186533,5693
186536,5256
186537,7207
186558,0
186599,3770
186614,7885
186615,5901
186632,8154
186634,2763
186642,6415
186672,0
186687,4296
186709,8666
186714,0
186721,6939
186735,10103
186750,0
186761,6582
186789,6607
186804,4217
186807,4684
186815,6452
186818,0
186837,7845
186857,6180
186868,0
186901,6226
186913,0
186960,0
186964,4866
187006,9240
187009,6744
187013,6323
187018,6263
187023,6837
187029,12850
187035,9376
187036,0
187053,4948
187068,0
187076,6652
187084,6083
187128,4542
187147,2752
187164,5117
187168,8664
187176,6310
187194,7566
187201,0
187204,0
187215,7070
187216,6051
187220,5223
187230,8203
187274,9187
187282,6561
187321,6108
187322,0
187334,6191
187339,0
187362,0
187371,3469
187381,3619
187384,16433
187391,13470
187396,9200
187402,4944
187423,0
187432,0
187481,8182
187509,4703
187511,6284
187528,7259
187531,0
187538,6832
187540,5123
187548,9250
187591,5827
187602,6338
187608,9088
187611,6681
187617,4694
187620,3601
187635,5465
187652,0
187661,0
187662,9227
187665,2456
187673,0
187696,8220
187708,6710
187715,7015
187716,6526
187723,4368
187735,6361
187749,0
187764,5780
187776,13372
187779,7113
187797,7175
187824,5003
187827,8213
187850,7406
187854,5249
187855,4913
187857,7136
187890,0
187891,6857
187893,3371
187934,11107
187956,0
187958,6975
187966,10825
187976,5851
188018,9084
188021,4748
188033,7402
188058,9093
188063,6595
188080,0
188085,1758
188113,0
188115,11182
188117,0
188120,8372
188129,8087
188138,4206
188147,8538
188163,0
188168,5430
188187,0
188191,5753
188221,5565
188229,10129
188245,0
188250,6800
188282,6739
188291,3858
188304,0
188310,9117
188314,4765
188328,4557
188332,7179
188343,8071
188349,5175
188364,0
188388,6808
188400,3110
188403,6992
188413,4158
188441,0
188447,0
188451,0
188455,6106
188464,5630
188473,6385
188478,8850
188488,0
188489,10370
188532,10232
188534,4302
188539,5953
188567,6596
188571,4244
188575,6951
188582,10021
188584,0
188592,4636
188596,14323
188600,11536
188602,0
188614,2758
188621,5852
188625,5646
188636,0
188640,6289
188646,6736
188649,4357
188691,3730
188702,8820
188746,5862
188768,3118
188770,7473
188775,0
188789,0
188792,9427
188797,8090
188802,5142
188815,12420
188822,6806
188825,10031
188831,7852
188853,2477
188862,10521
188870,10944
188896,7944
188906,10469
188908,8070
188913,9497
188916,6121
188924,7246
188931,11154
188937,26805
188938,4965
188941,4122
188945,4935
188953,5596
188969,12490
188986,0
188992,5821
188998,0
189000,3711
189005,7408
189013,6045
189016,0
189035,5036
189036,0
189045,3942
189047,0
189051,0
189087,5352
189093,5882
189098,7658
189107,4720
189117,9761
189125,0
189136,6670
189155,8167
189165,3003
189180,9073
189183,7736
189186,3171
189187,7837
189188,5046
189198,3583
189210,4257
189213,8288
189217,5715
189224,8579
189241,10851
189245,0
189247,6367
189248,20331
189257,5848
189264,4707
189280,0
189289,7652
189293,8806
189295,2024
189300,8027
189305,4732
189310,3951
189327,9651
189332,9914
189341,7054
189362,0
189375,4974
189377,3407
189385,0
189386,7074
189391,7674
189392,6139
189407,0
189446,11475
189451,6971
189454,3379
189456,5857
189461,7661
189463,0
189469,0
189473,8166
189480,5450
189483,9678
189525,3704
189540,4454
189545,6545
189546,3813
189554,7156
189557,8671
189561,9000
189586,8000
189590,8580
189594,0
189609,0
189628,0
189634,8985
189640,10019
189653,4095
189663,6469
189685,15324
189733,6546
189750,4871
189756,2592
189770,6808
189771,4010
189788,3061
189793,11355
189800,0
189818,12182
189827,5021
189841,0
189850,4620
189851,5874
189859,6780
189874,3211
189880,9272
189886,9547
189958,8353
189959,7245
189966,0
189968,5410
189980,5289
189984,19180
189989,0
190004,7827
190018,7430
190026,10012
190038,7722
190040,5220
190047,0
190071,10549
190074,7739
190077,5820
190094,2705
190111,3689
190125,7215
190131,7318
190136,7596
190137,7390
190148,4655
190151,9302
190184,10083
190188,6028
190189,4455
190190,8610
190191,6114
190192,5723
190208,5330
190226,8137
190253,10557
190256,7667
190264,6760
190271,4965
190272,8270
190279,5284
190300,7501
190301,4105
190311,2241
190319,11484
190320,6268
190324,4876
190341,5537
190342,12604
190361,6469
190363,5930
190364,4260
190368,5131
190369,7990
190379,6503
190385,3551
190400,0
190403,4668
190425,7985
190432,0
190442,0
190447,6129
190461,6080
190481,4137
190492,7330
190493,0
190509,4335
190528,12171
190531,4966
190552,11934
190555,5410
190561,7852
190570,0
190574,6059
190582,4764
190601,3008
190606,2983
190619,0
190630,7669
190631,7924
190648,10107
190668,0
190670,5322
190690,0
190691,0
190709,0
190715,3911
190720,9300
190747,4985
190758,4844
190765,9337
190795,4517
190824,4977
190857,5757
190900,7796
190910,5216
190929,8981
190938,0
190944,4624
190948,0
190954,5991
190962,5268
190964,2873
190987,7731
190991,0
191003,5889
191008,0
191009,8560
191018,0
191038,5162
191040,7512
191058,5726
191064,6808
191067,6427
191070,0
191094,4085
191116,0
191128,0
191135,10325
191140,8821
191155,7823
191171,7769
191175,8124
191181,6654
191182,0
191183,0
191186,14916
191192,13018
191231,8611
191241,3861
191248,0
191261,9299
191289,0
191293,7631
191298,5179
191300,5876
191311,10648
191329,12872
191342,8727
191355,7159
191359,6045
191398,0
191399,6038
191415,6120
191417,8395
191426,5876
191454,6660
191479,6645
191493,10286
191510,0
191515,11461
191517,7714
191520,9230
191538,8292
191541,4709
191542,6540
191543,5537
191545,3542
191568,4893
191585,6574
191591,0
191592,9302
191620,5512
191624,5893
191626,3942
191644,7485
191651,8757
191662,0
191683,0
191684,10924
191690,5692
191698,9978
191711,6965
191724,0
191725,3177
191732,5670
191745,5894
191747,0
191749,4964
191754,4749
191769,8003
191770,3450
191786,6149
191790,6134
191815,10244
191818,3281
191825,7714
191831,0
191840,13716
191848,5695
191857,4560
191867,0
191872,0
191875,14759
191880,4099
191881,6748
191901,0
191918,0
191935,8142
191946,6856
191949,8761
191950,5716
191953,4701
191958,8059
191975,3983
191991,0
192012,4972
192015,5330
192047,7949
192076,5865
192091,4265
192101,4814
192103,4656
192107,6488
192147,5815
192148,6526
192191,0
192192,6425
192198,6033
192199,7255
192200,8247
192204,4386
192210,8799
192221,9970
192228,7390
192239,6513
192243,4884
192244,8478
192245,6908
192267,0
192283,8461
192319,3989
192323,7099
192328,6086
192332,4105
192340,0
192348,4331
192355,4748
192358,0
192362,6921
192394,5877
192407,7165
192427,3979
192428,6148
192451,0
192452,5532
192458,9475
192481,0
192493,6434
192499,4910
192518,5113
192520,7690
192537,5541
192545,6418
192564,6136
192590,3560
192608,0
192621,4045
192626,3887
192634,0
192656,6590
192670,3986
192674,0
192678,0
192690,7781
192692,3877
192709,8035
192722,5420
192729,4335
192733,9239
192735,12694
192777,3522
192778,4895
192784,8228
192835,7996
192856,8885
192857,4816
192872,6886
192876,8054
192905,7756
192912,0
192919,7574
192920,5399
192926,3563
192975,3516
193011,0
193027,9010
193035,0
193049,0
193056,5024
193078,0
193081,6549
193094,11475
193115,4972
193123,0
193134,6564
193156,0
193170,18187
193171,7539
193174,5996
193194,2600
193203,5256
193213,4355
193241,3677
193260,4893
193273,13076
193276,5079
193277,5901
193279,0
193283,5201
193290,5550
193291,0
193295,5284
193298,6325
193299,5756
193301,7255
193317,3993
193339,0
193357,0
193371,5275
193375,7706
193382,11937
193384,8769
193399,4144
193400,8323
193408,5018
193421,3882
193437,2655
193441,4779
193443,9354
193454,6749
193471,7184
193473,0
193482,4861
193509,5031
193510,5495
193529,0
193534,12887
193549,7510
193551,7650
193554,8179
193563,7253
193574,4597
193601,0
193607,9047
193619,5568
193635,16241
193636,5013
193644,6439
193658,0
193659,7024
193660,3348
193668,0
193671,0
193675,6132
193685,2706
193692,4427
193703,5957
193706,0
193711,4431
193737,5725
193741,6626
193750,4937
193751,0
193753,0
193760,8858
193765,6944
193774,8528
193794,7309
193808,4527
193815,6356
193821,2870
193842,4265
193850,5264
193862,9412
193885,4115
193911,0
193917,15663
193918,5881
193920,6111
193941,11142
193953,7580
193955,6224
193976,4025
194001,6133
194002,0
194016,4847
194025,5235
194036,0
194038,8887
194053,0
194060,6006
194075,7548
194079,16446
194081,8117
194089,11995
194112,0
194128,5992
194129,0
194132,8451
194140,4620
194146,9326
194148,6566
194167,7872
194181,7700
194191,9354
194194,7615
194217,0
194226,7191
194228,14590
194241,8749
194252,0
194257,13743
194258,0
194259,7109
194262,10695
194268,4622
194270,8523
194272,0
194290,5744
194312,8195
194318,3038
194329,9439
194331,13617
194382,4769
194393,4595
194398,0
194407,0
194416,0
194427,4927
194429,0
194433,7451
194435,10974
194462,9347
194472,7093
194474,6087
194489,0
194501,12198
194538,7416
194550,4580
194597,4653
194613,10444
194620,4399
194626,2641
194637,0
194638,0
194642,6449
194649,6255
194657,6078
194666,0
194671,3150
194684,7375
194697,0
194701,6669
194706,4831
194712,6640
194713,4284
194749,5975
194805,0
194817,4093
194824,10591
194830,6635
194836,7059
194837,7687
194840,5282
194847,6439
194852,6054
194855,0
194860,3491
194873,2729
194874,0
194876,13039
194884,12236
194902,8931
194909,5641
194912,7310
194926,0
194935,4118
194950,9354
194952,4191
194961,7783
194965,4978
194972,4172
194975,8101
194984,6333
194988,11513
194993,4920
194994,5924
194996,4286
195012,5993
195023,4839
195025,7065
195031,8985
195036,7563
195050,7036
195069,0
195072,9170
195085,6428
195089,8094
195099,6825
195101,6966
195105,2549
195111,3810
195146,9082
195170,9620
195186,0
195193,8151
195197,7850
195203,0
195205,4666
195233,6729
195242,4511
195248,10149
195259,3390
195264,0
195268,3575
195306,10482
195314,0
195343,0
195347,8518
195355,5233
195364,10628
195376,3778
195381,2167
195408,6406
195416,4668
195432,8241
195436,6484
195439,13518
195463,4381
195466,7134
195472,6506
195475,2484
195479,4759
195480,9927
195487,8895
195498,9376
195533,4963
195543,4479
195553,6507
195569,5077
195574,6321
195585,6320
195598,9207
195601,0
195603,6239
195614,4402
195615,2973
195628,4776
195632,7256
195638,13710
195641,6503
195676,5690
195695,0
195716,15105
195719,5587
195720,5206
195722,5648
195723,5926
195736,4371
195741,9425
195744,0
195762,8316
195766,0
195776,5990
195790,5964
195795,7700
195803,6988
195815,6064
195831,7013
195841,8711
195842,4584
195846,3917
195858,6746
195867,4262
195870,12944
195896,7829
195936,5052
195945,5249
195961,6837
195965,0
195969,4002
195976,4248
195984,4080
195990,4089
196023,5438
196026,7901
196035,4437
196041,4675
196043,8088
196045,9439
196064,12425
196093,4489
196123,0
196125,10530
196132,9465
196148,4698
196167,0
196186,5514
196198,5418
196200,15939
196214,6876
196217,4394
196232,7262
196237,4596
196242,5724
196244,0
196247,6287
196251,5883
196253,6123
196262,4594
196272,6975
196274,4258
196290,5240
196307,4627
196309,3866
196310,0
196327,10591
196332,9649
196344,8208
196362,7048
196365,5246
196379,5371
196385,6256
196400,7759
196403,5363
196404,7722
196406,0
196411,4348
196414,7398
196417,0
196418,5324
196419,0
196428,3528
196432,21392
196442,7310
196445,5234
196451,8206
196453,6219
196478,4601
196492,11379
196496,5314
196502,3887
196504,7690
196517,10368
196518,0
196524,5842
196532,4899
196535,6920
196551,9947
196561,4866
196588,4580
196599,5453
196606,7652
196613,7583
196617,5461
196626,9068
196630,3810
196634,5489
196654,7894
196656,10735
196676,5618
196677,4888
196680,8382
196691,0
196694,6044
196698,2454
196701,6487
196704,0
196705,6884
196707,6621
196726,0
196749,9508
196752,5980
196757,7634
196761,4390
196780,8861
196785,2404
196811,7530
196828,0
196842,9515
196851,0
196856,5616
196858,8815
196861,15521
196865,0
196866,4356
196898,6858
196902,7502
196911,2186
196934,4894
196937,14114
196938,5252
196954,5807
196971,5658
196982,5172
196997,3178
197001,7904
197016,4688
197023,7967
197062,9452
197064,8400
197065,6889
197074,5962
197076,0
197087,0
197103,0
197116,0
197117,6903
197123,4955
197151,6065
197160,7804
197164,4055
197168,7658
197170,6056
197188,0
197189,6913
197195,7372
197198,0
197203,6184
197214,4614
197216,0
197222,9752
197231,6833
197232,5719
197240,16113
197246,8210
197254,0
197283,0
197286,3888
197315,0
197329,0
197342,5943
197348,6500
197349,3646
197364,7980
197378,0
197402,4043
197414,5424
197415,6600
197419,0
197446,9828
197454,4028
197476,0
197491,5062
197515,8358
197518,6183
197523,5422
197528,5577
197536,0
197548,0
197566,15591
197567,7006
197568,6954
197580,10291
197602,0
197609,8463
197616,3047
197625,14801
197632,5061
197645,8158
197659,5403
197668,0
197671,6127
197687,0
197697,6989
197705,0
197709,2607
197720,7448
197737,15182
197757,0
197770,13617
197777,3081
197780,0
197785,6453
197793,7053
197794,0
197809,5798
197810,7264
197817,0
197825,0
197838,11487
197841,0
197853,9001
197859,6916
197876,10542
197879,9904
197891,7140
197918,9264
197922,3525
197936,2449
197939,7906
197944,8968
197955,16746
197982,5154
197997,8137
197998,6304
198005,3280
198010,7256
198019,0
198020,0
198024,10489
198025,0
198034,0
198035,3654
198040,5217
198045,7283
198052,5092
198055,8179
198060,0
198061,4770
198073,0
198087,0
198091,7205
198114,6569
198127,5948
198141,8500
198151,16044
198165,0
198168,0
198169,0
198176,14964
198182,3474
198186,4055
198204,0
198206,2424
198231,7468
198256,11401
198268,3043
198277,4772
198283,7701
198288,0
198295,6201
198302,6821
198315,5703
198322,0
198336,4597
198337,6967
198338,14940
198348,10496
198354,7776
198358,9542
198378,7272
198393,7715
198394,2050
198397,5009
198400,6045
198410,7249
198412,8540
198447,5253
198505,5502
198518,6397
198546,0
198571,9684
198574,0
198580,0
198582,6967
198599,5888
198601,5977
198608,5623
198610,8782
198612,14940
198617,5959
198630,5403
198646,10425
198648,7824
198661,4287
198673,7982
198685,5202
198691,4038
198692,0
198698,0
198704,9445
198706,10730
198712,0
198726,5648
198727,9221
198733,6886
198735,5654
198746,0
198747,0
198750,5214
198751,4470
198755,0
198776,5448
198794,7788
198807,8423
198812,7321
198813,0
198823,6036
198835,6900
198847,0
198848,8966
198851,7851
198857,5442
198863,8339
198871,5428
198886,5403
198892,6230
198896,12321
198903,18620
198908,6774
198920,6395
198933,6026
198946,4243
198949,7751
198956,11919
198957,4913
198958,5884
198962,6234
198968,6581
198990,8975
199007,9212
199025,3675
199034,6131
199038,0
199039,3142
199045,4030
199071,10347
199074,5986
199075,6003
199089,6276
199093,5825
199094,6528
199120,8796
199123,7859
199186,6291
199190,0
199197,0
199214,0
199233,12145
199251,6734
199286,23417
199295,0
199298,5608
199314,2879
199317,0
199322,8606
199326,5160
199345,3809
199361,7864
199379,4033
199381,5127
199389,7037
199392,9560
199399,8327
199404,4157
199406,9160
199412,0
199429,8369
199437,4777
199453,17590
199456,4882
199496,6751
199503,7855
199507,22250
199526,5729
199532,5432
199557,7347
199563,5473
199564,11270
199566,9244
199583,8564
199590,9586
199612,0
199613,6301
199617,0
199618,6710
199620,8174
199638,4255
199654,9515
199656,8454
199667,7089
199668,6614
199678,0
199694,12269
199720,4060
199722,14671
199724,7760
199726,3588
199728,3666
199730,0
199740,10550
199751,4080
199759,8916
199762,9171
199774,13927
199810,4251
199812,4869
199818,0
199844,0
199855,3020
199884,5364
199888,7391
199899,6221
199903,5503
199917,6930
199950,6218
199960,7092
199962,0
199964,6608
199966,7145
199982,5646
199990,10267
199997,7659
200001,6869
200004,12375
200014,8755
200020,5738
200028,0
200036,7321
200042,0
200047,6914
200069,8217
200072,6206
200074,8370
200087,9391
200088,4922
200094,7314
200116,0
200139,9310
200140,8019
200141,10443
200149,6735
200152,6295
200160,8240
200195,5613
200207,0
200215,4886
200233,6335
200265,3643
200300,6087
200304,8104
200306,2605
200336,4451
200352,5948
200353,10549
200362,0
200377,6987
200384,4628
200391,15618
200397,7660
200401,2642
200409,5639
200427,7542
200459,7014
200486,6194
200488,7782
200494,7220
200499,4916
200509,7360
200516,4798
200537,6642
200548,5865
200561,6038
200565,7265
200579,0
200588,4653
200595,0
200611,6806
200618,5333
200630,6305
200646,2934
200654,4522
200661,4656
200671,4048
200674,6060
200689,5774
200728,5015
200739,8564
200740,3407
200763,6190
200764,0
200774,9589
200777,10641
200788,5526
200791,9143
200795,0
200809,13482
200817,0
200828,6949
200833,6454
200851,1655
200853,11180
200854,5653
200863,2179
200871,7179
200882,7058
200885,6056
200886,3943
200889,10623
200898,0
200901,3668
200918,10677
200926,12187
200936,10242
200942,0
200947,4023
200955,6671
200969,2368
200995,6936
200999,9240
201007,9081
201022,11314
201026,5994
201033,0
201039,0
201044,3326
201047,3255
201055,5299
201057,6225
201081,5632
201085,0
201090,0
201099,0
201104,4322
201117,5163
201119,6772
201121,5054
201124,7780
201127,4449
201129,8054
201140,3532
201146,4673
201166,3619
201168,12218
201171,15277
201193,6114
201208,5681
201256,6716
201260,4233
201265,15964
201288,4710
201290,6138
201316,5554
201328,10301
201337,4935
201341,12757
201368,11231
201378,4507
201382,6448
201383,9672
201385,5781
201403,0
201405,10325
201414,7245
201421,4511
201427,7545
201429,7937
201447,6223
201473,3291
201475,3871
201477,5221
201483,2958
201514,7295
201515,5107
201530,0
201554,8110
201563,6147
201572,5250
201590,7258
201595,0
201602,4403
201604,5259
201614,7137
201628,6956
201629,7535
201630,8077
201632,4445
201634,7203
201640,5586
201656,3819
201660,8483
201664,4725
201667,6600
201677,9289
201714,6671
201721,3896
201760,6081
201797,4875
201798,8169
201800,2038
201847,9238
201867,7289
201872,3272
201886,3592
201905,5254
201919,10443
201926,3767
201933,5636
201984,3820
201985,0
201997,0
202010,4781
202011,6491
202046,4937
202055,5674
202060,4265
202072,11995
202075,0
202077,4838
202080,0
202085,0
202089,3258
202094,9372
202099,5233
202111,0
202117,0
202126,0
202138,0
202150,5442
202152,0
202166,4427
202183,4353
202200,5413
202208,6966
202209,6442
202215,3846
202220,5148
202228,5499
202229,8788
202233,0
202236,6661
202237,10340
202240,11373
202247,11230
202259,4468
202267,0
202268,0
202281,6408
202293,0
202300,8051
202314,5156
202323,7942
202329,6037
202332,0
202372,0
202374,7971
202375,6164
202377,5565
202391,7036
202425,0
202434,4459
202439,4698
202500,7911
202522,16309
202525,6827
202528,12562
202529,4601
202531,9621
202553,6628
202579,6407
202580,0
202605,0
202608,7182
202611,6465
202630,8001
202657,3859
202658,6708
202674,9879
202687,0
202689,0
202691,8939
202697,7969
202698,8198
202706,6867
202709,10020
202717,0
202718,3439
202722,9292
202723,4953
202725,0
202728,5458
202735,5464
202762,3890
202767,6460
202774,8427
202778,2992
202782,5954
202783,8023
202788,7591
202808,7185
202813,5937
202815,7072
202822,12622
202823,9159
202825,8181
202827,5405
202834,4847
202842,6931
202848,0
202863,5984
202864,7843
202868,5979
202870,7058
202879,0
202891,5824
202907,4270
202916,7787
202923,2475
202940,7747
202946,8862
202952,8068
202953,3598
202957,5923
202958,6941
202980,11381
202990,0
202997,7018
203009,6015
203020,6948
203023,4807
203039,0
203053,6248
203057,4223
203064,0
203070,6775
203085,0
203095,6334
203133,4821
203140,0
203157,6981
203158,0
203160,7375
203167,4997
203179,13004
203198,5213
203212,11930
203219,4699
203229,0
203231,7592
203237,0
203242,6522
203259,6275
203265,0
203281,11649
203297,6064
203300,0
203304,4554
203331,4515
203350,4542
203356,9038
203371,7569
203375,14227
203382,8012
203387,0
203389,3422
203402,9149
203410,7196
203421,10820
203448,7570
203455,4536
203466,5013
203471,4489
203479,8618
203484,7267
203487,3737
203491,11006
203492,0
203540,5731
203546,9276
203549,13246
203550,4638
203572,0
203602,4780
203627,2427
203644,5807
203647,10611
203648,5370
203650,6892
203670,3669
203672,6662
203674,6173
203679,6056
203689,5134
203693,5886
203731,5043
203786,8752
203804,6125
203813,4225
203852,8916
203853,7833
203860,8064
203864,6036
203868,3474
203876,12537
203878,4382
203882,6464
203885,0
203900,6568
203913,0
203919,9421
203924,8496
203944,4567
203948,7528
203956,5011
203969,0
203972,6362
203980,7009
203983,0
203986,7382
203990,8166
204009,0
204011,5930
204027,2341
204039,3036
204051,8280
204054,4337
204070,6173
204072,3754
204078,2631
204081,3566
204102,7611
204109,7289
204121,5813
204130,5619
204136,13439
204140,5807
204144,6363
204146,0
204156,10106
204159,5603
204189,9131
204209,0
204216,5339
204238,3195
204241,6767
204244,5025
204246,7312
204248,0
204250,15190
204265,7684
204268,6331
204300,5845
204301,10518
204320,0
204331,8814
204339,6279
204341,0
204353,8089
204356,2892
204377,26063
204378,0
204382,0
204402,4299
204437,7784
204464,5148
204486,8126
204508,16238
204512,5295
204516,7565
204517,0
204523,6260
204531,5826
204563,5460
204577,0
204586,0
204592,8574
204612,6403
204617,6044
204631,6396
204633,9242
204640,7458
204647,5538
204652,4271
204663,5348
204670,0
204690,5535
204726,7960
204741,10395
204749,6807
204751,8726
204760,7602
204768,4841
204780,6836
204787,4919
204796,6744
204798,7608
204816,7735
204821,0
204834,1238
204839,11090
204845,6452
204860,5834
204867,9273
204870,4594
204876,5593
204886,3784
204890,3732
204905,3753
204922,8738
204936,8175
204937,0
204957,4788
204983,8842
205004,18592
205009,0
205025,7664
205029,8587
205040,6863
205043,5989
205050,11568
205052,4299
205081,5964
205095,6251
205097,4203
205099,7368
205101,6082
205126,2169
205129,8322
205131,8672
205137,9779
205169,3469
205177,4108
205195,6774
205200,0
205209,11774
205212,5359
205218,7707
205220,5468
205227,6639
205228,8837
205231,10764
205232,0
205237,0
205242,0
205263,3402
205265,0
205272,8496
205275,3981
205299,5076
205302,8396
205304,4341
205317,4416
205343,7651
205345,4681
205356,6125
205367,3282
205385,0
205387,6869
205398,0
205399,5063
205412,5901
205414,4873
205419,7138
205421,0
205433,5403
205449,0
205452,8254
205464,6678
205472,4388
205475,4149
205480,6028
205522,4302
205531,4870
205542,2306
205550,0
205567,0
205590,6787
205608,7313
205626,9959
205627,3957
205655,15869
205662,8166
205665,5908
205676,5280
205682,13711
205691,4761
205704,0
205712,7718
205722,5083
205728,3763
205741,7203
205747,7943
205757,9125
205803,4535
205804,7512
205812,11134
205822,6120
205830,12759
205834,9308
205844,0
205854,5720
205857,5445
205862,0
205874,0
205882,3077
205884,7879
205929,4731
205932,3291
205936,9168
205937,3189
205938,4074
205951,0
205961,6777
205967,5307
205988,12962
205995,0
206004,4932
206006,13942
206011,0
206016,8073
206027,5557
206032,8975
206040,4511
206078,6814
206086,7677
206107,5807
206121,12984
206156,0
206160,0
206180,5936
206181,6679
206204,7408
206206,8062
206211,0
206214,8337
206226,5512
206237,10713
206258,7563
206260,0
206262,0
206264,8448
206269,6091
206274,4626
206275,6428
206279,7067
206283,3048
206297,6553
206300,5249
206304,0
206336,0
206349,4815
206355,6208
206367,0
206381,6997
206390,0
206394,6700
206401,2762
206413,5953
206427,13385
206441,4563
206457,4453
206458,5023
206461,10855
206464,5241
206472,0
206475,7086
206492,7345
206494,0
206496,0
206506,4270
206510,4874
206527,4633
206529,2540
206531,4917
206543,4828
206544,0
206578,0
206585,3909
206610,4631
206624,10659
206630,16595
206644,7554
206650,6290
206671,5496
206673,6609
206681,7417
206688,6396
206692,6194
206708,9403
206720,8329
206731,0
206733,5448
206766,9696
206777,4136
206785,0
206798,7690
206800,10965
206808,4379
206819,6865
206829,0
206831,6676
206832,4612
206834,6921
206839,14088
206853,0
206864,9088
206868,0
206879,7408
206898,6309
206902,4022
206918,6408
206922,7859
206928,4913
206949,7316
206954,7065
206959,0
206961,8506
206966,3901
206967,5137
206979,0
206994,5940
206996,0
207009,0
207020,0
207027,6576
207033,4724
207039,7382
207061,4943
207072,11392
207073,5061
207079,0
207128,10188
207137,6808
207138,8062
207144,6441
207151,3045
207155,7633
207162,12675
207166,0
207171,0
207180,1755
207183,0
207186,0
207194,1570
207199,15855
207216,10211
207218,18401
207249,11585
207259,0
207265,7654
207277,2499
207283,6616
207284,16144
207285,10454
207294,8914
207296,12260
207305,0
207310,7428
207314,11777
207317,0
207321,0
207327,5353
207328,7643
207333,5554
207366,8100
207367,0
207368,6055
207372,0
207383,6672
207393,5448
207397,4247
207417,5360
207428,8018
207471,0
207479,4956
207488,7388
207495,6373
207515,6008
207517,5197
207519,4751
207525,9385
207529,4973
207536,3947
207578,5521
207581,6184
207586,7679
207594,0
207605,12617
207614,6045
207633,0
207657,0
207660,3914
207674,4526
207679,8321
207682,4254
207705,7132
207715,6367
207717,0
207721,6399
207723,0
207760,5164
207768,4085
207792,4216
207806,9005
207808,0
207841,3588
207859,7909
207872,8633
207879,5542
207884,6013
207885,4933
207898,5612
207916,7023
207929,11267
207938,8572
207940,5677
207948,0
207949,10027
207956,1254
207957,4714
207971,11532
207978,5750
207999,11714
208004,8999
208008,0
208024,6651
208026,7892
208057,0
208071,5657
208077,14803
208078,0
208085,13787
208099,7227
208104,4627
208114,5468
208116,9068
208117,0
208120,6662
208124,0
208140,0
208146,3805
208147,11145
208171,4422
208178,4069
208182,2753
208185,6324
208188,5338
208198,7680
208202,7015
208203,0
208230,6465
208233,7453
208234,7905
208236,7717
208239,13702
208241,4116
208248,14081
208250,6001
208252,3820
208283,0
208285,5129
208289,6964
208314,7837
208316,11604
208324,5357
208330,6366
208344,5341
208347,9867
208354,0
208375,5184
208410,8347
208412,8836
208432,8512
208496,6727
208502,10685
208515,4403
208525,7640
208529,4370
208538,16149
208548,0
208555,0
208560,6723
208563,9643
208567,11797
208571,0
208572,5145
208574,8178
208577,8737
208579,10051
208584,0
208587,0
208607,7230
208618,5296
208624,6930
208648,4860
208660,4029
208688,5595
208707,3562
208709,9226
208712,5650
208719,4395
208732,7050
208749,7082
208757,5792
208761,7700
208779,3049
208781,9908
208792,6960
208803,7316
208809,0
208812,10112
208813,6011
208820,8073
208822,7109
208827,3000
208848,7090
208896,0
208925,2889
208927,6705
208928,4392
208933,5151
208934,2721
208937,6601
208942,2496
208961,3635
208984,0
208987,0
208996,4125
209002,0
209010,0
209017,0
209031,4948
209032,0
209039,2185
209050,5903
209076,0
209092,8677
209098,5087
209114,8044
209138,6459
209143,6346
209147,6624
209159,0
209175,8354
209179,9126
209200,12245
209218,9906
209223,4359
209226,5016
209236,6603
209240,3438
209244,5031
209249,7194
209259,8829
209274,8056
209281,6901
209298,9962
209313,0
209333,7088
209342,5485
209343,6274
209363,6922
209372,3378
209378,10344
209404,6116
209414,7203
209416,11686
209423,5888
209438,5837
209450,5107
209454,5699
209458,5838
209459,4429
209464,7542
209473,8652
209500,0
209501,13269
209503,9673
209508,6306
209535,7533
209540,7088
209549,20502
209554,5906
209605,10121
209621,7503
209624,5606
209626,0
209633,4750
209644,5722
209686,10272
209689,7430
209711,6443
209721,4602
209723,0
209726,7130
209731,7478
209739,5551
209747,0
209767,10920
209768,0
209777,4410
209795,6908
209818,7168
209823,7962
209826,8639
209849,5344
209851,5967
209859,9150
209865,10820
209872,0
209891,0
209896,0
209911,3532
209923,14851
209942,7365
209951,3489
209966,8832
209968,6540
209972,5216
209974,0
209980,0
209984,5391
209991,7295
210061,1964
210065,5206
210102,8324
210104,0
210126,0
210132,3977
210137,6248
210147,7178
210155,7465
210163,13570
210180,3745
210182,6309
210187,6443
210196,2649
210197,4431
210203,8444
210211,0
210221,0
210236,2938
210256,7883
210278,6114
210282,9515
210286,7539
210303,0
210317,6012
210331,9452
210348,5613
210392,4960
210405,5745
210406,8831
210410,8811
210414,0
210422,0
210424,3344
210430,3751
210438,0
210440,6126
210448,17870
210451,5552
210473,5676
210489,10350
210493,7386
210495,5859
210502,4509
210512,9599
210518,7048
210519,9721
210530,15566
210542,7836
210553,6313
210554,0
210570,11671
210571,0
210574,6289
210578,0
210580,11514
210598,4950
210618,0
210636,7248
210661,6127
210674,6778
210678,3801
210711,4587
210720,8652
210744,9248
210748,5876
210762,0
210765,7845
210786,6853
210823,6957
210828,5992
210832,7477
210834,0
210835,5158
210847,6867
210848,7855
210850,5884
210852,5496
210867,4904
210875,7315
210889,3922
210936,0
210952,5874
210957,7016
210985,0
211000,0
211011,4372
211050,7851
211056,13588
211061,8158
211067,7402
211068,3639
211071,10975
211091,6065
211102,7706
211104,4231
211111,0
211115,7800
211131,6850
211157,5266
211170,7379
211196,7056
211199,6933
211213,0
211230,4372
211266,5182
211288,6733
211291,5994
211294,3104
211296,6399
211314,14171
211323,4188
211327,6109
211334,0
211341,7297
211342,14362
211356,0
211361,0
211370,1895
211373,4385
211379,0
211397,3866
211408,10301
211421,8239
211422,4447
211445,0
211461,0
211462,8950
211465,5969
211475,6311
211482,10040
211492,8574
211499,6884
211504,7831
211523,8471
211540,4308
211546,8919
211549,9813
211561,6519
211571,6589
211575,6594
211577,5780
211598,7635
211625,4157
211629,5490
211630,7920
211634,5415
211644,15195
211659,6853
211664,0
211672,3574
211673,4706
211683,7452
211688,5789
211689,11772
211718,4502
211728,4811
211737,10042
211741,4352
211760,4162
211766,6398
211793,7582
211809,2387
211814,3675
211829,6750
211841,6087
211845,7506
211851,7172
211870,5455
211883,4124
211896,4836
211907,10130
211919,5960
211926,11191
211927,0
211933,4185
211938,6183
211952,3639
211995,7406
211998,4857
212010,9168
212012,5492
212015,0
212027,4677
212034,7488
212039,7947
212048,4917
212065,9424
212072,7399
212075,7792
212077,3593
212091,7577
212096,4498
212100,13828
212104,5480
212127,1478
212131,6173
212141,0
212159,0
212169,6148
212176,6173
212186,0
212197,3659
212201,7305
212208,5899
212227,6090
212229,8027
212257,5114
212261,4904
212266,24672
212280,11415
212281,7766
212293,7474
212336,5834
212354,6815
212356,7084
212357,6809
212367,6040
212397,7351
212412,4549
212420,14901
212427,9497
212436,2766
212447,5896
212508,7583
212517,6719
212519,2634
212520,4276
212543,0
212569,3629
212577,8012
212586,3826
212587,4465
212603,10573
212610,5558
212612,5530
212618,4632
212624,3342
212627,3494
212629,5282
212637,10525
212641,2657
212643,3358
212653,4592
212661,9654
212671,0
212672,8296
212673,4838
212690,0
212715,4850
212719,6911
212723,2287
212734,0
212738,8474
212743,0
212771,5444
212800,5731
212802,7756
212813,4605
212824,5429
212827,5416
212831,0
212833,6651
212837,6377
212846,7936
212864,9187
212866,7218
212868,6745
212876,12559
212897,4469
212898,5166
212943,4777
212955,5900
212957,6765
212958,6411
212964,4497
212983,0
212987,1328
213002,8763
213004,10872
213009,6462
213031,5868
213068,0
213076,8145
213078,6380
213127,0
213132,6072
213145,6094
213166,4856
213171,6160
213175,0
213179,8005
213192,4574
213198,6233
213200,7862
213202,10592
213212,6363
213215,0
213221,11611
213227,7176
213238,10931
213263,6724
213266,8595
213282,6281
213294,0
213295,4570
213303,3994
213323,0
213324,7679
213326,5464
213337,0
213352,3651
213357,6262
213362,9494
213367,0
213433,7406
213436,0
213440,10043
213446,3717
213488,4521
213490,6400
213497,3371
213515,8005
213519,0
213534,0
213552,5225
213565,5031
213572,5699
213574,4338
213589,7793
213591,6397
213592,9011
213593,3528
213617,4436
213619,5310
213628,3609
213671,0
213679,11620
213694,0
213716,8743
213720,0
213727,10702
213733,6803
213735,1182
213740,5854
213744,8493
213754,11666
213763,4677
213779,7632
213792,0
213794,5107
213802,7587
213804,0
213814,4385
213823,7832
213825,0
213830,0
213848,6963
213849,5515
213862,8805
213869,6159
213870,0
213883,9851
213895,3751
213901,10740
213908,4572
213920,8747
213949,9178
213950,5061
213970,9019
213986,8355
213992,10653
214005,4697
214037,8689
214044,4438
214047,10102
214073,10454
214078,7556
214085,0
214090,5781
214094,0
214120,2096
214122,7030
214125,3663
214142,8270
214154,7179
214159,3606
214164,6480
214185,6051
214186,10136
214197,4759
214204,0
214206,8107
214211,5553
214227,6289
214240,0
214244,0
214253,4943
214264,0
214267,6820
214287,4201
214289,0
214311,8013
214316,0
214329,0
214338,8447
214350,11429
214351,4207
214358,5725
214373,5757
214382,5471
214400,13313
214409,5973
214415,0
214417,3047
214420,3564
214434,9371
214437,0
214445,1796
214452,0
214453,6153
214472,9091
214481,6342
214497,8313
214503,3842
214505,4349
214515,4221
214529,4425
214541,0
214554,4650
214559,8347
214591,9111
214600,8462
214602,8587
214614,7702
214632,0
214647,7370
214650,6387
214656,4429
214658,7270
214674,6791
214676,0
214684,4963
214701,6794
214726,2822
214734,6492
214744,6143
214745,8030
214750,13354
214757,6722
214813,4063
214814,8871
214857,0
214860,0
214862,9959
214872,0
214873,9059
214878,4572
214879,0
214903,2330
214908,7190
214914,7604
214920,0
214925,0
214947,0
214967,6276
214977,10059
214984,5167
214987,5136
215000,10235
215012,6989
215013,5942
215020,6805
215021,0
215023,9433
215035,7100
215046,0
215057,5987
215060,5693
215066,7469
215086,3895
215091,0
215105,13402
215106,0
215126,9977
215127,7225
215138,5512
215141,4594
215148,6000
215163,8297
215170,2827
215177,4765
215180,5459
215187,0
215195,5626
215201,13555
215208,7438
215215,2202
215261,6698
215267,0
215272,5403
215278,7376
215319,11256
215328,0
215333,8850
215355,6757
215367,6558
215368,14442
215370,8182
215407,0
215422,3208
215452,5866
215493,4625
215503,5137
215510,9517
215513,6468
215530,7705
215540,2270
215546,5234
215550,1591
215569,7599
215572,5333
215582,9148
215592,5104
215599,2439
215606,7687
215625,6321
215626,6222
215628,6051
215651,0
215657,0
215661,8498
215673,5395
215687,4790
215703,4818
215730,0
215731,4847
215735,0
215744,3136
215748,9015
215751,0
215778,0
215785,1481
215800,4750
215807,4912
215816,4705
215831,6402
215837,2471
215843,4958
215851,6908
215859,4779
215861,5795
215888,7275
215915,6885
215925,6353
215968,10082
215969,3041
215975,0
215997,0
215999,5115
216002,0
216029,6929
216031,5164
216033,7407
216034,3887
216038,7461
216078,0
216082,6964
216084,6400
216089,4286
216092,2998
216101,12238
216119,6198
216135,4772
216137,7040
216140,6758
216141,0
216150,7975
216152,0
216157,6180
216162,3465
216173,8405
216175,6397
216180,6973
216187,5830
216197,6245
216215,0
216220,0
216244,0
216249,4307
216256,6793
216264,9527
216269,0
216271,0
216275,0
216288,6792
216290,9694
216295,8273
216307,7416
216314,7779
216326,6388
216328,4422
216333,8213
216337,8747
216352,4159
216361,0
216365,6087
216371,2144
216384,6089
216393,3714
216399,7751
216409,8262
216412,7451
216417,3788
216421,11725
216427,12431
216434,3328
216441,4075
216445,4345
216455,3003
216465,12966
216474,0
216486,0
216496,4989
216509,6280
216518,0
216522,12651
216531,8711
216535,10484
216542,9270
216559,3529
216561,0
216566,6773
216576,7298
216586,5324
216589,0
216606,2255
216607,7907
216616,5843
216623,7263
216635,8165
216637,11198
216639,3037
216656,8015
216662,5749
216666,6257
216667,4859
216679,7825
216690,9355
216691,11243
216708,5376
216722,3284
216724,7261
216734,7851
216740,4948
216749,8307
216772,0
216774,6026
216792,5971
216809,5406
216814,6635
216816,4427
216844,0
216849,5719
216853,2953
216857,2402
216886,4810
216910,5504
216941,6078
216943,6842
216952,10445
216960,5607
216962,6393
216990,6701
217001,10705
217037,18719
217041,4912
217043,3723
217045,0
217047,4436
217054,7024
217076,5188
217090,6894
217100,0
217112,9002
217118,5014
217124,6316
217125,0
217131,4555
217139,6964
217147,4923
217169,6650
217170,2549
217171,0
217172,3120
217174,7955
217196,14455
217197,5377
217203,4920
217237,0
217239,8263
217256,7871
217258,8002
217275,11474
217287,5366
217288,8308
217293,7421
217294,0
217302,0
217307,6644
217325,5476
217339,10160
217343,5965
217355,6966
217357,5468
217362,7204
217392,6430
217403,7320
217411,8073
217457,8325
217459,5402
217465,7646
217472,5427
217493,5348
217520,4477
217527,12489
217535,9178
217544,4268
217557,0
217573,0
217574,11591
217591,4645
217600,7450
217601,5979
217621,5375
217623,0
217627,0
217630,9804
217649,4671
217652,5111
217656,9898
217669,7016
217678,4116
217680,7136
217694,8468
217696,3733
217701,6395
217703,6065
217722,10371
217745,6585
217752,6697
217765,13027
217774,5115
217777,9190
217783,4481
217784,6814
217799,7009
217802,6033
217811,6542
217819,0
217824,6471
217826,2397
217827,4305
217835,0
217843,8038
217847,0
217862,7860
217869,6896
217870,8448
217871,9803
217873,5493
217883,6005
217902,0
217917,9496
217923,5889
217945,4478
217966,16849
217967,4625
217996,5889
218009,8838
218031,6573
218033,4018
218051,1518
218062,4159
218064,7884
218070,5116
218073,5353
218083,5907
218086,5805
218092,5898
218110,6508
218129,8217
218135,0
218155,0
218157,8033
218179,7187
218180,7927
218181,6519
218187,4520
218195,4598
218205,6786
218211,5453
218222,0
218229,8682
218239,5753
218246,6599
218270,0
218274,0
218290,7133
218296,4720
218300,6455
218303,0
218308,6243
218314,16501
218326,5599
218330,7867
218334,0
218341,6070
218345,3229
218353,6035
218357,0
218358,0
218359,4323
218363,6756
218386,3289
218396,8299
218397,7073
218398,12010
218403,11872
218410,0
218422,9034
218432,11989
218450,15005
218465,5368
218470,9565
218479,0
218487,0
218498,9051
218500,0
218506,4213
218520,8695
218536,13127
218541,2737
218545,6380
218565,4663
218598,7926
218599,11174
218610,6712
218628,4809
218631,15130
218634,4545
218635,0
218656,6348
218674,5460
218678,10143
218684,4948
218685,5758
218689,0
218706,5857
218713,10375
218715,0
218723,8348
218732,3030
218737,4974
218752,5918
218759,5870
218762,7431
218767,8631
218777,0
218796,8251
218799,9076
218806,6359
218808,2523
218810,11051
218818,0
218819,0
218833,8123
218841,1186
218857,5294
218860,6163
218862,7010
218865,9287
218884,9626
218893,7956
218907,7690
218962,7252
218963,9493
219002,5272
219022,0
219036,5727
219044,0
219046,5231
219064,11815
219082,5986
219086,12770
219101,13100
219105,6471
219106,5008
219108,10866
219132,7642
219136,8839
219140,5816
219147,10308
219152,5278
219161,6117
219168,7365
219174,8859
219177,5794
219191,5513
219197,4268
219200,9493
219207,8800
219210,7311
219215,11328
219228,9564
219237,0
219245,0
219252,14678
219259,5112
219260,9712
219265,0
219278,1534
219285,12004
219294,5008
219307,0
219308,0
219310,0
219316,5290
219325,3943
219334,8174
219336,0
219344,10668
219350,3380
219371,10079
219376,5926
219394,6250
219404,0
219418,17186
219421,5707
219425,7178
219427,14377
219429,0
219448,6608
219449,4589
219501,5995
219505,5682
219509,4162
219522,5685
219523,3745
219534,7161
219538,8523
219565,0
219569,4495
219576,7932
219581,7234
219601,11426
219632,5051
219639,8780
219645,6015
219664,3227
219682,10837
219690,13427
219695,5276
219698,10056
219699,8795
219710,0
219717,6479
219726,8988
219728,9435
219736,7254
219742,5169
219743,5810
219753,8811
219754,8466
219771,5013
219776,15800
219778,0
219786,5900
219791,6093
219794,6804
219814,5253
219828,8480
219838,7222
219847,9098
219849,6166
219852,7962
219858,0
219876,6305
219884,5314
219900,8332
219927,0
219932,5688
219950,8498
219973,6077
219988,9797
219999,11661
220009,6799
220013,6395
220022,0
220029,5853
220047,4754
220052,3053
220061,7904
220065,3026
220070,4298
220072,8114
220078,4027
220088,0
220089,4462
220108,8356
220119,9166
220137,4494
220138,0
220140,7512
220149,4524
220163,9251
220166,6567
220194,5789
220214,6932
220226,0
220268,0
220274,5292
220309,7227
220327,5783
220331,0
220336,6835
220345,7251
220365,6850
220374,0
220378,5766
220385,3241
220406,10516
220411,11332
220421,3737
220422,0
220425,5634
220428,3676
220433,0
220435,8126
220441,4532
220456,5839
220461,2788
220462,9190
220469,9232
220474,10520
220482,6487
220501,4108
220530,9214
220535,6470
220541,0
220558,4327
220565,0
220575,0
220576,8216
220584,6191
220585,6034
220592,11774
220597,5180
220599,4756
220602,0
220605,4543
220610,3176
220626,7417
220636,6986
220642,6223
220643,7919
220656,5567
220663,0
220664,8656
220678,5034
220699,7441
220707,8855
220710,0
220717,0
220722,19433
220725,8275
220732,7819
220738,3803
220751,5621
220791,4284
220792,5059
220802,9339
220803,4830
220812,6717
220830,6851
220834,11343
220844,6304
220848,3404
220866,3300
220877,0
220886,7074
220887,7734
220891,4935
220894,10190
220902,6136
220903,4210
220920,7235
220937,8829
220952,7297
220953,4142
220954,5148
220956,5526
220959,6151
220966,5107
220978,4572
220990,6809
221012,5077
221019,5999
221023,0
221034,4352
221035,8432
221059,8158
221082,0
221084,4630
221123,6355
221161,0
221165,9362
221169,0
221174,7272
221183,0
221189,9779
221197,10952
221199,7923
221204,0
221212,0
221214,0
221228,6648
221232,5604
221236,5433
221253,11399
221272,9898
221278,7092
221284,15555
221303,8444
221315,4326
221322,5682
221323,6288
221332,2377
221335,7003
221336,7903
221357,5825
221367,0
221380,4227
221395,0
221399,6424
221408,3875
221419,2958
221427,0
221430,8407
221448,4745
221455,0
221474,6049
221492,9150
221504,6724
221532,4995
221535,5978
221538,0
221542,5057
221549,3114
221570,7271
221572,0
221614,12504
221618,9561
221641,0
221647,0
221655,0
221656,6675
221679,6742
221695,11993
221701,5655
221705,5970
221746,6937
221747,6682
221748,5014
221752,4877
221757,6962
221777,9505
221797,0
221805,6986
221807,5292
221808,5929
221826,6846
221850,5387
221857,5467
221860,0
221861,9820
221867,0
221892,1697
221909,5315
221929,3215
221932,0
221934,13434
221949,5793
221953,11672
221957,5048
221961,0
221973,15009
221988,0
222057,6793
222059,11455
222060,2429
222064,0
222067,6885
222068,6004
222081,0
222082,6367
222087,5073
222090,7783
222129,6644
222140,8265
222145,5339
222151,5808
222172,6627
222183,4475
222189,6699
222224,3159
222232,7278
222236,0
222240,7769
222245,6202
222250,0
222267,5813
222272,5258
222285,9388
222297,5145
222308,12887
222312,4558
222318,5905
222321,5838
222323,2095
222339,6284
222359,9215
222363,5698
222368,11394
222381,10896
222387,10041
222390,9028
222411,13071
222414,1665
222432,0
222438,5629
222447,10222
222476,21187
222510,5619
222518,6958
222524,5159
222526,7366
222532,4915
222552,7049
222577,9328
222580,7103
222594,15659
222603,6861
222619,4888
222628,7454
222631,15440
222669,4951
222687,0
222694,0
222704,3790
222719,6362
222723,12634
222734,8341
222742,4906
222753,17434
222755,12935
222783,8050
222795,4556
222812,4969
222817,7921
222820,0
222844,5195
222855,4964
222862,6564
222863,7486
222864,5724
222881,3675
222888,0
222903,10872
222913,7336
222932,6335
222934,9426
222940,7421
222955,8836
222957,5617
222968,5867
222996,4101
223003,5576
223013,2584
223025,6466
223032,18912
223033,5864
223034,4928
223035,23164
223049,6108
223061,7926
223067,8546
223081,5323
223083,6113
223092,0
223104,7125
223107,3217
223146,4652
223170,6197
223175,0
223176,0
223182,2153
223201,5008
223204,10512
223206,9594
223209,17810
223212,5423
223221,4880
223232,5185
223260,4332
223296,9319
223321,5035
223339,4444
223346,8040
223360,0
223370,4866
223377,7092
223388,0
223394,6220
223429,0
223438,3246
223450,0
223464,5897
223476,4135
223490,7412
223509,4256
223516,7548
223517,12691
223543,5535
223545,6122
223552,0
223558,4290
223576,9553
223578,3659
223613,13475
223615,6014
223624,5593
223652,6526
223655,4065
223666,7054
223673,7688
223681,4657
223691,7055
223708,3497
223709,15513
223724,7319
223750,2519
223752,5862
223768,6184
223780,13691
223794,5787
223818,0
223820,6688
223824,0
223826,6069
223827,0
223828,6562
223835,0
223877,6240
223885,4702
223890,6564
223900,0
223908,0
223918,3815
223931,9475
223961,4905
223984,0
223991,8056
224015,5660
224063,5459
224067,7330
224080,9496
224088,2940
224103,6949
224106,3731
224120,0
224136,11409
224144,6776
224149,5669
224150,0
224155,5470
224158,7020
224169,6638
224173,3761
224183,4888
224185,6084
224201,5374
224220,10581
224226,6658
224229,7498
224232,4102
224239,7330
224245,0
224247,8830
224258,3396
224266,6042
224268,9892
224271,0
224282,8279
224286,4829
224290,10045
224291,7195
224295,7896
224301,7145
224328,10954
224337,4885
224346,7791
224347,0
224359,7052
224372,4236
224393,7040
224397,0
224403,7173
224420,0
224423,6217
224425,6726
224444,0
224450,20946
224459,9316
224497,8364
224503,6100
224506,9496
224515,0
224526,9206
224527,7651
224544,7712
224551,4505
224552,3223
224557,7840
224561,4880
224566,7384
224569,9180
224573,2910
224581,8293
224590,0
224602,8320
224611,7033
224627,7005
224640,7385
224641,5142
224670,6131
224685,3279
224686,0
224697,8913
224698,0
224701,7092
224713,6705
224720,5933
224730,9441
224736,10452
224740,6212
224742,6711
224747,10893
224750,0
224753,14713
224768,5885
224774,7101
224783,8279
224784,0
224797,11946
224806,0
224822,7706
224826,2386
224832,1349
224842,0
224854,3620
224856,7419
224863,5069
224884,7336
224891,5077
224892,16816
224914,0
224927,4903
224932,5873
224961,6612
224962,1628
224968,5948
224980,5701
224988,4401
224996,6074
225005,1220
225015,5700
225025,5473
225027,1371
225041,8553
225044,0
225052,3343
225054,7998
225059,5167
225060,8891
225064,5037
225098,0
225101,8148
225108,15502
225114,6382
225121,7591
225133,4805
225137,6774
225156,4280
225162,4773
225163,4851
225173,5651
225174,7433
225182,7490
225194,5163
225196,6988
225206,6712
225210,5246
225218,14521
225268,11655
225282,6274
225287,9519
225296,10251
225299,0
225301,5452
225309,4778
225323,0
225342,0
225355,7731
225386,3593
225394,0
225403,7686
225425,6735
225434,4755
225453,5386
225455,9083
225473,6226
225477,11452
225496,0
225497,5065
225498,9177
225506,9427
225516,8183
225519,0
225540,0
225543,4445
225557,9726
225578,7216
225581,5216
225597,0
225608,4906
225612,6904
225618,6365
225632,7589
225634,6472
225642,7501
225647,6356
225669,14742
225680,7911
225684,11170
225686,6449
225695,7887
225701,5052
225728,7827
225730,4418
225735,3157
225740,0
225742,7449
225766,0
225770,4704
225772,4353
225792,8545
225798,5143
225802,6298
225810,3375
225819,6968
225832,6344
225851,7246
225864,0
225868,4996
225869,10818
225873,8105
225879,6339
225890,0
225898,4205
225908,7378
225917,0
225919,5551
225927,4386
225930,7018
225943,4903
225957,7147
225958,4140
225972,0
225978,5587
225982,7020
225990,6518
225994,7026
226005,6540
226007,8358
226033,6049
226040,18575
226045,0
226052,4579
226064,4783
226073,0
226078,10217
226089,9032
226099,7077
226111,7122
226114,0
226127,4718
226130,5828
226136,7224
226139,5165
226147,11397
226153,7967
226160,3776
226170,7405
226193,6296
226203,6513
226208,7613
226212,9896
226213,3149
226214,4937
226227,0
226256,4927
226257,10334
226262,8401
226265,0
226272,4466
226276,3878
226285,5444
226295,7977
226298,7515
226304,6145
226309,6054
226311,5905
226342,8954
226349,11226
226377,8100
226385,0
226398,0
226402,4764
226403,4858
226423,0
226440,0
226442,5976
226495,4117
226512,5167
226513,9169
226532,5710
226542,0
226546,11029
226550,4614
226552,0
226564,5072
226567,7474
226571,6994
226578,0
226580,3346
226583,6827
226584,5476
226617,7645
226631,0
226647,13470
226649,3727
226687,8939
226717,7087
226728,6851
226748,4740
226761,5807
226769,8634
226775,10518
226788,5971
226794,0
226797,13179
226800,12368
226801,8621
226806,4332
226819,0
226822,0
226829,6018
226834,7022
226840,7848
226844,8757
226851,5661
226853,5237
226856,9558
226871,10336
226872,5509
226885,4845
226890,2830
226893,7182
226908,8821
226922,0
226927,0
226934,6724
226935,5939
226937,5544
226945,0
226958,8757
226975,4975
226982,6724
226983,0
226994,0
226998,7400
226999,9937
227000,8284
227011,0
227049,2756
227051,6021
227059,15729
227095,9722
227103,4720
227130,4021
227141,5906
227146,5416
227147,4195
227148,4797
227171,8529
227172,0
227199,7566
227208,9178
227213,5204
227223,5878
227227,10677
227233,0
227236,4837
227238,8319
227248,9915
227255,9087
227263,6657
227279,0
227284,5721
227286,7459
227289,0
227293,10791
227328,0
227332,5350
227342,4710
227358,7158
227365,4844
227371,5005
227378,4428
227381,0
227392,0
227415,2819
227446,0
227461,6069
227488,8447
227498,3569
227522,9117
227523,4996
227535,3899
227544,6030
227564,3710
227593,4151
227612,4035
227618,9258
227620,0
227636,3978
227638,9154
227650,7532
227657,5638
227681,13257
227686,0
227695,5608
227698,5805
227718,5226
227733,0
227750,0
227752,5109
227765,8666
227779,7193
227781,12648
227784,1361
227821,9051
227822,9200
227831,8229
227841,6211
227850,0
227858,6143
227859,5111
227882,5746
227894,7543
227910,9907
227914,5705
227929,6700
227935,7798
227950,5481
227955,5777
227968,5002
227979,0
228006,0
228029,9555
228043,4768
228053,5971
228061,4700
228064,3672
228083,7699
228086,4475
228093,4320
228115,6229
228134,5622
228143,7483
228147,0
228169,5079
228182,0
228189,0
228192,6448
228210,7259
228234,6595
228236,5668
228247,11405
228252,6758
228268,9373
228271,4739
228283,4997
228284,6517
228295,5865
228305,4101
228310,6844
228344,4578
228349,0
228360,5949
228368,7235
228382,8447
228397,6286
228401,0
228402,6643
228404,0
228409,4740
228427,8341
228430,20090
228437,11482
228438,4745
228449,6756
228455,4311
228461,9945
228464,0
228465,10004
228470,8711
228473,7513
228474,0
228484,4600
228487,4744
228512,3839
228515,6125
228524,6899
228531,4109
228535,4068
228541,1232
228554,0
228561,4190
228566,5043
228574,5785
228588,3864
228610,0
228611,12242
228613,5604
228632,5679
228640,5525
228643,0
228648,9116
228651,0
228670,8159
228688,13598
228690,0
228691,7508
228705,0
228715,4004
228720,0
228722,0
228757,0
228794,9165
228797,5663
228801,5661
228816,6318
228825,8231
228849,0
228860,0
228863,8291
228877,5733
228879,8436
228880,9020
228895,6111
228918,3346
228921,0
228934,6610
228938,4762
228949,3315
228962,3776
228976,6687
228979,0
228981,0
228984,5764
228995,5266
229000,7865
229004,6745
229015,7771
229020,0
229025,1787
229030,15698
229037,0
229039,0
229040,0
229041,7857
229044,4732
229046,6118
229060,0
229062,6163
229078,0
229085,4951
229088,8055
229104,7112
229113,4843
229115,4847
229116,5023
229121,11719
229127,2741
229160,4095
229161,10344
229179,11714
229187,7806
229201,10889
229207,5781
229220,9681
229225,0
229228,5793
229229,0
229232,8723
229247,0
229258,7813
229269,4414
229288,8315
229292,6030
229298,8305
229307,7126
229309,4475
229313,11818
229314,10937
229322,8539
229328,0
229336,7401
229348,0
229368,6635
229376,6489
229377,6544
229378,0
229395,10326
229397,5360
229421,7999
229427,7136
229434,15528
229436,2724
229437,0
229464,8606
229469,10152
229505,6462
229514,13520
229516,4867
229530,5123
229532,5483
229558,5398
229566,0
229574,4758
229587,6120
229612,7801
229615,2660
229618,5113
229620,10626
229634,6247
229648,4070
229649,4450
229672,6361
229681,4419
229713,5745
229714,8442
229719,10355
229726,7690
229737,3363
229743,18281
229746,4458
229797,4426
229811,5174
229820,6184
229825,3538
229842,5332
229857,6364
229860,8581
229878,8886
229880,2274
229883,9077
229887,7820
229897,0
229902,0
229903,5563
229918,5906
229922,0
229951,0
229959,22108
229961,0
229974,4464
229999,6995
230000,9086
230017,4374
230025,9290
230054,0
230072,4868
230073,7436
230085,8155
230090,5142
230109,4167
230115,7805
230130,6041
230132,10388
230143,8189
230156,6750
230161,14224
230169,0
230189,10956
230200,4156
230201,5725
230212,7012
230216,0
230221,5492
230222,4544
230224,11537
230229,8433
230232,0
230242,4005
230267,2187
230290,15112
230294,4921
230295,8512
230298,7125
230303,6621
230308,0
230313,7796
230317,13983
230344,8102
230353,6136
230354,8177
230363,3951
230369,0
230374,4934
230377,3998
230379,4221
230383,4987
230385,12970
230389,6195
230390,6421
230403,12838
230409,0
230412,10617
230416,4758
230421,9674
230429,5250
230430,5547
230432,0
230436,0
230443,0
230455,2875
230467,10880
230470,6207
230472,7203
230481,25509
230483,0
230486,10730
230522,10557
230550,5947
230555,8118
230556,2489
230563,7831
230573,9041
230575,5379
230579,2924
230580,7452
230588,7583
230590,0
230610,0
230626,0
230627,6117
230629,12463
230636,2808
230655,9380
230657,6314
230659,0
230660,7639
230666,4671
230667,15191
230680,6251
230740,6702
230746,13232
230749,0
230759,8163
230775,10375
230779,3202
230786,0
230788,4045
230797,4438
230827,4809
230828,0
230842,1980
230853,6592
230859,0
230863,11283
230900,14835
230901,0
230904,2253
230911,5099
230932,6614
230938,6628
230939,7831
230958,0
230986,8688
230988,3680
230989,5993
230992,8177
230998,5880
231003,5149
231020,7808
231039,5809
231073,19434
231089,3246
231093,5746
231135,6594
231139,4006
231170,12582
231195,0
231220,7979
231225,3148
231232,10044
231233,5328
231270,10705
231271,7153
231275,7015
231277,6219
231280,6479
231282,4632
231290,9869
231301,4343
231311,8682
231332,2056
231353,6780
231355,6507
231371,5887
231377,4661
231382,4760
231403,6530
231407,6359
231410,6004
231412,6523
231418,7444
231422,5468
231425,11594
231468,6030
231481,6427
231494,3156
231502,8189
231506,9775
231547,17200
231565,8828
231568,5230
231576,8837
231584,6981
231603,4615
231609,6693
231610,0
231611,7632
231612,7242
231625,3981
231631,5381
231641,6061
231655,0
231664,6134
231667,4419
231676,9978
231687,5716
231696,3141
231707,3645
231711,6949
231715,8846
231717,6346
231722,8459
231742,7035
231749,4019
231764,4559
231766,6544
231774,15484
231792,6978
231794,5694
231796,5959
231800,6007
231811,5439
231812,5770
231814,7347
231817,7770
231819,7015
231837,11114
231839,6500
231866,3540
231875,2760
231877,7103
231880,11300
231886,0
231903,3375
231906,15317
231908,12568
231922,8911
231926,2254
231931,11520
231941,0
231955,3949
231958,8271
231969,9041
231977,4074
231978,0
231983,8812
231984,0
231988,5852
231993,9001
231999,5539
232019,4239
232022,7542
232023,5999
232031,6498
232037,12080
232051,6152
232052,5500
232062,3251
232063,8109
232065,7314
232068,10156
232075,0
232091,10261
232098,7569
232105,11200
232118,4823
232127,3948
232131,4618
232138,0
232177,13362
232184,7281
232206,21816
232218,5372
232228,12280
232239,7889
232240,8316
232251,9773
232290,7467
232300,8004
232334,6580
232339,4416
232346,4906
232356,3833
232358,5485
232360,7183
232373,0
232378,0
232380,4449
232381,0
232387,8890
232391,7505
232410,0
232411,6029
232416,7824
232429,4976
232432,4718
232445,5271
232451,5528
232459,7912
232461,0
232467,0
232493,5378
232504,0
232512,0
232533,4789
232535,0
232538,6971
232539,5256
232544,0
232551,7303
232570,7997
232574,12631
232576,11715
232597,0
232644,0
232662,7358
232665,10536
232666,9600
232675,5892
232683,12946
232691,25549
232697,7370
232729,6508
232730,7426
232737,0
232738,3749
232753,7154
232756,5039
232772,6915
232797,5234
232805,8974
232813,0
232827,1718
232839,8411
232842,2360
232853,2754
232859,3407
232894,9557
232901,8326
232909,4373
232915,5842
232921,11006
232924,6219
232927,8352
232937,0
232938,7355
232953,7746
232965,0
232966,8546
232984,7937
232993,5837
233006,9451
233052,0
233056,4177
233058,2765
233066,6173
233070,5828
233080,10604
233086,2759
233128,3722
233146,0
233158,5764
233159,5651
233169,0
233170,4465
233172,5232
233176,0
233177,8766
233188,10534
233199,5837
233203,6244
233219,9913
233222,4081
233223,5542
233228,4436
233242,5297
233245,0
233257,5610
233260,4433
233276,0
233289,6954
233296,8704
233313,5066
233373,14510
233378,6647
233401,9835
233410,0
233437,8408
233444,5205
233447,13526
233448,3078
233454,0
233459,7183
233475,6534
233507,8599
233508,6067
233510,6924
233522,7792
233535,4779
233538,8268
233544,6241
233547,5337
233569,5320
233570,0
233578,4728
233584,1940
233596,2174
233617,0
233627,2492
233632,0
233639,1448
233640,7007
233643,3794
233647,3822
233650,8087
233662,5184
233668,6513
233688,5102
233693,4398
233699,6237
233733,0
233736,4859
233757,3962
233760,11070
233770,0
233774,8458
233791,7370
233800,19108
233807,5314
233810,0
233811,8573
233812,5189
233816,5994
233819,13516
233821,7448
233834,4305
233838,11792
233851,0
233858,0
233860,6479
233865,5133
233875,10446
233876,7523
233883,4063
233889,5712
233894,5287
233908,7658
233913,4667
233948,9495
233952,0
233991,7943
234019,4011
234023,6000
234032,4593
234037,5448
234039,5362
234056,7402
234060,7296
234069,5305
234076,3286
234078,3399
234080,8726
234088,0
234094,3212
234108,0
234110,2498
234114,10901
234115,10872
234121,7150
234122,0
234136,7825
234146,7981
234148,5691
234156,4941
234163,4980
234164,6964
234186,5396
234199,3725
234208,7971
234235,9267
234267,4223
234268,5676
234270,17047
234275,0
234288,4210
234292,10433
234296,0
234304,5937
234322,10775
234333,3223
234347,6145
234351,8158
234376,0
234378,14370
234383,7412
234386,4904
234394,4524
234405,0
234409,4899
234427,6014
234450,7104
234460,6249
234462,6885
234486,4261
234489,0
234496,8257
234539,3714
234556,0
234563,5205
234576,5763
234578,3315
234579,2617
234584,0
234590,5122
234594,0
234608,7995
234610,5328
234611,7068
234629,0
234642,7125
234643,5462
234656,2883
234658,17341
234662,4894
234675,4107
234684,6636
234693,7299
234715,8156
234741,8329
234744,3925
234756,4968
234794,7659
234798,9533
234807,5858
234826,6992
234836,15220
234841,10720
234848,0
234882,6499
234906,12066
234911,6777
234917,5614
234927,6316
234943,5108
234962,9017
234989,6375
234996,4456
235002,0
235004,4784
235005,6531
235012,4456
235014,4707
235016,12040
235023,6610
235034,4369
235050,6377
235059,0
235074,7267
235079,3651
235091,6372
235106,4113
235125,3965
235133,10043
235135,13473
235137,9387
235141,4687
235145,4358
235150,5324
235158,6785
235159,7966
235161,7102
235185,4486
235205,5606
235216,3284
235234,8559
235241,4389
235258,6449
235261,8315
235278,9472
235292,4936
235326,8153
235338,8405
235340,5766
235341,0
235345,2783
235363,8042
235376,6684
235396,6728
235417,9283
235421,3130
235422,4149
235427,5555
235446,0
235455,0
235486,16944
235488,5897
235510,6736
235512,9983
235525,5212
235534,10743
235542,10309
235547,0
235553,6218
235567,11512
235573,6307
235589,13843
235605,9032
235617,0
235618,5058
235632,9444
235644,10278
235651,5026
235666,8640
235670,5658
235679,5892
235687,6525
235692,0
235693,3980
235699,6621
235702,5363
235712,8644
235713,3925
235724,6740
235725,6195
235734,9212
235735,13481
235738,6236
235742,5372
235758,5043
235759,5530
235761,6495
235778,5755
235786,12133
235788,8103
235789,8851
235801,4443
235802,11125
235816,4055
235833,4758
235848,0
235850,4784
235867,5799
235871,7721
235876,4720
235881,4871
235883,6999
235892,4085
235921,6697
235927,8372
235933,7190
235965,8204
235968,4222
235972,9491
235973,0
235974,4910
235988,0
235991,4052
235993,14920
236009,3336
236011,4718
236013,6184
236022,5536
236030,5509
236036,5750
236042,16018
236055,2738
236086,0
236093,9012
236102,6648
236111,5642
236116,5424
236127,13280
236136,0
236151,5744
236158,4590
236162,5830
236169,5194
236171,4479
236185,10379
236206,4483
236211,8329
236218,5102
236222,5301
236226,9932
236231,7353
236234,4851
236238,17457
236245,0
236292,5998
236307,2917
236331,0
236356,4961
236359,8167
236381,7065
236387,0
236431,3233
236435,5444
236447,8702
236452,8413
236457,7398
236461,8944
236462,0
236463,1463
236470,3478
236471,8749
236479,0
236480,8156
236488,0
236489,8285
236491,5649
236492,0
236496,0
236502,2612
236508,6342
236519,10808
236530,9955
236531,8048
236540,7709
236544,11511
236553,0
236567,0
236575,4650
236576,6083
236578,5633
236586,7804
236629,6176
236632,10195
236641,5805
236656,4090
236670,1763
236683,3928
236685,6593
236713,6298
236719,0
236722,7044
236734,22737
236735,7691
236740,10424
236754,3864
236757,20035
236760,11540
236770,7383
236781,6024
236784,0
236787,5779
236791,7523
236800,8429
236812,3485
236814,10013
236818,3734
236835,5759
236864,5088
236865,12186
236874,4371
236880,0
236884,4786
236891,10316
236899,6985
236909,5034
236924,0
236927,0
236931,6362
236945,7358
236966,7005
236973,5127
236993,3038
237005,11842
237012,0
237015,5097
237020,6423
237028,6216
237033,0
237035,11929
237037,0
237057,5128
237063,3498
237078,16957
237101,7190
237124,11342
237137,0
237140,0
237202,0
237203,7412
237212,6675
237215,1973
237226,0
237227,6004
237233,2998
237242,8935
237267,5552
237269,8657
237272,6831
237274,0
237276,2974
237279,7391
237282,0
237290,8049
237293,5144
237317,5278
237346,0
237347,4149
237349,7625
237363,8865
237365,9560
237387,5171
237401,5353
237406,20027
237432,6526
237440,3751
237443,10865
237470,6646
237506,6886
237534,5497
237539,4626
237540,1926
237550,9650
237553,5955
237566,5121
237581,4301
237583,9063
237586,2012
237594,3452
237597,4470
237617,5504
237618,0
237632,7066
237634,8049
237641,10707
237653,3435
237681,13140
237687,5447
237699,4798
237704,9196
237709,11178
237715,0
237721,3866
237743,9445
237744,5399
237757,6492
237767,2765
237788,4858
237792,4309
237795,3910
237811,2895
237819,7309
237823,13049
237832,12867
237855,0
237858,4988
237883,3847
237889,0
237894,7779
237921,7023
237923,9617
237939,3520
237941,4124
237969,5292
237972,8310
237974,6071
237975,13398
237988,0
238005,6277
238008,3769
238022,5671
238025,12412
238043,3572
238044,5470
238060,0
238065,5691
238067,9127
238099,5530
238103,0
238114,5488
238137,5664
238144,1322
238146,4610
238147,7711
238150,4056
238158,4453
238178,1581
238182,5727
238183,5534
238212,6071
238213,5598
238220,3702
238221,10485
238235,7484
238243,9829
238263,6772
238285,7933
238288,7056
238295,5106
238297,0
238301,0
238303,8354
238330,10068
238346,7850
238360,0
238366,8675
238381,6116
238388,4794
238398,6360
238401,4883
238408,6537
238411,5808
238423,0
238452,1544
238454,9573
238456,0
238464,6356
238489,0
238496,6533
238507,2403
238520,7714
238526,6510
238531,3007
238538,0
238583,13124
238594,7592
238597,4705
238603,7472
238616,4685
238639,14285
238641,4869
238642,0
238692,6254
238704,5469
238728,5799
238746,3921
238747,5184
238758,5073
238776,3211
238779,4997
238792,14193
238811,11831
238814,6712
238831,13249
238844,0
238866,3584
238876,8040
238890,5062
238913,3591
238919,3899
238941,6892
238947,10213
238957,9467
238970,1672
238978,7359
238984,11104
239029,7869
239030,6227
239038,4964
239040,4625
239042,6451
239054,15363
239055,7214
239061,3825
239072,4474
239077,8818
239083,0
239087,8874
239097,9160
239103,8867
239117,3854
239124,8025
239127,18803
239134,5004
239162,3862
239172,6693
239174,12942
239181,3944
239182,4776
239186,10491
239187,8043
239191,2679
239210,10608
239218,8204
239220,0
239223,6476
239225,6567
239239,0
239262,5855
239263,5826
239289,5739
239334,0
239338,6251
239339,4284
239367,3300
239379,3983
239380,6659
239387,3037
239390,8302
239396,5203
239399,4831
239401,4903
239411,6413
239438,7228
239442,3968
239466,10466
239467,4830
239468,0
239472,0
239476,6176
239499,3262
239522,0
239532,3354
239562,0
239567,6183
239571,10359
239573,8124
239575,4112
239584,8887
239593,7945
239596,6560
239637,0
239645,7345
239664,15539
239675,4750
239676,11087
239684,6370
239686,6497
239688,0
239693,3384
239701,2247
239710,9916
239720,0
239725,4624
239739,4422
239752,5738
239754,5914
239769,27313
239770,3756
239773,9628
239787,7037
239788,0
239799,0
239801,0
239806,8169
239818,6747
239822,7151
239839,4384
239841,7516
239848,4112
239854,14101
239858,7367
239867,6001
239873,0
239879,0
239889,0
239931,4361
239936,6072
239943,6020
239951,4854
239955,0
239958,4015
239986,8560
239990,4091
240033,4469
240064,2986
240073,7509
240102,0
240113,10658
240114,9723
240123,5466
240132,5340
240141,0
240142,1123
240148,5948
240159,5487
240163,5589
240170,3860
240191,6658
240192,5326
240196,4495
240219,20072
240244,4556
240254,4242
240255,6415
240260,6721
240265,6956
240297,15368
240310,5075
240318,8647
240329,4070
240334,7661
240339,1898
240344,11125
240359,16331
240386,6765
240395,4084
240411,6187
240445,14128
240456,7549
240461,0
240473,0
240479,6155
240490,1531
240503,0
240506,0
240523,6234
240530,11736
240533,5091
240540,8631
240566,6598
240568,6585
240583,5612
240584,8115
240607,5487
240623,7631
240630,5826
240632,5840
240656,5416
240662,5940
240663,8790
240669,5314
240678,5947
240691,0
240694,7748
240699,4352
240700,7401
240736,4894
240745,6145
240753,4901
240763,5851
240768,0
240794,4155
240801,5718
240821,7718
240829,7089
240831,5568
240833,4536
240839,14153
240843,6587
240874,8815
240885,4489
240888,7946
240901,0
240904,0
240914,4722
240923,3191
240926,5745
240927,2575
240928,18657
240931,5569
240946,5855
240968,4926
240970,10940
240984,6445
240987,9167
240993,3139
241015,5478
241016,0
241056,0
241058,4381
241065,0
241069,4953
241074,0
241112,8408
241114,2597
241129,6609
241131,0
241148,3352
241150,0
241154,0
241191,5729
241207,5645
241212,7460
241267,4690
241282,6451
241285,6388
241290,4027
241291,13928
241308,4720
241311,10636
241314,9943
241322,6666
241325,6548
241326,6252
241332,6917
241346,5431
241350,6061
241355,7703
241363,7526
241364,0
241371,5509
241383,6824
241387,0
241396,7626
241416,12523
241419,10429
241423,8386
241436,13206
241439,6563
241440,9397
241447,0
241454,0
241461,6167
241470,5903
241481,4950
241497,3876
241499,5094
241504,4497
241511,7388
241515,5527
241532,6526
241559,3488
241561,13289
241572,5591
241573,0
241591,3675
241592,0
241594,3247
241595,5563
241599,11463
241603,0
241616,6130
241619,1350
241631,5378
241633,4225
241644,5409
241647,10644
241648,5828
241667,11818
241671,15189
241689,4232
241693,5969
241706,7837
241715,0
241740,6317
241741,3568
241744,6617
241745,10607
241751,14071
241756,4833
241772,7256
241821,0
241830,0
241847,12575
241884,9076
241887,17609
241901,4543
241913,7989
241914,6067
241917,12354
241940,8423
241969,0
241981,10525
241991,0
242011,2784
242022,4099
242026,11242
242039,7303
242060,14705
242075,0
242076,7859
242091,5415
242099,6706
242104,4771
242106,5727
242123,5081
242132,9277
242136,12866
242137,5712
242140,4973
242143,0
242162,4426
242175,2554
242179,0
242193,5051
242194,10721
242202,6160
242220,4034
242225,4158
242243,0
242276,9713
242282,6160
242286,5912
242320,7013
242363,6770
242378,6151
242382,5671
242410,12668
242411,6988
242414,5355
242419,7932
242431,5485
242448,9951
242451,5196
242455,15070
242460,6149
242471,4310
242474,4660
242476,8878
242480,13023
242484,7082
242540,6753
242546,10887
242554,8667
242564,5172
242574,8845
242585,0
242601,8299
242609,0
242615,8422
242648,0
242653,3462
242654,8683
242664,8673
242672,11595
242673,6418
242692,6941
242703,6876
242712,9314
242713,8432
242734,0
242735,5519
242759,12026
242766,0
242781,4661
242789,4378
242797,12041
242798,5406
242801,4766
242803,4574
242810,0
242841,5186
242844,9124
242848,4971
242860,7599
242874,6000
242924,5857
242940,12074
242955,0
242966,7735
242972,0
242975,6923
242980,7137
243002,0
243004,2754
243024,5304
243035,6330
243044,7330
243045,6503
243047,6964
243068,5264
243070,0
243078,7319
243082,8375
243093,5629
243118,0
243121,5447
243123,4079
243125,10927
243132,11714
243150,4730
243151,7368
243152,11905
243159,0
243171,0
243176,3800
243197,4858
243200,3434
243204,7186
243207,4521
243209,6487
243214,0
243229,0
243251,5541
243260,7869
243263,3100
243284,6933
243292,9991
243322,4022
243344,4280
243350,7639
243375,6120
243384,0
243412,12006
243433,0
243435,5848
243439,6954
243440,7226
243448,2772
243457,10977
243459,0
243463,7031
243464,7367
243467,6833
243469,5715
243474,5509
243486,0
243491,5161
243503,0
243539,3874
243566,4298
243567,0
243570,4055
243596,0
243604,5075
243609,0
243616,0
243628,7287
243643,6471
243653,9547
243656,6488
243659,5703
243664,5323
243667,6665
243670,8509
243675,6743
243678,6930
243734,5975
243759,5438
243774,6135
243796,5921
243807,7109
243815,6011
243818,4814
243827,10050
243828,5318
243846,6583
243847,7252
243863,12110
243887,5502
243903,7013
243939,5318
243940,5945
243942,3710
243948,11962
243960,13982
243964,2158
243967,8144
243977,3225
243981,7642
243997,6107
244014,7268
244039,8477
244042,7178
244045,8337
244048,0
244056,10361
244067,0
244086,6348
244100,15854
244101,3547
244102,0
244123,8102
244126,4082
244144,10992
244149,3905
244157,4296
244172,6345
244175,6641
244185,8725
244187,8192
244202,7823
244204,7198
244229,11938
244235,0
244236,10023
244238,0
244244,6442
244255,10521
244268,0
244269,3508
244276,4896
244297,6058
244298,6237
244331,18918
244359,8250
244374,7932
244378,5094
244411,0
244415,4150
244417,5732
244458,3693
244460,0
244470,7033
244471,10015
244475,6131
244477,7507
244484,8271
244490,4647
244519,3850
244520,2011
244524,0
244528,0
244556,1287
244578,4572
244584,9115
244585,2952
244591,8450
244597,6766
244605,4393
244631,3416
244641,6823
244661,0
244665,6273
244674,5432
244682,5425
244690,6563
244721,6867
244728,6227
244763,4219
244771,5417
244787,2515
244796,9526
244799,6920
244815,19016
244827,8592
244853,3200
244855,0
244885,10925
244886,6380
244893,6134
244919,7603
244929,9165
244934,6590
244951,0
244961,9256
244970,5528
244973,5693
244974,7221
244978,9046
244980,9162
245017,4770
245023,6891
245030,9056
245038,6650
245046,6665
245061,5802
245064,8511
245075,9182
245080,6909
245086,3877
245092,7849
245097,0
245114,6952
245129,3072
245135,5638
245140,5491
245161,7427
245171,6702
245193,6517
245198,6108
245226,7506
245231,6728
245232,6517
245234,2183
245241,5105
245242,0
245267,4700
245283,4269
245290,4777
245293,4741
245302,4898
245312,3980
245330,5133
245335,9453
245340,8967
245342,3229
245349,6351
245358,7662
245394,5131
245400,6397
245412,4160
245429,5815
245444,7269
245445,0
245460,5709
245480,7800
245499,7312
245502,7324
245512,7425
245522,0
245525,0
245550,5045
245552,0
245553,5840
245573,5712
245591,6933
245598,3700
245599,5012
245639,8585
245652,0
245667,7551
245670,6591
245690,7588
245695,6158
245746,5501
245756,11339
245760,5250
245762,10045
245772,6586
245786,0
245795,6688
245802,5063
245807,7509
245808,0
245811,13320
245816,11045
245819,10355
245830,10947
245840,6740
245861,8333
245862,5309
245874,6073
245877,1352
245885,4424
245887,5942
245893,0
245898,4758
245901,9786
245916,0
245918,15868
245919,8598
245935,5473
245936,0
245938,4764
245945,3767
245953,6285
245957,14944
245965,10744
245976,3990
245986,7994
245998,6179
246009,4672
246023,0
246037,6079
246039,8336
246050,0
246053,0
246060,12826
246062,4639
246088,4714
246106,0
246108,16712
246120,7226
246127,6197
246128,4436
246137,0
246142,5479
246157,3888
246159,7306
246172,0
246181,0
246183,6154
246193,3187
246204,0
246227,9088
246238,9371
246240,3370
246257,8129
246262,0
246263,7426
246278,4585
246281,8678
246298,11438
246305,2558
246318,5655
246324,7626
246332,6359
246333,2237
246338,9343
246339,3712
246341,6507
246346,7103
246360,9451
246367,3430
246393,8979
246413,5183
246436,7097
246438,5063
246442,14833
246463,9472
246480,6523
246485,7650
246506,3816
246512,7632
246515,4686
246517,0
246521,0
246527,8099
246534,25527
246542,4805
246556,12147
246573,4591
246582,4688
246586,0
246596,10125
246597,12131
246607,5518
246629,5545
246637,5581
246650,5984
246671,7080
246685,0
246687,5488
246695,0
246704,4859
246717,5272
246733,9554
246746,0
246767,8670
246775,4870
246791,8923
246799,4549
246819,9381
246820,8933
246825,4462
246830,5835
246836,17395
246845,0
246847,4559
246873,4480
246880,6713
246889,7126
246893,5618
246896,4001
246903,4618
246915,0
246923,10732
246952,4116
246953,7207
246960,3206
246963,7090
246968,4495
246990,7317
246991,7616
246993,8345
246998,3972
247001,0
247017,5311
247021,7290
247022,0
247041,6065
247045,0
247061,10955
247065,0
247069,9511
247075,13177
247076,9771
247078,5942
247086,0
247096,28400
247101,4222
247108,4214
247136,6075
247141,13913
247145,6018
247149,5477
247153,7501
247155,5401
247163,8191
247168,7326
247178,9906
247182,6245
247201,5966
247212,0
247226,6798
247227,10282
247228,7000
247231,7357
247253,4539
247266,8064
247289,6620
247293,4969
247307,4423
247333,9683
247337,3470
247340,6734
247353,0
247359,6224
247373,10600
247375,0
247401,6095
247411,17905
247419,4891
247424,3170
247431,3436
247448,0
247449,7070
247451,5888
247452,10384
247455,3692
247484,0
247499,12881
247509,6959
247510,4356
247520,0
247530,3891
247532,3069
247559,3750
247560,6354
247565,9853
247575,3324
247593,1445
247595,3631
247608,8196
247622,11897
247647,8041
247653,0
247654,6484
247662,0
247671,0
247677,0
247684,7177
247692,4928
247693,5700
247720,6206
247727,9331
247755,4544
247774,6566
247779,6623
247783,3859
247806,8488
247831,2502
247836,12105
247840,6352
247850,4825
247851,11961
247852,6048
247854,10487
247877,0
247885,11606
247903,0
247905,0
247916,3896
247930,0
247933,5699
247934,6089
247964,0
248000,5854
248004,5184
248032,6170
248042,5055
248053,6727
248055,0
248070,5283
248080,4260
248093,0
248094,7009
248106,5634
248122,4649
248129,5428
248145,4895
248150,8381
248164,8355
248165,4598
248184,13597
248193,3311
248205,0
248218,9263
248232,9518
248240,8859
248255,7393
248271,6014
248284,15334
248293,7045
248312,0
248314,3529
248317,3822
248322,7219
248325,0
248334,5414
248339,6393
248345,8269
248364,5116
248366,6320
248367,5698
248371,5693
248373,8139
248382,0
248397,6384
248399,6411
248409,9816
248413,8656
248435,15004
248442,7634
248444,4720
248457,11293
248473,8901
248497,5387
248509,10611
248514,4181
248530,5008
248533,10890
248542,7827
248565,0
248568,3017
248585,4971
248608,3670
248625,6152
248654,8281
248659,13180
248679,0
248690,0
248700,0
248729,15238
248738,8190
248740,6173
248743,0
248756,3972
248773,5400
248777,5903
248799,0
248821,4594
248856,4542
248857,4851
248858,7768
248861,7436
248864,3223
248866,6939
248889,5112
248893,6289
248914,9195
248915,0
248947,4613
248961,4733
248986,6717
248987,7563
249003,7987
249012,3354
249019,0
249039,5857
249058,6658
249061,10179
249063,6279
249080,5778
249081,0
249093,0
249098,0
249108,6004
249134,0
249142,0
249144,7832
249145,0
249161,15402
249170,4753
249173,6700
249183,13778
249217,7532
249222,7518
249234,11185
249235,9594
249241,4260
249257,6270
249263,4259
249265,5245
249276,11061
249293,8739
249318,11308
249322,4851
249326,0
249334,2480
249338,4135
249339,4344
249358,5281
249368,3862
249372,0
249386,10966
249389,17206
249390,13949
249393,4068
249406,7522
249408,3880
249435,4956
249442,5143
249444,0
249452,5875
249455,0
249465,868
249496,0
249506,7726
249509,3275
249516,7719
249537,7400
249542,9744
249544,0
249545,24093
249548,7362
249554,10191
249563,6953
249572,7890
249581,5853
249586,5140
249612,7884
249620,8118
249630,10942
249637,0
249663,0
249691,9065
249699,5390
249702,5231
249748,0
249749,10219
249761,4046
249772,3613
249785,4111
249800,0
249831,7204
249835,7625
249844,5313
249847,9522
249853,8183
249854,9518
249870,10831
249892,4714
249897,0
249910,5641
249915,6280
249916,5152
249940,7169
249951,7245
249963,4211
249971,7160
250002,0
250007,7817
250018,0
250022,6723
250027,0
250046,10227
250049,10419
250087,7460
250109,0
250142,7277
250145,5700
250173,4163
250174,2816
250175,0
250176,0
250193,0
250194,9764
250201,5739
250235,4472
250241,8738
250248,2499
250282,8886
250308,6976
250320,5475
250322,3165
250327,3497
250338,10758
250352,7337
250355,14745
250361,6632
250363,8132
250376,12622
250407,4772
250410,9287
250415,2593
250441,9972
250453,23210
250460,4676
250462,0
250472,4098
250488,5038
250498,0
250511,2459
250528,0
250534,9967
250536,4479
250551,3319
250554,0
250564,7514
250567,5799
250587,3969
250590,13193
250593,5888
250618,3415
250619,0
250623,3504
250632,0
250634,5901
250638,5169
250644,0
250652,6754
250661,4732
250666,4454
250674,6742
250683,0
250690,6470
250696,0
250740,5509
250744,5195
250751,8771
250776,6162
250781,6516
250784,4744
250812,4457
250815,7266
250819,14204
250823,13610
250833,5227
250841,8629
250846,5286
250851,10010
250857,9608
250870,3121
250871,10557
250876,0
250887,0
250905,7015
250922,8777
250925,5619
250936,5472
250939,0
250940,5027
250956,5208
250964,5540
250966,0
250968,8767
250970,5115
250971,1543
250973,7406
250978,5888
250992,3983
250993,0
250999,8847
251002,5994
251008,0
251024,8792
251027,3799
251053,4672
251054,5506
251067,0
251070,6304
251073,4696
251093,0
251109,4666
251112,6092
251120,3854
251121,11085
251144,6723
251147,5985
251148,7746
251163,3852
251165,7477
251171,7363
251175,12743
251177,4162
251183,18894
251189,3954
251191,9394
251215,7497
251227,7415
251258,0
251261,4067
251264,8820
251285,13923
251295,6990
251305,0
251310,0
251328,8378
251331,3909
251333,5876
251347,2021
251361,5024
251365,4893
251375,6182
251381,4621
251389,0
251394,0
251402,6053
251413,15528
251415,5085
251437,10986
251459,9018
251465,6156
251497,2252
251505,12256
251525,0
251527,10804
251533,0
251558,4285
251587,8966
251599,3514
251601,15185
251606,9975
251619,26636
251627,22366
251636,8663
251644,7796
251646,9181
251652,5866
251661,7367
251662,7786
251668,7897
251671,4072
251679,5192
251680,0
251687,6935
251689,6271
251697,7480
251719,5856
251738,10513
251754,6832
251770,0
251798,0
251816,3867
251831,0
251837,5037
251838,4987
251845,5487
251852,6912
251854,4476
251856,6369
251859,5272
251866,8381
251876,8378
251884,4933
251894,10219
251897,4672
251900,0
251901,0
251906,12938
251918,0
251943,4740
251949,9270
251953,8068
251963,4446
251982,4121
252005,10953
252009,3011
252014,6841
252016,4763
252031,8557
252033,7849
252038,7966
252039,9263
252048,10133
252052,7400
252060,0
252061,0
252075,6187
252078,8209
252079,7857
252090,9579
252095,9860
252098,4080
252102,5244
252108,1820
252119,4684
252120,4865
252122,7696
252123,0
252126,5469
252135,0
252136,14573
252141,2030
252152,4592
252158,6125
252180,7930
252186,1720
252197,4935
252204,3884
252231,7803
252234,5378
252238,5069
252242,9873
252245,6089
252248,5847
252251,10062
252253,8287
252268,7420
252298,7737
252300,8978
252301,4009
252317,5769
252336,0
252350,4905
252359,8179
252361,4374
252370,9233
252400,0
252401,5430
252437,0
252440,7730
252444,4522
252469,7354
252473,7095
252491,6448
252494,4007
252498,5177
252508,13650
252541,5277
252542,0
252547,8866
252550,6448
252552,5088
252568,5075
252575,1163
252600,6069
252616,9212
252617,4514
252623,5921
252636,10125
252643,3173
252675,4118
252697,3605
252698,7866
252702,6376
252707,5883
252713,9133
252715,8385
252734,8736
252737,6054
252747,0
252749,9406
252779,11872
252798,2807
252800,5813
252817,6920
252820,7756
252829,0
252849,7294
252855,8573
252872,6283
252877,0
252904,5180
252924,0
252933,0
252947,3414
252948,2012
252952,5530
252954,4800
252962,5034
252980,0
252984,7642
252999,9031
253011,6728
253021,0
253036,5753
253051,5283
253064,5994
253068,6954
253103,5227
253132,2805
253139,0
253145,5106
253150,5536
253177,6457
253182,7184
253209,7538
253236,5590
253259,3135
253262,4956
253273,0
253284,7341
253288,4185
253293,3709
253314,8871
253316,6653
253319,4353
253365,5572
253368,4567
253370,10045
253381,13399
253385,10122
253395,0
253403,4510
253435,5822
253437,9706
253438,0
253457,5549
253473,3115
253482,0
253493,5780
253506,2653
253511,6703
253514,6610
253526,5159
253530,4361
253540,5204
253541,0
253559,12815
253562,4847
253564,5454
253568,0
253582,6568
253600,7409
253609,3242
253623,6119
253632,10185
253636,4212
253642,0
253647,0
253651,6682
253666,0
253679,7109
253686,8520
253688,7140
253692,6840
253700,3298
253722,3443
253723,0
253739,7601
253742,2599
253747,0
253748,4710
253756,4735
253759,5271
253761,4749
253772,4800
253780,10541
253786,5408
253798,4310
253829,4503
253835,5877
253844,0
253855,8221
253869,0
253907,0
253913,5429
253918,3970
253949,0
253950,4731
253966,7433
253973,8521
253977,0
253982,4237
254014,6574
254047,9081
254048,0
254057,5071
254098,6928
254179,9089
254182,10227
254193,10382
254196,6367
254216,0
254226,5326
254238,6920
254251,8630
254274,2771
254277,5930
254286,5987
254287,3973
254291,21547
254313,14593
254329,5831
254336,3823
254339,13769
254341,4178
254344,5141
254347,6412
254349,5482
254350,0
254351,5075
254378,6259
254379,5715
254385,6472
254405,5816
254414,5078
254422,3064
254434,5500
254448,0
254470,7375
254477,0
254488,0
254490,5083
254493,4581
254507,3975
254522,0
254539,4438
254550,6102
254562,9752
254584,10510
254589,19914
254616,7767
254622,4945
254631,6843
254633,6486
254653,10512
254655,10521
254656,6663
254663,2333
254681,0
254701,5248
254709,8120
254724,11386
254732,6614
254740,10385
254747,6990
254792,15282
254808,6080
254820,11202
254864,2326
254880,9510
254899,7897
254908,5962
254917,6784
254924,0
254939,9103
254943,0
254981,5978
254992,4070
254999,6813
255011,0
255013,9008
255020,8106
255022,0
255028,0
255046,8769
255051,7519
255085,4113
255091,0
255097,0
255102,0
255119,16316
255134,7334
255150,4718
255168,11299
255199,3351
255201,8951
255263,5296
255282,3473
255301,9636
255302,7153
255310,8077
255312,5599
255321,9464
255370,0
255371,7027
255373,9245
255378,7836
255380,3323
255389,0
255395,0
255405,7453
255410,7570
255413,0
255415,3736
255435,7398
255484,4171
255485,0
255491,0
255502,0
255507,4233
255516,7804
255522,7557
255534,3659
255536,7880
255552,6858
255566,5546
255569,4076
255572,3928
255592,0
255618,0
255619,3046
255639,10720
255641,4343
255648,4582
255652,0
255658,6575
255661,4502
255670,0
255673,7438
255682,5266
255702,7968
255717,11079
255720,0
255722,6831
255741,3736
255747,8379
255749,8533
255759,10968
255760,4463
255775,4811
255801,0
255803,9839
255807,3376
255820,5308
255826,4628
255849,5296
255852,6666
255859,0
255893,5292
255902,8719
255911,0
255933,25684
255951,7086
255960,9974
255963,9972
255964,4981
255974,0
255975,0
255976,4960
255989,8744
255994,6122
255997,6167
256001,6360
256060,4515
256066,0
256075,7616
256084,11901
256124,7381
256126,7342
256129,7234
256134,8351
256149,8486
256159,5204
256176,0
256178,8244
256190,4307
256199,0
256204,10500
256211,5339
256223,5534
256224,8010
256226,6826
256227,0
256231,4041
256233,7251
256237,8331
256238,4684
256251,4023
256282,0
256284,7658
256289,5448
256299,5369
256307,5811
256317,0
256324,6035
256325,6078
256328,4499
256335,6121
256371,6263
256379,0
256391,0
256398,4140
256405,1624
256408,5142
256410,7587
256411,5586
256422,5528
256427,7152
256428,8973
256435,8091
256437,4953
256441,3025
256443,5480
256445,4501
256449,20089
256454,5704
256455,8566
256471,1249
256487,8001
256501,8885
256530,8696
256533,5759
256536,4760
256560,8418
256577,4078
256582,3581
256583,4728
256593,5756
256594,6677
256602,0
256614,3033
256621,11079
256628,7982
256639,0
256656,0
256666,11483
256678,0
256679,13120
256683,0
256684,5783
256700,7824
256737,4183
256746,0
256748,5951
256750,6353
256770,0
256774,5288
256779,7830
256810,9107
256813,10091
256831,6295
256850,5297
256853,12790
256864,5147
256880,5096
256919,7001
256925,4226
256933,6919
256936,2905
256946,12891
256949,0
256980,5123
256982,3250
256996,8622
257007,6365
257039,3636
257045,8197
257047,0
257053,4524
257055,5099
257068,3096
257072,5709
257081,9533
257083,10834
257086,5827
257102,3570
257123,5485
257136,8445
257138,7875
257142,10829
257154,0
257160,0
257162,6569
257167,4716
257181,5445
257201,4346
257223,4167
257229,8666
257232,3530
257233,5711
257239,4501
257270,1781
257279,7958
257283,7207
257290,8640
257295,4504
257303,5693
257326,5919
257334,5121
257338,6962
257339,11329
257342,7237
257359,9501
257403,3888
257405,5946
257440,5937
257446,7566
257452,5265
257466,5235
257478,0
257509,4590
257528,5312
257531,4643
257535,0
257537,7954
257547,9027
257558,4981
257587,6675
257594,13043
257605,6464
257606,4044
257608,12260
257611,0
257612,7695
257613,5469
257617,6040
257664,7737
257713,5265
257715,0
257725,8594
257752,3668
257779,15104
257784,17840
257793,5848
257801,8478
257806,3704
257812,0
257836,0
257842,5561
257853,4466
257863,0
257887,8747
257890,6352
257892,15699
257906,7488
257919,5446
257920,2357
257924,0
257938,6246
257945,5729
257946,0
257950,4771
257952,6023
257955,6348
257957,2956
257968,6101
257972,5040
257982,5842
257985,1510
257992,4276
258001,0
258002,2197
258007,2625
258012,11730
258015,3697
258026,0
258045,0
258046,0
258069,0
258073,7049
258094,6814
258095,3133
258110,5499
258128,7834
258152,15771
258156,0
258160,0
258167,8098
258175,0
258177,6232
258203,7515
258216,5042
258227,7518
258229,3269
258247,5574
258256,7063
258259,6485
258264,6828
258275,0
258279,0
258284,0
258286,0
258291,9170
258295,7030
258297,10010
258301,11293
258305,5832
258309,5492
258315,13960
258320,6799
258340,7949
258341,0
258356,6573
258360,8041
258370,0
258376,0
258378,6197
258389,12572
258393,7172
258404,5299
258406,5432
258415,10094
258457,4640
258463,0
258474,3156
258475,6774
258478,14975
258490,0
258491,7070
258510,9257
258511,7554
258512,6241
258521,12647
258525,9773
258540,6638
258544,6617
258552,0
258568,0
258574,10964
258582,13999
258588,15375
258614,9490
258631,4207
258637,7395
258648,7589
258659,7525
258669,7222
258687,14269
258688,8353
258690,7561
258693,15528
258700,4523
258715,11139
258717,5670
258726,4579
258754,4580
258804,11968
258809,0
258825,7369
258828,5444
258835,7104
258848,3598
258870,5675
258878,5656
258896,6656
258910,0
258911,6414
258925,0
258933,4581
258939,0
258951,5612
258952,2759
258954,0
258961,14697
258966,6897
258967,6653
258974,6649
258987,5579
258989,10493
258990,8941
258996,4905
259000,13124
259011,5704
259012,7994
259014,5628
259023,6112
259042,4351
259046,6993
259055,2109
259059,8554
259061,5020
259066,5913
259067,5882
259077,0
259090,12114
259125,14637
259127,7517
259128,4180
259138,9176
259146,8746
259160,5992
259173,9320
259183,3686
259199,5454
259211,7273
259228,4781
259234,6846
259235,0
259240,4468
259246,8288
259248,8684
259253,5628
259294,6468
259306,8484
259307,7032
259308,12193
259309,4114
259340,6047
259349,0
259357,5601
259374,9188
259387,8544
259391,0
259418,5896
259426,5928
259434,0
259436,6440
259441,11455
259449,0
259454,11533
259457,3480
259458,5693
259470,5805
259479,7200
259484,8399
259492,0
259508,8042
259557,7481
259565,4704
259572,5396
259580,4052
259583,7640
259620,8063
259634,0
259635,7040
259636,0
259649,7891
259652,6595
259653,0
259700,9385
259712,5724
259757,5405
259760,6208
259762,3628
259775,3665
259790,7334
259795,7942
259825,11915
259833,8022
259837,8490
259863,0
259881,5666
259887,8348
259888,4510
259892,0
259903,5258
259904,7888
259907,7249
259915,5068
259937,12899
259939,0
259958,9232
259960,8340
259964,6766
259975,6348
259976,5505
259977,3286
259986,4401
259988,9011
259992,4742
260001,4665
260028,2655
260033,0
260040,5296
260055,2907
260062,5745
260067,6086
260069,5317
260087,2791
260098,6015
260099,25018
260121,0
260124,10374
260142,12529
260154,8867
260155,0
260165,5815
260167,5699
260170,6228
260179,11918
260208,7499
260237,7965
260243,10463
260281,8101
260286,9642
260287,3277
260289,5999
260294,7300
260299,5812
260313,0
260314,3600
260332,6726
260338,0
260342,7226
260355,11295
260402,4226
260410,6364
260423,4457
260425,6938
260442,13708
260457,6175
260462,16829
260464,6315
260468,5663
260472,4974
260473,4628
260479,4052
260482,8077
260490,8764
260518,6058
260540,11925
260550,8991
260552,0
260593,7421
260596,6787
260619,7683
260621,0
260623,4808
260638,4343
260645,5527
260669,6828
260673,0
260716,10804
260729,5621
260738,5025
260768,4884
260776,7628
260788,0
260789,4279
260793,0
260794,0
260795,3663
260811,9021
260832,4576
260835,3649
260837,9145
260847,4668
260852,5041
260853,6206
260858,4620
260874,8860
260878,8196
260881,6106
260882,8932
260885,5233
260897,3415
260908,2449
260914,7735
260916,3769
260930,9854
260968,4780
260976,6695
260985,7747
261009,8258
261013,6672
261014,0
261025,0
261032,6649
261038,5687
261048,0
261053,9909
261072,2271
261088,0
261108,0
261110,4949
261115,8708
261117,4452
261126,11357
261130,6052
261143,7367
261156,3840
261158,3940
261159,6116
261175,4334
261186,3929
261198,2616
261209,9031
261239,0
261250,0
261293,4519
261295,9388
261339,9715
261352,6687
261353,6821
261391,4942
261398,5674
261418,5478
261419,4081
261444,7348
261445,3187
261475,7622
261481,4961
261487,6037
261494,9965
261501,15475
261504,4690
261507,5628
261514,8061
261569,5613
261572,2038
261577,8671
261586,3056
261593,10141
261608,7892
261614,5315
261618,5369
261628,9735
261640,7309
261660,4772
261672,5470
261673,0
261675,5121
261693,6284
261751,12977
261757,4807
261758,4290
261760,6510
261764,5754
261787,9671
261791,8581
261810,0
261819,11658
261829,8378
261833,6992
261836,4002
261839,11318
261867,6886
261872,0
261884,0
261893,4987
261897,6257
261903,8283
261909,0
261928,7805
261931,3146
261934,9134
261954,0
261974,5083
261979,0
261980,3772
261982,0
261985,5980
261996,5753
262004,0
262022,4496
262027,0
262053,2288
262060,0
262063,5565
262089,8440
262103,4616
262105,6020
262111,7113
262113,7886
262116,9302
262130,9352
262137,0
262141,9450
262156,6261
262158,0
262173,6735
262176,0
262178,6564
262204,8428
262216,0
262217,7123
262223,5273
262240,14416
262253,4738
262267,2699
262275,8616
262278,3244
262283,0
262289,8166
262300,5188
262301,5695
262306,7942
262360,8162
262402,4569
262462,0
262482,9033
262483,6073
262498,7842
262505,6165
262514,3914
262530,0
262544,6408
262549,3529
262550,9848
262558,3669
262565,9767
262578,9020
262579,7991
262580,3161
262584,5033
262589,5168
262606,4297
262609,11526
262614,0
262628,6977
262649,0
262672,0
262675,9836
262679,3520
262686,6854
262687,6088
262689,5961
262694,0
262698,0
262706,14545
262714,0
262732,0
262742,5347
262743,5011
262761,4036
262764,5465
262784,4759
262792,0
262797,0
262809,8107
262833,14210
262857,4772
262876,1991
262906,0
262911,3653
262917,0
262933,8389
262944,7637
262954,0
262959,11935
262970,0
262973,4651
262974,8154
262992,0
263017,8998
263025,7748
263044,0
263045,4845
263059,6366
263101,7349
263105,5524
263109,0
263133,5662
263135,4518
263136,0
263138,0
263144,4553
263151,5170
263157,5719
263170,7277
263176,2786
263179,7097
263201,8522
263205,8385
263209,0
263217,5613
263224,4835
263227,6117
263247,5193
263248,6120
263255,6752
263256,0
263265,0
263308,9185
263334,0
263348,5570
263370,7223
263375,4610
263377,3796
263381,6330
263388,4236
263392,6725
263393,9294
263419,3224
263436,6208
263440,6230
263444,9898
263461,8513
263477,6213
263478,3015
263486,22412
263512,5114
263521,0
263524,9169
263543,10560
263559,7697
263570,5343
263583,6142
263605,5780
263611,4086
263616,5003
263621,10380
263632,3644
263633,0
263641,9169
263674,5621
263685,8099
263687,5537
263700,5768
263702,5979
263725,10621
263728,3777
263759,5566
263767,7564
263773,7064
263793,10658
263797,6452
263801,6594
263810,16258
263827,5992
263834,7843
263851,6955
263856,8815
263885,10492
263899,7395
263902,13346
263910,16061
263944,0
263946,5758
263976,0
263980,0
263982,8171
263983,6441
263988,9814
264002,10059
264005,4056
264009,8555
264012,3119
264032,0
264036,0
264045,10481
264050,3952
264066,3975
264072,1966
264098,0
264111,8452
264117,11026
264129,5537
264135,6292
264149,5469
264150,7530
264156,0
264202,10324
264280,6590
264324,5068
264332,8238
264355,4849
264367,5023
264370,5580
264412,8554
264420,7930
264421,5953
264442,11380
264445,7108
264448,0
264455,6860
264461,2185
264463,6367
264466,0
264491,0
264528,4132
264548,4635
264557,9829
264560,4070
264562,4537
264571,0
264592,7799
264617,0
264637,5297
264648,8991
264696,5465
264702,6037
264704,5367
264705,6399
264710,6367
264712,5938
264762,2365
264770,0
264789,8807
264816,0
264817,0
264851,8109
264859,7975
264866,8035
264874,0
264879,8803
264906,10076
264916,9499
264919,9650
264929,8700
264931,4307
264938,0
264949,4894
264974,5731
264977,7895
265030,4715
265041,4529
265057,0
265060,11474
265064,0
265088,0
265105,6450
265108,0
265118,6795
265125,4943
265132,7127
265149,6329
265160,0
265170,3802
265174,7075
265179,0
265184,0
265187,6932
265193,21714
265196,0
265202,6198
265216,5411
265217,5436
265243,8958
265258,4904
265259,6507
265264,10520
265268,0
265270,4175
265281,8054
265282,5628
265305,0
265336,4259
265346,5763
265357,10254
265376,5263
265392,6472
265394,7200
265408,4999
265409,0
265411,0
265434,3861
265453,9280
265460,0
265487,7495
265488,5723
265490,7595
265507,0
265516,4735
265524,0
265526,5940
265531,3966
265532,3815
265534,8361
265537,20211
265541,3714
265543,5938
265552,0
265558,4622
265561,0
265571,0
265593,5769
265596,5758
265605,6723
265624,7817
265639,2182
265644,4222
265654,10943
265675,0
265687,3013
265737,5729
265740,4773
265742,6151
265760,5661
265771,4155
265774,5076
265792,6152
265794,10137
265795,12562
265796,4597
265808,8193
265812,0
265813,9077
265819,3876
265822,4634
265843,0
265858,7202
265870,9891
265871,0
265891,7347
265903,4103
265908,6782
265914,5095
265915,8807
265927,11774
265929,5312
265939,3976
265950,5290
265951,5336
265952,0
265960,4553
265989,6166
265998,7813
266003,2938
266005,4568
266028,6298
266030,3208
266055,7552
266057,5835
266072,4524
266084,10180
266086,8189
266120,3692
266121,7127
266129,11866
266131,4372
266154,10592
266160,8172
266183,0
266187,7666
266233,3837
266235,6393
266246,0
266252,9652
266255,5718
266256,0
266259,4874
266267,11518
266268,9750
266270,5567
266281,12380
266289,0
266311,6897
266319,3914
266321,6601
266325,0
266344,0
266356,7082
266357,7201
266361,5750
266364,5671
266371,5520
266374,0
266383,2422
266405,13039
266412,6301
266418,4683
266430,5157
266435,8677
266440,8925
266461,0
266467,3405
266478,3677
266485,5588
266488,2626
266500,6280
266521,0
266532,0
266537,11108
266538,8386
266557,6793
266563,8075
266570,5121
266573,9696
266585,6534
266593,0
266595,12998
266600,6174
266606,6999
266611,5958
266612,0
266627,6461
266629,9929
266641,9978
266643,0
266644,18195
266646,8034
266654,8203
266659,0
266662,3077
266665,8066
266686,0
266689,4188
266706,8291
266739,0
266751,0
266763,7092
266767,5065
266771,6877
266782,7349
266810,0
266817,5025
266827,6122
266849,7789
266852,5005
266870,0
266878,6292
266897,7440
266900,0
266904,5320
266909,8660
266910,4004
266912,6408
266913,0
266926,0
266930,6253
266947,0
266958,4121
266970,0
266971,4940
266980,7582
266981,0
266982,11358
266984,8433
266989,0
266993,6710
266997,6105
267033,7650
267038,7105
267040,7653
267041,8947
267056,6733
267062,5636
267065,7016
267074,7488
267080,0
267088,6384
267106,7306
267123,4862
267127,7881
267157,10851
267242,1983
267256,0
267274,10150
267291,5920
267301,4016
267312,6129
267315,7182
267316,5717
267336,10429
267346,4824
267360,8193
267365,7883
267378,6817
267394,6058
267395,5927
267396,5414
267412,6413
267456,2458
267460,5277
267461,7313
267466,7613
267469,0
267483,6692
267484,9788
267493,7783
267494,5284
267510,4174
267512,8152
267534,20178
267565,7518
267567,16790
267580,10949
267584,6393
267599,4557
267601,5674
267615,0
267619,5894
267621,6780
267624,6158
267630,5356
267639,2958
267643,5293
267653,9033
267661,4633
267663,7666
267664,6238
267682,5120
267687,6318
267693,0
267718,5979
267722,13449
267729,9157
267744,4873
267752,0
267766,9120
267769,4738
267778,6960
267782,3991
267798,5115
267806,6317
267825,4772
267830,6813
267874,5293
267875,5013
267888,3987
267904,5312
267923,5018
267943,4735
267949,5321
267951,10342
267960,0
267963,2455
267971,0
267972,5851
267979,13019
267980,5016
267998,8790
268023,6851
268024,7555
268073,10040
268077,12784
268079,0
268081,5427
268084,5013
268093,4719
268107,7332
268111,5866
268115,3959
268117,4542
268119,7999
268120,0
268121,4900
268128,5448
268147,8132
268183,4835
268187,5706
268204,4127
268215,10173
268223,0
268233,6732
268257,7025
268258,7378
268266,0
268275,15365
268276,3253
268280,4706
268286,5011
268288,9606
268300,7515
268319,3399
268320,0
268329,0
268333,0
268334,6321
268346,5096
268380,10370
268389,6095
268399,5833
268407,0
268414,10430
268419,5358
268430,5526
268437,3785
268447,10157
268452,0
268455,5238
268465,0
268482,5459
268483,4464
268486,0
268489,4937
268495,8669
268520,0
268528,4260
268531,7178
268533,5012
268534,4182
268538,4037
268540,6179
268547,7175
268556,6156
268557,0
268572,0
268583,5705
268586,8581
268594,4934
268598,12338
268603,7495
268609,4776
268623,15774
268626,0
268643,3920
268665,3624
268683,0
268693,5241
268701,8281
268731,0
268737,7158
268746,5007
268763,10701
268783,17588
268787,0
268795,5014
268803,4222
268808,6855
268813,6095
268820,7333
268826,8286
268859,6634
268866,0
268869,5019
268875,5653
268894,5724
268907,7859
268914,3784
268974,8445
268977,5457
268987,6945
268990,0
268996,7391
269001,10305
269008,0
269038,8756
269047,9316
269054,3908
269070,2795
269075,6326
269077,7283
269105,6479
269107,0
269110,0
269112,6532
269124,0
269130,3973
269133,6376
269142,5507
269146,4308
269172,0
269175,0
269179,14631
269184,3067
269204,0
269214,4372
269217,7068
269218,4628
269222,9728
269224,6806
269225,0
269229,3847
269232,9362
269234,6006
269244,5749
269261,0
269264,1550
269276,10863
269281,10904
269288,4250
269291,9757
269292,6753
269304,8663
269311,5734
269313,11378
269338,7630
269344,4231
269353,7009
269369,4703
269381,15178
269386,0
269387,7085
269389,0
269393,8818
269401,8842
269406,5661
269413,3629
269414,3719
269418,10201
269422,0
269424,6030
269448,0
269466,7055
269475,7882
269484,0
269490,8123
269491,6702
269512,0
269517,6738
269521,5775
269524,5180
269531,3878
269535,0
269536,0
269564,7022
269567,7248
269572,13432
269589,0
269594,6157
269605,4266
269608,0
269618,1356
269645,15287
269651,2972
269668,0
269674,9516
269697,7952
269699,12761
269702,5169
269705,4638
269712,7665
269720,6228
269726,5743
269729,0
269730,5987
269736,4708
269744,5830
269753,0
269754,5029
269777,9860
269786,8889
269788,0
269792,12252
269796,7433
269807,8177
269818,5938
269820,6309
269822,0
269857,4915
269892,7480
269895,5595
269911,9995
269915,7828
269938,10400
269939,5557
269940,0
269950,13318
269953,0
269955,0
269959,0
269962,9797
269978,9849
269988,4992
269996,0
270007,0
270011,6597
270024,5217
270038,0
270046,3837
270085,4536
270091,7293
270109,0
270113,7975
270117,13231
270129,0
270148,6976
270176,6625
270189,8785
270203,4970
270214,13093
270224,3248
270238,4372
270268,9106
270278,9903
270295,5547
270298,8039
270316,6413
270321,0
270327,10008
270336,7950
270344,7722
270345,0
270351,0
270369,8392
270394,8594
270395,6690
270405,5935
270407,6689
270409,5797
270410,4271
270414,6648
270421,18674
270426,4601
270431,6223
270445,10261
270446,4202
270451,5019
270454,5715
270457,11130
270467,3910
270472,5535
270489,4128
270499,3010
270503,3794
270528,6550
270543,4393
270553,0
270556,4833
270564,4390
270584,7992
270585,7070
270587,0
270590,12162
270601,3801
270612,8028
270614,9116
270615,6310
270629,8146
270630,0
270640,17246
270643,7592
270680,7850
270687,4688
270694,0
270695,0
270709,6418
270722,0
270730,12772
270749,13183
270756,8471
270759,3881
270761,6196
270768,6788
270836,4341
270841,2536
270846,7134
270853,5906
270861,7337
270869,6176
270885,3489
270901,8353
270911,3809
270925,0
270928,5457
270929,3744
270942,4050
270953,5940
270959,6184
270964,7104
270966,6138
270974,6294
270980,10500
271005,9159
271012,0
271031,0
271038,6195
271039,11173
271044,6377
271051,4842
271052,4114
271071,5066
271073,9562
271084,7162
271086,7246
271092,7397
271105,0
271132,4413
271134,8174
271142,7401
271144,0
271145,7155
271163,6476
271183,3172
271186,0
271195,4744
271199,11708
271210,0
271220,6640
271230,6690
271233,8597
271235,1757
271237,4579
271241,0
271246,8106
271251,4082
271275,14550
271295,9889
271300,6354
271322,3919
271323,0
271324,0
271328,8218
271331,6980
271332,8587
271352,4754
271375,9907
271384,5949
271413,0
271416,7735
271426,9987
271429,4608
271441,6880
271445,3938
271447,9341
271449,4497
271455,0
271456,0
271459,4584
271476,8540
271488,8945
271511,6759
271516,5650
271522,8189
271538,5298
271557,4013
271560,4268
271567,0
271574,6368
271589,5052
271594,4431
271619,4502
271628,6397
271631,8740
271639,5977
271642,0
271646,6101
271647,8916
271655,4308
271657,8207
271658,5770
271688,10617
271691,6461
271708,7922
271713,4211
271723,3556
271726,7323
271729,6825
271731,14889
271732,6667
271750,7861
271756,6816
271760,7398
271769,7648
271776,7859
271789,4462
271825,5964
271833,9065
271834,7957
271837,7316
271841,5025
271847,6010
271855,0
271890,18426
271904,0
271922,5388
271936,8577
271943,0
271949,4737
271970,4221
271974,8584
271979,7063
271987,7297
271993,9863
272009,0
272015,6516
272018,2215
272061,6437
272091,10631
272111,3991
272113,6003
272119,6343
272121,8723
272127,12213
272165,2415
272171,0
272173,0
272198,4412
272210,5516
272219,9104
272226,3533
272232,3665
272236,5133
272254,8594
272256,6263
272280,4635
272283,6393
272286,3436
272288,4461
272292,5702
272294,9278
272309,10658
272317,5765
272330,5898
272340,0
272342,7921
272353,0
272358,6049
272371,0
272386,4669
272388,6115
272392,8499
272409,0
272410,11735
272412,5279
272420,9486
272425,9263
272432,6210
272440,5023
272441,10080
272458,8729
272459,7314
272477,10663
272483,4533
272489,0
272490,7539
272500,5455
272502,2952
272519,3614
272526,3857
272528,7261
272530,8318
272538,3008
272578,6886
272583,8709
272602,4987
272629,6761
272637,6249
272647,9665
272669,3969
272674,6494
272695,0
272726,5171
272728,8019
272745,4583
272752,6254
272786,3364
272806,0
272819,5714
272830,10140
272835,26252
272847,7917
272870,0
272889,6344
272898,8768
272901,4295
272905,6702
272917,4328
272935,6611
272936,4659
272937,7976
272981,4369
272988,7656
273014,7135
273015,7085
273016,3969
273035,8557
273039,0
273049,5325
273062,0
273066,7375
273084,0
273106,0
273112,4554
273123,5775
273126,0
273133,6558
273143,5729
273148,5658
273163,4527
273166,2599
273179,0
273184,0
273185,5811
273188,3999
273193,6092
273229,11346
273232,9799
273245,0
273249,5079
273251,5738
273260,0
273273,4793
273275,5807
273290,9334
273302,14444
273303,5377
273304,0
273322,13299
273338,0
273340,0
273347,6200
273348,9455
273349,5432
273361,8205
273364,0
273365,4584
273385,0
273393,0
273421,8465
273422,6433
273430,5002
273433,4570
273441,4860
273462,0
273473,7312
273482,5157
273496,2572
273499,5933
273500,8997
273525,8903
273534,0
273563,4886
273580,6961
273582,13087
273584,5322
273590,9728
273602,5516
273608,0
273613,8311
273617,7251
273630,0
273641,9876
273655,5874
273667,10491
273670,6409
273685,0
273713,0
273721,5720
273734,6376
273746,5531
273752,5909
273753,5080
273758,0
273773,11097
273774,9099
273783,4640
273809,16306
273812,5008
273813,9016
273822,3325
273823,11019
273826,0
273839,0
273844,9928
273847,5729
273852,7105
273858,7183
273865,5178
273866,19320
273868,0
273883,4421
273910,5397
273915,5559
273916,9340
273943,8910
273945,4869
273957,6113
273959,6997
273960,9496
273972,6192
273982,6711
273985,6643
273992,6400
273994,10939
274003,3548
274009,24772
274010,6743
274018,5802
274021,2450
274057,2164
274064,5764
274067,1698
274071,7506
274074,7667
274083,8988
274088,6349
274099,6665
274101,7683
274112,0
274125,3076
274128,4959
274141,0
274155,5551
274165,8659
274177,5941
274185,7797
274192,6089
274205,0
274210,5458
274220,6491
274229,0
274230,4141
274241,6743
274252,0
274276,13688
274284,0
274292,3212
274296,5859
274307,6673
274343,5461
274354,9126
274359,9604
274361,0
274365,3732
274391,3353
274407,4698
274414,5712
274425,6222
274443,5225
274456,10630
274460,0
274467,4740
274476,8144
274482,5860
274497,6677
274510,3999
274513,3562
274538,12758
274541,3531
274544,7845
274564,0
274571,5260
274588,0
274598,0
274599,8136
274610,6966
274612,4876
274613,7456
274618,7873
274651,4796
274656,5585
274658,8428
274660,4247
274668,4854
274685,7086
274726,4641
274730,9940
274734,6547
274740,9737
274752,4264
274761,8205
274762,8478
274767,5625
274770,3517
274802,6135
274805,6025
274822,5829
274834,3732
274837,7481
274841,9319
274846,6624
274851,7326
274855,4904
274856,0
274864,4145
274871,4146
274883,4410
274886,5493
274907,5321
274914,12782
274916,5825
274918,0
274924,8346
274940,5288
274949,7471
274953,5079
274957,4609
274967,7281
274972,8075
274977,7261
274979,2790
275001,9671
275011,0
275021,7730
275027,6075
275051,7552
275059,6505
275070,0
275100,4866
275107,6145
275121,6911
275127,0
275136,8249
275153,19425
275166,0
275183,6918
275198,6928
275199,4932
275206,0
275212,7547
275217,6827
275219,8971
275224,8958
275230,16563
275243,14949
275252,5769
275276,15330
275280,0
275301,4956
275309,5120
275318,0
275320,0
275325,0
275326,0
275358,6186
275364,6751
275368,10858
275389,7108
275402,0
275404,0
275408,4829
275409,5528
275412,0
275446,7247
275452,4776
275453,7567
275456,7548
275476,2715
275496,6043
275518,5215
275519,0
275523,14642
275544,6626
275546,7422
275582,4067
275585,0
275596,5090
275602,4386
275626,5844
275641,13823
275647,4817
275650,0
275667,7825
275677,8405
275689,5741
275699,7220
275724,13776
275733,5963
275774,0
275781,5658
275798,6829
275807,7510
275811,8417
275820,6514
275821,6218
275827,4555
275837,4416
275847,10240
275850,5255
275870,0
275876,5543
275882,0
275901,0
275916,0
275927,6879
275934,0
275938,6509
275948,0
275955,5821
275962,10248
275971,8454
275978,0
275994,9884
275997,6421
276004,5548
276010,17860
276020,4959
276034,8050
276035,6169
276036,6562
276042,9607
276052,1831
276057,8355
276093,5834
276104,3938
276111,7680
276112,5137
276165,5250
276181,6943
276182,4144
276187,2965
276200,10408
276203,0
276205,3290
276210,8672
276219,5759
276227,6516
276230,9324
276238,6032
276257,4550
276270,0
276276,0
276293,0
276319,11112
276341,3813
276346,4272
276354,0
276365,7596
276391,6347
276412,7875
276448,0
276449,0
276474,6996
276487,5886
276494,5465
276504,9434
276506,11344
276525,4401
276527,7133
276547,3383
276549,0
276566,0
276569,5706
276578,4829
276582,9580
276607,8178
276616,6172
276622,4598
276657,7243
276661,0
276679,4864
276687,4132
276697,4402
276708,4902
276716,5484
276717,10521
276728,9840
276741,8053
276758,4897
276761,19314
276765,0
276772,0
276776,4303
276789,10968
276799,9107
276810,2867
276812,6041
276841,10176
276844,8709
276845,9560
276847,3151
276848,5399
276849,11269
276868,7900
276875,5565
276883,8917
276889,0
276903,0
276914,6823
276933,10509
276941,0
276947,8431
276953,0
276970,1571
276973,10938
276975,6843
276981,6154
276982,5143
276985,0
277010,8999
277022,16143
277025,11631
277026,7013
277041,5374
277079,8391
277112,10521
277115,19958
277117,8629
277166,0
277208,6909
277240,4273
277249,11079
277298,10746
277303,4882
277315,11921
277317,0
277321,7789
277325,5022
277333,0
277336,11962
277340,11509
277343,4912
277346,0
277365,6115
277366,6511
277382,7868
277404,7070
277418,0
277419,0
277423,7291
277460,6982
277471,5589
277475,7193
277482,6248
277483,4337
277489,4408
277502,10176
277506,3934
277516,9681
277517,9047
277522,7348
277523,9151
277525,6711
277526,6601
277560,8233
277577,3675
277582,0
277586,0
277594,4374
277600,8113
277602,7317
277614,5387
277618,4118
277659,9311
277662,0
277671,12824
277677,7253
277681,5324
277710,2861
277712,5146
277720,5951
277729,5618
277733,6317
277741,6733
277747,6220
277751,4465
277756,5796
277760,0
277772,4796
277776,8132
277777,5295
277778,3005
277792,4647
277793,8564
277795,5611
277796,10319
277802,3783
277804,17584
277809,8817
277810,3039
277817,8596
277823,2540
277838,0
277842,5879
277843,7593
277848,6001
277850,12079
277851,3914
277857,0
277861,7154
277864,0
277867,0
277871,5830
277888,0
277921,6752
277939,0
277949,4891
277953,4900
277954,10893
277975,3081
277990,4864
278021,12920
278028,6904
278030,13118
278033,6694
278040,11475
278041,3365
278051,5684
278055,7987
278065,8374
278075,4679
278076,7202
278092,6658
278094,5563
278124,5878
278130,6602
278139,9508
278170,3133
278179,0
278181,6836
278184,12353
278192,5270
278210,2497
278213,0
278216,0
278220,4054
278222,6779
278226,3026
278244,0
278245,3693
278272,0
278289,9461
278295,17366
278305,4504
278315,0
278319,0
278323,4271
278339,5680
278340,0
278344,5256
278345,10082
278354,0
278358,0
278361,0
278363,0
278376,11484
278382,5873
278389,2058
278404,17640
278406,9168
278414,10207
278415,4069
278419,6745
278424,3837
278458,3180
278475,9373
278476,4707
278498,4947
278507,2672
278509,4400
278512,0
278535,2928
278556,0
278563,5240
278568,3651
278569,0
278591,4372
278604,12058
278625,1823
278626,4719
278655,6433
278667,7508
278678,6625
278699,0
278710,5905
278715,0
278729,0
278748,6075
278753,4242
278756,7354
278757,7676
278761,0
278767,0
278773,9684
278786,6943
278789,0
278795,4292
278798,0
278832,5035
278834,4618
278841,8823
278847,5724
278861,0
278870,7283
278878,0
278884,3992
278889,7148
278929,0
278931,4199
278955,4912
278974,6433
278977,5962
278979,0
278986,6230
278988,6447
278995,4996
278996,1867
279013,3780
279016,9997
279029,6996
279031,22164
279032,0
279047,6446
279050,0
279074,9210
279075,2430
279094,5028
279096,17119
279099,5404
279117,5702
279122,9603
279138,11771
279139,7864
279143,7889
279148,2458
279152,5511
279161,8271
279163,5791
279165,3673
279167,6563
279168,6952
279182,3638
279185,4683
279190,6285
279202,14431
279203,7601
279241,0
279254,11117
279255,5592
279271,0
279278,4207
279283,8160
279288,7351
279295,6897
279322,7397
279344,0
279349,6892
279350,5729
279351,0
279356,5677
279365,8303
279375,11788
279388,0
279395,9032
279398,11824
279399,7710
279412,6400
279445,6739
279452,10784
279460,6498
279489,5147
279525,0
279539,6389
279557,13782
279570,7367
279574,4982
279583,10197
279585,7589
279623,7723
279639,3541
279653,8235
279661,7404
279675,7745
279688,6612
279702,0
279735,0
279759,9752
279765,4644
279778,5115
279782,3790
279792,9804
279793,5178
279806,4620
279807,8264
279808,3440
279812,6225
279838,0
279845,7110
279846,3756
279856,5061
279864,0
279871,7874
279873,12090
279877,0
279887,0
279897,0
279901,6128
279905,6702
279910,4671
279924,6748
279928,6533
279937,6938
279946,10019
279953,7502
279965,5851
279966,0
279967,5584
279975,15461
279977,5987
279992,5565
280027,5706
280031,7215
280035,6236
280039,9023
280073,3030
280080,7320
280081,8879
280082,8202
280122,7082
280143,7391
280145,8435
280164,8986
280174,0
280178,4714
280191,6981
280214,6412
280226,6125
280227,6943
280229,9695
280230,0
280240,0
280243,7159
280250,11313
280262,0
280264,4836
280268,4601
280307,3610
280327,4987
280335,6399
280339,0
280358,5233
280360,8128
280366,2696
280367,8990
280378,7748
280380,6792
280384,7447
280411,7180
280417,0
280419,6566
280447,5357
280473,6784
280475,6480
280500,7519
280501,10125
280509,4256
280516,0
280529,7877
280565,5730
280573,5299
280592,8983
280599,4445
280601,3228
280631,3356
280649,7326
280651,8130
280682,3891
280699,0
280703,11217
280710,5260
280736,5508
280739,0
280744,7423
280753,7660
280758,8422
280764,7617
280765,19223
280774,0
280804,6411
280821,6515
280823,5371
280834,5236
280840,6720
280849,8069
280861,0
280863,6585
280876,5791
280881,0
280884,8744
280902,7106
280917,0
280925,0
280953,8292
280960,12071
280962,7576
280987,6640
280998,9532
281007,5031
281044,11960
281047,0
281059,3317
281112,11018
281116,6639
281134,6486
281139,3915
281164,6014
281166,2292
281167,8131
281169,0
281179,0
281185,17340
281213,10381
281233,6057
281240,0
281255,5645
281256,0
281264,5156
281271,7132
281278,0
281279,0
281300,0
281305,0
281308,4213
281328,0
281331,0
281333,4957
281343,16103
281367,6620
281383,7099
281388,0
281393,12321
281396,5603
281398,10331
281410,7888
281413,1930
281416,10761
281418,4905
281434,4268
281442,0
281452,4955
281455,8043
281459,5448
281461,0
281462,6261
281468,5772
281470,14193
281478,0
281488,0
281503,4227
281521,0
281530,3991
281545,0
281574,0
281583,7571
281592,6959
281627,14738
281632,6311
281643,5535
281644,8059
281652,4682
281654,4761
281655,5735
281657,5298
281669,6162
281680,4102
281681,6499
281687,5393
281693,3033
281729,5818
281749,5375
281766,8718
281792,8511
281806,6290
281820,9624
281849,4442
281851,4244
281860,0
281861,10981
281863,0
281867,12135
281899,0
281905,6046
281910,0
281939,4004
281944,7226
281949,16449
281975,6357
281977,6437
281978,2723
281987,0
281998,10815
282002,3140
282015,0
282017,7525
282023,5795
282029,3717
282032,5224
282038,2261
282053,7366
282054,12523
282056,6483
282069,8838
282092,7926
282104,22364
282105,0
282108,7534
282111,8174
282112,10316
282113,4215
282130,12245
282134,4613
282148,4258
282151,12406
282153,6621
282156,4256
282158,5051
282167,9649
282174,7773
282205,0
282231,0
282233,5838
282234,4700
282257,6536
282265,3995
282274,7516
282309,6646
282316,5759
282333,8700
282351,5457
282365,0
282366,4993
282372,9246
282380,4600
282404,7871
282413,4074
282418,0
282423,0
282424,0
282446,5954
282448,0
282450,6076
282454,6038
282465,5364
282484,10227
282492,6788
282495,3888
282508,0
282536,4083
282537,11543
282542,15160
282550,8470
282552,8001
282586,5873
282603,4092
282607,5866
282620,7904
282637,4609
282660,4847
282668,0
282685,9713
282687,6895
282692,11324
282708,8013
282720,5575
282737,3339
282739,7866
282781,3572
282803,4558
282823,8211
282828,5527
282832,9162
282833,14702
282835,5596
282849,8069
282854,0
282863,7924
282871,2406
282879,8062
282927,0
282932,16365
282935,0
282943,8094
282954,5584
282981,6605
282987,5286
282993,0
283001,6946
283032,6117
283050,4454
283062,0
283063,4424
283065,7446
283066,0
283068,0
283081,6346
283093,9651
283096,6371
283103,6356
283104,5226
283109,5300
283112,8444
283113,8030
283131,4501
283135,7712
283156,6069
283159,0
283174,4434
283178,5893
283187,6375
283193,5098
283217,10592
283222,5923
283269,4225
283270,4607
283271,3228
283282,6134
283287,5674
283298,3810
283301,16307
283318,5518
283328,3642
283371,5829
283403,4449
283421,7952
283460,7624
283468,10203
283472,9752
283473,6615
283481,6523
283488,9678
283489,0
283494,16112
283496,5895
283498,7132
283507,0
283537,4860
283547,9006
283551,7411
283564,4974
283569,6146
283575,6760
283582,7068
283588,3980
283590,7721
283593,8132
283594,10761
283597,4422
283598,0
283610,7343
283625,5239
283629,8221
283640,7569
283647,7204
283661,8117
283664,9863
283668,0
283672,10315
283687,5494
283699,6742
283708,8153
283721,19682
283744,7813
283750,0
283761,6839
283775,4171
283796,10212
283817,5281
283826,8164
283833,5719
283838,5821
283843,10260
283889,0
283895,4922
283926,7872
283930,4895
283946,5107
283957,7591
283994,10218
283998,4877
284001,6900
284008,9382
284011,3103
284022,5273
284026,7837
284046,10117
284057,5858
284093,9414
284097,5747
284106,0
284112,7032
284115,5205
284140,0
284152,5511
284177,0
284188,6332
284198,9659
284208,0
284267,6408
284312,4760
284314,3975
284317,6582
284321,4010
284326,13861
284335,12366
284337,3946
284339,5374
284349,4518
284352,6875
284358,2151
284362,4299
284364,6880
284367,4152
284374,3171
284395,5478
284404,1616
284434,5701
284453,7868
284462,11187
284465,1328
284473,8371
284490,8031
284492,0
284496,4992
284500,7922
284501,0
284510,10170
284528,4663
284543,0
284611,5985
284618,4493
284631,7935
284633,0
284654,5973
284667,0
284680,0
284691,0
284697,0
284710,9427
284729,6115
284731,0
284733,6278
284745,7527
284748,0
284750,5562
284757,0
284765,8020
284766,3859
284772,6799
284775,3854
284778,0
284785,5790
284803,8911
284809,7240
284811,8124
284813,4944
284814,3393
284820,10253
284825,6383
284831,0
284835,0
284862,12256
284877,6055
284887,4735
284898,7256
284902,0
284920,6708
284925,3706
284933,5946
284940,11544
284948,6850
284953,3589
284956,3530
284969,4867
284972,5121
284976,0
284979,10590
284984,9137
284993,6659
285005,6581
285016,6581
285023,9828
285037,6917
285046,0
285051,0
285075,3660
285076,0
285087,0
285112,6198
285128,0
285134,6891
285145,0
285154,7800
285192,4674
285200,4854
285202,4520
285203,9089
285220,6142
285224,3572
285250,7742
285253,0
285262,5184
285268,6225
285270,5689
285271,4081
285272,5548
285289,4555
285290,6829
285296,5025
285302,3532
285305,9424
285323,8495
285339,4541
285348,5062
285358,0
285374,7587
285378,7017
285388,3499
285399,5674
285400,14045
285415,0
285419,5961
285429,0
285442,6220
285466,8962
285470,5355
285477,31050
285478,9730
285479,6651
285480,5948
285496,2961
285510,6094
285522,4971
285530,0
285565,5719
285577,9511
285599,0
285604,7161
285612,6216
285613,7922
285614,6584
285615,6514
285618,6476
285632,4160
285638,12218
285642,6771
285643,6417
285670,11805
285694,0
285702,3901
285706,7576
285727,7101
285737,6308
285753,4735
285773,2478
285775,14508
285803,7568
285810,3154
285816,5905
285821,8070
285827,6739
285828,4692
285863,4814
285874,6172
285903,5479
285904,0
285909,4705
285922,3328
285923,11130
285924,5185
285939,3722
285947,0
286010,6017
286014,0
286023,9084
286043,4426
286061,3953
286075,6568
286076,5689
286099,9188
286106,4846
286107,7320
286124,8114
286132,4083
286144,12905
286150,0
286151,2595
286183,6309
286186,6555
286217,9277
286219,10637
286227,5350
286231,6457
286237,4145
286246,11056
286250,5715
286253,5348
286257,7004
286261,0
286263,4765
286287,6340
286306,9232
286326,0
286347,7214
286348,5348
286349,4572
286351,4436
286367,6799
286368,4274
286371,0
286394,4996
286416,6917
286426,9737
286428,2791
286437,6199
286441,9405
286459,0
286480,7295
286489,4703
286491,0
286494,5634
286497,12590
286501,6347
286502,9962
286514,5519
286525,9647
286543,3771
286547,9815
286548,0
286556,7290
286580,4568
286603,2629
286620,4272
286633,8380
286640,4664
286649,1882
286663,2598
286680,5151
286684,11485
286686,0
286701,6957
286706,8514
286707,4146
286717,8754
286725,6997
286726,6223
286731,4924
286732,5539
286738,4417
286740,8214
286746,5557
286752,2747
286763,9862
286764,5959
286767,8784
286771,6115
286781,7530
286784,0
286787,4234
286793,7843
286808,6771
286817,5253
286836,10135
286842,4484
286850,7493
286851,6988
286854,6240
286868,11730
286879,3567
286882,8950
286895,0
286946,4504
286951,3669
286953,4171
286956,7587
286978,0
286994,7080
287015,3363
287032,6541
287035,6175
287042,4622
287048,0
287054,0
287055,5465
287071,4679
287077,4423
287078,10436
287085,6754
287103,9609
287105,6393
287115,8819
287128,7647
287145,6670
287160,8101
287176,8213
287188,4746
287191,8790
287202,6173
287217,0
287223,4960
287229,6983
287233,9346
287241,5716
287246,2773
287260,8625
287270,14661
287273,3557
287295,3465
287300,11710
287306,9062
287315,5467
287359,3721
287362,3598
287387,0
287396,6946
287402,0
287414,6301
287426,9409
287429,7413
287435,9405
287440,5303
287464,4809
287471,4878
287496,6286
287519,14737
287520,0
287521,5048
287544,3656
287550,0
287562,0
287569,0
287578,4288
287607,9175
287618,5301
287654,7267
287656,7996
287675,3882
287682,3990
287695,5867
287711,3634
287717,0
287731,0
287748,11010
287749,4570
287775,5809
287798,4637
287800,7260
287805,0
287841,6098
287852,7778
287857,0
287877,5238
287881,0
287882,5456
287888,8125
287897,0
287905,7108
287921,7899
287925,5702
287926,17953
287928,5303
287935,7920
287940,0
287953,5250
287959,6936
287962,5954
287973,6365
287981,4680
287986,0
288006,6318
288023,8060
288038,14967
288066,5843
288080,9519
288084,14930
288086,0
288131,1668
288166,5763
288167,0
288181,9631
288190,3545
288201,5822
288209,7648
288214,13855
288224,6022
288232,0
288235,12768
288241,7424
288253,0
288257,5322
288263,3937
288264,4482
288278,7695
288281,6021
288300,6154
288306,7627
288316,11029
288324,10012
288326,7917
288344,5930
288345,3903
288346,5404
288358,4074
288407,0
288418,11770
288419,10790
288425,5974
288445,6160
288458,0
288459,7424
288460,0
288464,0
288478,4368
288483,0
288497,5770
288511,11335
288527,7034
288529,5636
288534,6788
288542,5431
288555,4889
288559,5675
288597,4456
288598,0
288599,6398
288603,6201
288605,0
288613,6696
288641,4534
288645,6048
288657,4581
288661,5337
288666,5259
288670,5130
288684,11195
288718,0
288724,5751
288728,8857
288734,4262
288758,4745
288762,10483
288786,7169
288787,0
288801,0
288803,0
288817,0
288820,6481
288844,8925
288852,0
288855,8211
288862,7684
288865,0
288872,7826
288882,5601
288902,0
288904,4906
288920,6425
288923,0
288924,4959
288927,16212
288936,8962
288939,0
288949,9733
288957,0
288963,6178
288972,3130
288981,6234
288992,0
288994,0
288995,4512
289000,8913
289021,11603
289022,5544
289023,9135
289024,8921
289035,8117
289046,8035
289071,9905
289116,3834
289121,4478
289130,13057
289132,7332
289134,6155
289139,8107
289142,13755
289156,3294
289166,11110
289167,3833
289173,6163
289178,6649
289196,0
289197,7258
289202,11124
289207,4106
289208,11281
289214,0
289221,8552
289238,4459
289252,3947
289268,6426
289304,11726
289311,8893
289321,0
289327,5347
289328,7414
289353,6300
289360,6848
289372,6414
289378,3700
289390,8707
289396,4030
289398,4092
289399,6209
289427,7968
289430,7335
289437,5870
289449,7154
289461,6999
289481,0
289508,2617
289514,9098
289537,6156
289541,9118
289549,5104
289565,0
289568,4137
289570,5067
289576,4224
289577,0
289578,0
289584,14368
289585,6373
289592,12755
289609,5217
289615,0
289621,6905
289628,4303
289636,0
289649,2769
289658,4504
289663,6424
289676,5925
289678,0
289700,0
289710,8740
289713,4623
289734,9115
289738,4932
289740,4127
289743,5543
289748,9195
289760,5029
289775,4792
289814,0
289826,8040
289851,6988
289853,7438
289861,6392
289864,8784
289867,0
289887,0
289896,5345
289906,5959
289907,6278
289911,4867
289918,6941
289920,5316
289930,7802
289939,3911
289944,5141
289945,0
289946,6219
289959,7609
289963,5621
289972,6647
289986,5818
289990,3493
289991,7517
290010,0
290014,5340
290034,10469
290052,6713
290066,5274
290069,5104
290094,3957
290105,10374
290111,0
290145,6523
290149,5266
290161,7983
290166,4542
290167,7484
290168,6925
290193,12545
290211,10209
290224,0
290238,0
290253,9677
290264,0
290273,7661
290275,0
290278,8081
290285,4841
290289,8659
290291,0
290297,0
290306,6081
290310,8091
290328,8103
290329,6791
290343,0
290397,0
290399,15629
290410,5417
290416,10909
290417,9700
290440,6263
290449,6536
290451,7988
290454,10367
290468,3931
290484,10022
290534,4915
290536,8164
290543,0
290545,6513
290547,2506
290548,9585
290550,5786
290570,0
290590,8827
290598,8617
290603,0
290610,5644
290624,10938
290642,13099
290652,6675
290658,0
290663,7240
290691,4878
290695,16457
290724,6750
290727,7183
290738,6305
290747,6075
290750,9956
290756,10552
290759,6175
290762,7419
290766,6227
290804,11823
290805,5467
290812,4083
290816,6735
290829,0
290844,7103
290854,3098
290867,9007
290876,0
290882,2269
290885,8870
290896,5762
290899,7708
290908,4568
290911,10218
290916,14417
290924,6323
290925,0
290954,5475
290956,3823
290974,0
290985,10914
290988,6278
290992,9535
290994,12980
290997,3976
290998,5592
291004,6667
291008,8240
291012,0
291013,5513
291014,0
291020,8038
291021,5959
291031,6799
291034,5928
291036,13978
291039,17721
291041,5941
291048,4684
291059,4615
291061,8296
291069,8506
291072,7849
291074,0
291108,6507
291128,6066
291129,8150
291153,8146
291157,7244
291160,4093
291162,11283
291166,8444
291176,7265
291186,3423
291209,6531
291235,4128
291238,6282
291241,5227
291260,8258
291264,3908
291270,5576
291271,8677
291273,5591
291291,7808
291296,6334
291305,11751
291317,9148
291337,6639
291342,6134
291345,10109
291367,3998
291385,4542
291397,7268
291439,3084
291447,3968
291456,6872
291471,6549
291491,0
291497,0
291502,5185
291505,4157
291508,16285
291510,4220
291515,0
291518,8315
291530,5606
291535,15329
291544,0
291546,0
291556,0
291560,7722
291564,5656
291570,7370
291572,6033
291580,0
291581,0
291589,8719
291590,0
291591,5335
291602,7288
291615,3444
291621,21064
291623,5299
291631,0
291635,7083
291638,6611
291642,8112
291674,7619
291684,5196
291694,9774
291705,6126
291709,0
291711,12062
291715,0
291744,0
291759,10804
291762,5238
291772,6552
291776,6771
291796,12179
291798,0
291799,10939
291830,0
291845,3423
291871,0
291872,12229
291873,5851
291875,4909
291888,5202
291893,7841
291900,0
291908,5284
291912,3565
291939,5904
291942,0
291955,7894
291973,6199
291979,5616
291989,4525
291997,3988
292005,0
292026,9318
292031,4788
292039,6823
292042,0
292044,5468
292049,7460
292060,1984
292062,6213
292067,5136
292083,0
292090,4697
292095,4253
292098,0
292135,3248
292142,12624
292155,7018
292163,8463
292165,4626
292170,0
292201,5297
292202,10265
292210,13875
292217,9406
292259,6862
292270,7974
292273,2895
292276,0
292279,11066
292283,17542
292284,0
292292,4596
292306,7568
292311,4031
292315,5483
292344,0
292345,7358
292366,15596
292387,5939
292389,0
292392,5660
292400,3710
292414,0
292418,7884
292423,3373
292432,6276
292439,8862
292446,3527
292448,3373
292456,8028
292466,5530
292473,4531
292488,9527
292494,8291
292501,12338
292511,0
292513,8822
292520,8849
292528,8798
292534,7957
292537,7210
292547,7370
292561,0
292574,10784
292575,17140
292595,4714
292605,6723
292611,14536
292629,7741
292634,8307
292635,6328
292658,4048
292676,3614
292680,5683
292686,5293
292689,17088
292702,7913
292705,8687
292709,6036
292719,10755
292726,2215
292740,11471
292744,0
292748,6826
292751,0
292766,0
292788,0
292803,5563
292824,7983
292831,1469
292846,5556
292860,4194
292870,3929
292871,9032
292887,13235
292903,6888
292941,9020
292952,4866
292962,4602
292964,6776
292967,2334
292969,9072
292981,7316
292997,4860
293028,5886
293053,11160
293069,0
293079,5803
293085,9287
293090,4352
293103,0
293118,0
293132,5842
293153,9903
293160,7623
293164,7151
293167,3392
293176,6547
293182,5178
293188,3275
293198,13723
293208,6627
293226,6768
293233,0
293242,5930
293255,0
293257,4507
293264,4800
293288,2754
293290,5441
293297,0
293306,4323
293323,3816
293334,5594
293341,8941
293358,9650
293366,5169
293378,4749
293399,8194
293402,6311
293410,0
293412,7475
293427,8011
293437,3389
293440,9428
293444,4698
293445,0
293455,6619
293464,7638
293469,0
293474,8320
293475,4671
293482,4719
293489,0
293490,4649
293503,6863
293511,8309
293523,4997
293538,0
293540,7429
293558,7870
293568,7215
293570,0
293578,5252
293581,12013
293586,3866
293613,6406
293623,5730
293638,6365
293653,11470
293660,0
293677,9634
293707,5913
293711,0
293733,4479
293740,5488
293745,5179
293749,10768
293751,4722
293752,10647
293761,7438
293775,10287
293778,3022
293798,5817
293800,8823
293807,11581
293809,6189
293820,0
293826,3251
293838,4684
293856,7081
293858,7590
293868,8099
293869,0
293874,6796
293884,6211
293905,5008
293906,9806
293916,4110
293929,6967
293935,5519
293937,0
293950,9161
293951,0
293959,5311
293967,10825
293975,6104
293981,7108
294000,6029
294010,4640
294022,3942
294023,5517
294032,6820
294039,9054
294054,0
294055,7067
294056,10865
294057,3773
294060,4487
294067,7431
294071,5254
294072,9306
294079,0
294093,7611
294108,7164
294109,7825
294110,7983
294112,0
294113,7518
294127,5183
294145,6896
294173,7634
294183,16898
294184,8862
294187,5089
294191,7920
294192,0
294195,9523
294199,3795
294204,6659
294209,5768
294218,4211
294225,10712
294227,10514
294237,4149
294241,5447
294245,2948
294246,4927
294249,6126
294264,10269
294266,0
294272,7106
294276,11658
294280,6429
294288,2743
294289,7252
294293,6943
294304,20466
294307,8622
294308,8453
294311,4452
294328,6274
294338,7314
294352,0
294365,10569
294372,2261
294380,0
294400,6085
294401,9280
294417,9482
294423,7097
294427,9781
294432,6218
294447,5761
294451,6768
294456,1901
294470,6598
294471,0
294474,8318
294481,9750
294483,3689
294485,10752
294492,8656
294500,3996
294502,7713
294508,6554
294512,5712
294515,6956
294530,16620
294531,0
294541,4031
294549,2784
294556,4269
294568,4740
294575,0
294580,3710
294584,8135
294585,6694
294591,4724
294599,6096
294621,0
294624,7470
294630,4688
294637,7462
294647,7292
294676,4785
294684,6453
294698,6139
294705,8991
294715,5235
294718,4110
294722,0
294731,7277
294744,5935
294746,10479
294761,7976
294763,3971
294769,3938
294772,5861
294778,7397
294781,5778
294787,2791
294818,8102
294829,4065
294832,6478
294849,8779
294852,10029
294855,13638
294863,0
294875,10710
294882,6327
294883,4887
294885,7179
294905,0
294917,0
294921,0
294923,7661
294946,8736
294949,9864
294956,7156
294985,7423
294992,9437
295005,6712
295007,0
295013,3984
295015,6624
295024,10577
295026,7233
295036,4830
295045,4738
295054,4228
295056,0
295060,3096
295081,0
295097,0
295101,2866
295113,10860
295117,6723
295118,5389
295125,6626
295145,5799
295154,6967
295176,7313
295183,10869
295192,6831
295211,5040
295225,0
295233,0
295239,0
295251,5177
295261,8941
295262,13242
295273,7712
295279,0
295283,7018
295284,6441
295292,5105
295304,0
295333,6214
295335,0
295336,6704
295337,3756
295339,3079
295354,6917
295357,18237
295365,6226
295378,0
295389,5383
295405,6792
295440,0
295451,6177
295474,10746
295487,5525
295494,8887
295509,0
295512,5354
295517,5807
295531,5115
295533,6889
295577,6187
295583,10602
295586,5021
295587,2587
295604,5416
295606,0
295615,8716
295637,5133
295656,10411
295668,4734
295673,4250
295697,7155
295705,5590
295709,5214
295721,6198
295733,12518
295735,6719
295756,6146
295773,0
295787,8304
295788,10118
295826,7790
295830,6432
295836,12129
295844,6139
295847,2806
295854,7236
295858,8583
295869,4951
295872,7894
295885,5163
295886,10568
295891,5483
295909,8880
295920,0
295922,8549
295939,5549
295948,10832
295984,8609
295986,15804
295991,0
295992,0
295998,4018
296010,0
296026,8747
296030,4144
296059,8490
296062,7796
296067,8558
296092,11147
296097,4637
296108,12784
296112,9484
296132,9596
296142,5496
296154,4667
296155,4622
296165,7559
296169,0
296179,8167
296184,6924
296209,0
296213,6926
296214,5079
296225,4111
296228,2675
296247,6010
296255,9316
296270,6861
296271,4026
296275,6083
296280,4582
296285,5076
296287,8341
296291,5897
296315,4650
296327,6980
296354,3880
296356,8904
296361,0
296389,10200
296390,6681
296401,1509
296405,4979
296421,10428
296422,7617
296477,3204
296487,8201
296491,0
296496,9282
296502,9014
296503,5664
296507,14745
296520,5099
296526,0
296527,3566
296577,8451
296597,5630
296632,14780
296635,4946
296638,0
296656,7543
296668,7431
296675,6291
296677,4698
296683,6282
296708,7752
296711,1664
296713,1425
296723,7246
296747,0
296766,4475
296785,8479
296786,10551
296809,5087
296819,10608
296823,15380
296829,4545
296837,0
296845,19682
296848,4229
296858,5501
296887,0
296896,0
296920,8658
296932,0
296965,8328
296978,0
296981,5072
296986,6017
296992,0
296997,5384
297000,0
297004,3044
297006,0
297018,0
297040,0
297046,5349
297065,8262
297086,0
297092,11316
297093,3619
297094,10530
297107,10429
297112,7684
297123,3920
297129,4029
297131,0
297132,0
297143,7036
297154,3015
297157,5765
297158,6152
297163,4432
297165,7404
297175,0
297188,6986
297194,4391
297196,5892
297208,7057
297217,7447
297229,7396
297244,6904
297246,7800
297259,0
297262,15291
297280,6389
297281,0
297282,3743
297292,9682
297293,0
297296,4433
297297,6737
297299,6862
297312,2106
297394,6826
297397,6482
297399,6843
297416,9379
297446,0
297450,3234
297454,4411
297462,4531
297471,4230
297472,11961
297480,0
297485,1442
297492,5379
297496,4401
297503,3033
297505,8422
297510,8007
297513,0
297521,5537
297534,4462
297548,5776
297549,6533
297565,5330
297570,0
297582,8095
297586,5260
297587,5533
297598,4077
297608,5543
297620,6181
297628,0
297631,16582
297638,4755
297640,4451
297658,6380
297659,6690
297673,7171
297676,9144
297685,0
297707,4122
297713,3850
297721,8180
297739,9774
297758,7485
297759,6885
297763,5612
297781,11279
297783,4254
297793,3845
297794,3913
297799,9179
297825,13305
297829,8085
297840,1574
297854,8503
297872,8803
297873,5440
297887,6202
297893,0
297909,12866
297917,7903
297946,10621
297953,3589
297961,3694
298018,0
298028,9623
298029,5674
298049,8686
298058,8562
298064,4535
298072,0
298078,8921
298091,4919
298095,8895
298110,5796
298120,0
298124,4276
298148,7168
298153,6426
298166,7437
298168,0
298171,9348
298192,5793
298193,0
298203,6283
298209,5165
298213,0
298215,0
298237,7093
298241,0
298300,4286
298310,10058
298326,5696
298327,0
298333,4948
298362,5556
298370,7597
298371,12381
298387,5757
298389,7888
298391,0
298395,8132
298405,6901
298411,6935
298432,7629
298444,6484
298456,0
298473,6793
298475,11986
298491,6556
298501,5349
298510,5540
298530,10666
298537,5409
298561,6639
298586,0
298593,0
298596,5551
298600,0
298604,3864
298627,3592
298639,6559
298642,7294
298652,6916
298659,9717
298661,8634
298672,10140
298677,9039
298679,6192
298695,4930
298700,5103
298706,4702
298707,3015
298717,7012
298728,2552
298736,0
298741,5018
298763,0
298765,9959
298771,4727
298780,3318
298783,4679
298787,10273
298797,0
298802,9230
298806,10342
298815,5210
298829,5433
298852,7777
298856,11532
298869,10264
298874,0
298877,5031
298902,2579
298938,5715
298943,5900
298944,5995
298948,7932
298956,8152
298957,6542
298960,4173
298989,0
299013,7223
299039,0
299046,8439
299047,8329
299064,8188
299073,0
299076,0
299077,3632
299078,4826
299095,0
299110,10535
299112,3789
299137,0
299138,6012
299145,13789
299151,0
299152,7942
299160,0
299166,8561
299168,6083
299177,0
299184,9908
299188,0
299193,6656
299194,4491
299202,4835
299206,11370
299209,5691
299213,5939
299215,7569
299220,5494
299242,9228
299243,0
299246,0
299253,0
299258,3099
299284,4352
299293,5813
299301,3156
299307,8017
299317,0
299318,3782
299320,5094
299323,5686
299338,0
299354,2674
299371,9908
299401,5177
299402,5746
299417,5537
299438,4765
299439,0
299444,0
299445,4964
299456,7381
299458,5880
299488,9292
299520,9965
299522,0
299549,0
299563,5460
299568,7968
299591,9156
299599,8173
299630,4100
299633,10267
299664,14308
299671,0
299673,7592
299685,8693
299708,0
299710,13775
299724,4474
299738,5521
299745,6648
299753,4760
299760,10498
299783,6854
299792,8845
299795,1867
299797,7782
299806,6916
299814,11988
299831,7889
299834,3840
299839,6765
299843,9492
299849,9589
299861,0
299870,10393
299887,0
299895,0
299903,0
299909,0
299913,6076
299937,5874
299948,6456
299952,0
299960,7454
299967,4985
299973,5622
299975,10457
299981,8743
300007,6032
300016,7406
300023,4666
300037,5425
300043,8861
300060,6033
300062,9443
300065,7094
300080,5552
300092,9634
300102,5713
300114,0
300117,9536
300124,11281
300125,6870
300129,5491
300138,10389
300144,13071
300154,0
300161,0
300166,8038
300169,9593
300176,3602
300206,4743
300214,7560
300218,4483
300228,5985
300230,9065
300234,4666
300239,6341
300243,7939
300245,4279
300247,6981
300249,0
300250,3904
300251,4191
300270,6200
300271,4578
300281,7179
300286,9209
300298,3734
300313,9373
300339,7346
300340,5595
300341,5744
300350,12321
300351,11047
300376,7093
300392,4194
300395,4521
300412,3904
300439,6854
300440,0
300442,8181
300448,5657
300450,6351
300456,3654
300457,5943
300473,3952
300486,5749
300493,6018
300497,7476
300508,0
300518,6351
300524,5649
300531,7653
300532,0
300537,6992
300540,5229
300541,6299
300554,0
300555,8103
300558,9050
300560,0
300565,7866
300574,9458
300575,9286
300599,13203
300613,4795
300615,8365
300623,6696
300630,4722
300642,5989
300646,4241
300653,12591
300693,0
300712,0
300713,4759
300718,7221
300722,5615
300734,4494
300747,4898
300757,5650
300766,6301
300771,8498
300795,14914
300796,2367
300799,8184
300806,5614
300810,8705
300824,4099
300834,5402
300847,0
300871,3214
300895,11646
300897,3702
300901,7961
300905,8897
300906,6593
300918,6010
300928,5212
300934,7735
300936,8992
300965,6053
300966,4814
300969,8378
300984,0
301002,10778
301015,5781
301021,7526
301024,5298
301027,6868
301028,4315
301038,7121
301041,9130
301047,9655
301074,11188
301080,5809
301102,5189
301113,5547
301137,4950
301143,6821
301163,4768
301170,5984
301173,5008
301183,0
301193,11857
301206,11804
301219,9126
301223,6855
301229,3643
301232,4924
301260,4695
301270,3316
301277,7432
301283,6748
301285,6442
301286,0
301296,5866
301304,18500
301307,5091
301311,7065
301327,0
301332,6084
301333,5105
301334,4879
301349,6057
301357,2376
301373,6384
301394,7952
301398,7166
301400,5068
301409,12611
301420,6110
301428,9872
301458,0
301464,3922
301470,11935
301477,11376
301487,4127
301515,2568
301529,10823
301558,7284
301563,0
301576,9064
301578,6556
301586,5923
301591,9668
301595,10013
301600,7078
301602,10777
301607,6337
301614,5748
301624,3839
301630,0
301632,4933
301639,6796
301653,7020
301659,3139
301663,7987
301666,4058
301669,4963
301697,14824
301728,7638
301735,12786
301742,7211
301749,15471
301772,7795
301776,0
301779,0
301803,6219
301827,3903
301838,12648
301839,7604
301852,0
301864,0
301885,7474
301886,0
301923,0
301929,8661
301939,6883
301941,6770
301943,9382
301954,6347
301964,8289
301970,6845
301983,4801
301993,4706
301998,6032
302029,0
302038,6706
302042,14040
302048,0
302050,7421
302055,6427
302057,8047
302064,3377
302069,14044
302081,0
302113,6674
302118,4982
302130,7176
302162,5856
302185,0
302198,9496
302200,5546
302207,0
302219,9932
302225,5044
302251,15558
302259,6553
302263,6222
302280,8937
302290,3979
302297,9828
302299,6115
302306,0
302330,0
302335,11328
302340,9282
302364,11946
302381,4041
302384,0
302423,7034
302426,5242
302429,0
302433,7392
302438,3129
302450,7464
302462,4506
302463,5656
302472,0
302476,1794
302487,5493
302505,8260
302529,0
302535,7570
302536,4042
302542,5457
302550,0
302556,16150
302563,0
302571,0
302574,8465
302587,4851
302596,0
302615,0
302629,7464
302635,5517
302638,4251
302655,4689
302677,0
302688,6597
302717,5272
302730,0
302736,10299
302742,4170
302753,0
302754,5815
302763,8334
302774,8156
302780,6676
302788,5680
302789,9222
302795,4141
302844,5584
302851,8553
302859,8674
302860,6559
302883,6715
302886,0
302913,4770
302914,6085
302915,6951
302919,7153
302930,9164
302950,0
302957,6038
302959,6702
302971,3864
302983,5788
302999,10525
303010,5313
303054,4302
303055,0
303087,4616
303099,3211
303110,10797
303113,0
303121,5505
303126,6714
303143,6930
303145,7329
303146,8112
303153,4057
303156,10310
303161,5530
303162,0
303166,5163
303183,6603
303188,3110
303196,3658
303197,6692
303199,7055
303209,3824
303223,16276
303232,11302
303234,5731
303254,7439
303257,8767
303275,14820
303283,5559
303302,7255
303303,8146
303322,6464
303323,15933
303329,8870
303345,10046
303350,4399
303354,8285
303356,13237
303357,6275
303363,3658
303383,6182
303384,7540
303395,3490
303426,8492
303436,15288
303438,4449
303439,8227
303450,6178
303470,5126
303475,6126
303485,0
303503,5914
303535,0
303536,2713
303546,9706
303552,6215
303562,5778
303580,5194
303581,7899
303582,6372
303589,7256
303592,5780
303601,5653
303605,5242
303614,0
303643,8615
303649,0
303653,7038
303654,9685
303667,0
303686,8043
303699,0
303704,0
303709,3425
303710,7443
303740,4913
303748,11072
303774,0
303775,6074
303796,7939
303806,4722
303836,9237
303852,4009
303872,7382
303876,8884
303886,11439
303887,5234
303888,12650
303890,0
303908,3762
303911,6986
303919,0
303933,12025
303937,6563
303947,8828
303960,5831
303982,5158
303986,6669
303989,5556
304013,0
304018,4069
304045,8373
304052,5822
304057,3801
304060,6981
304063,2452
304079,0
304089,6301
304146,7623
304168,3276
304184,4898
304189,0
304199,8397
304213,6319
304234,7524
304242,5814
304245,6843
304255,0
304256,5299
304267,8816
304269,6265
304277,7103
304287,6231
304289,6396
304293,6880
304297,6599
304306,7313
304342,8360
304343,3417
304395,0
304405,9048
304408,6628
304441,6664
304455,6081
304461,9765
304478,5132
304480,7319
304485,5857
304495,8200
304522,0
304537,0
304545,0
304547,3787
304549,8945
304568,4892
304587,0
304588,6275
304591,7839
304605,8459
304621,5499
304633,6262
304667,0
304668,5352
304671,6479
304677,7149
304709,0
304714,6709
304755,0
304760,5966
304771,8214
304786,6214
304788,7033
304792,3909
304806,6868
304814,8507
304816,6530
304819,5590
304821,4940
304822,6098
304825,0
304834,8761
304848,0
304856,0
304867,2836
304890,5995
304898,3388
304902,10424
304956,7370
304961,8382
304979,16235
305013,5766
305028,0
305029,6635
305055,8067
305059,4367
305065,7529
305077,4862
305086,0
305095,9296
305097,6434
305107,5478
305122,5767
305126,5145
305130,9538
305131,4314
305133,0
305158,5748
305159,6382
305160,3493
305199,6650
305202,6765
305206,0
305227,3742
305277,0
305286,0
305301,7100
305305,4237
305309,0
305322,0
305336,0
305351,8697
305360,2944
305362,4923
305366,5382
305367,7307
305372,8301
305387,0
305388,11730
305403,16525
305404,0
305414,4570
305417,0
305447,6680
305448,4969
305458,0
305459,4405
305460,13924
305500,7175
305501,5188
305514,6554
305517,5317
305523,6855
305533,3103
305535,14051
305548,22595
305578,9545
305580,5127
305584,5384
305588,5308
305593,2648
305595,4890
305597,0
305600,4390
305610,6626
305623,13557
305635,5175
305646,5937
305667,5103
305670,6762
305682,9878
305691,8921
305700,4192
305723,6667
305734,10267
305735,8611
305753,8253
305755,4240
305756,5965
305763,5764
305769,6251
305775,11731
305794,7198
305798,2389
305801,0
305809,5299
305810,0
305818,5524
305837,7466
305842,3790
305862,4290
305865,0
305896,2659
305898,3890
305907,6950
305941,5970
305944,8251
305946,0
305959,11322
305990,16579
306001,4834
306002,4507
306014,0
306037,4907
306040,0
306044,0
306068,7793
306078,7185
306087,0
306090,8073
306112,3786
306114,5410
306115,9486
306120,0
306124,4420
306135,7150
306142,3594
306145,6788
306161,10686
306164,5156
306180,3418
306183,5498
306197,8051
306213,5135
306216,4872
306220,9622
306229,10271
306232,6604
306255,5022
306266,0
306299,4620
306313,15194
306318,5271
306320,7295
306339,8694
306356,6729
306377,4619
306390,3914
306398,7531
306402,4621
306410,8314
306420,7499
306424,8246
306444,5605
306465,0
306470,6143
306472,9102
306493,5268
306513,5045
306520,6307
306531,5099
306538,12234
306554,3879
306562,0
306570,6943
306587,6688
306589,8601
306629,3844
306630,3755
306631,5038
306649,4420
306672,5493
306689,7022
306704,4481
306707,0
306718,3888
306730,7624
306740,9142
306751,8735
306753,0
306760,5925
306766,2819
306779,4358
306790,0
306794,7216
306801,6709
306802,8331
306806,8207
306810,6736
306811,6451
306813,12259
306828,0
306830,8862
306861,7389
306869,6529
306873,11222
306875,5951
306887,0
306902,3035
306918,3275
306931,9735
306944,5573
306947,5735
306986,7688
307034,3599
307036,5248
307048,12389
307049,6794
307065,3635
307067,5958
307089,0
307109,12589
307158,18959
307159,5214
307184,6529
307187,10257
307194,8409
307211,13155
307212,6688
307218,6665
307221,5556
307240,4804
307253,6194
307260,4600
307265,7372
307270,3513
307285,7095
307301,6325
307305,0
307309,3757
307343,4314
307344,0
307351,6518
307354,0
307357,5384
307384,4312
307388,5722
307393,5647
307405,11843
307416,3579
307422,3641
307427,9741
307429,7359
307436,0
307452,6164
307463,0
307466,0
307474,6285
307488,0
307491,8176
307494,5971
307497,0
307508,3108
307511,0
307540,0
307565,8110
307566,5685
307571,5248
307574,6831
307578,6682
307585,6682
307594,9236
307601,1140
307606,5207
307608,8264
307610,4790
307620,3924
307624,6543
307626,5659
307627,12469
307633,7873
307641,6683
307647,7990
307684,4124
307696,5513
307700,4130
307713,7263
307718,5043
307721,5406
307733,8181
307764,5898
307769,4672
307772,4394
307790,8434
307842,0
307858,0
307859,3171
307864,4034
307867,8094
307870,8111
307873,8051
307879,0
307881,0
307893,4542
307895,6028
307898,5989
307904,10545
307908,11043
307911,6251
307937,0
307947,6575
307967,8955
307984,7195
307996,0
308014,6230
308015,7362
308018,6232
308019,11912
308021,6170
308045,11478
308046,6160
308062,0
308065,4968
308075,9221
308103,3868
308106,3785
308111,6696
308115,4926
308117,6463
308119,6171
308120,3902
308126,7246
308156,5117
308171,7127
308173,0
308184,7702
308185,0
308186,9860
308192,0
308201,6872
308220,0
308223,7400
308225,5920
308230,4891
308237,6182
308247,6281
308251,5443
308261,4661
308263,7158
308269,4155
308289,6321
308299,4975
308310,6753
308315,6507
308325,5434
308328,0
308344,4688
308346,10269
308347,0
308349,5565
308357,7458
308360,8021
308369,3818
308376,7939
308379,8210
308388,4536
308406,8203
308408,0
308439,2826
308441,5405
308456,6479
308479,7319
308483,0
308530,1323
308537,7575
308555,13182
308557,5612
308562,0
308569,4855
308570,4648
308575,2111
308595,9927
308596,9959
308599,0
308642,6757
308648,5381
308654,5520
308660,0
308662,6181
308663,0
308669,4839
308671,0
308678,8424
308683,0
308689,4968
308706,5103
308724,4236
308733,10618
308744,9305
308745,10398
308747,12388
308748,11091
308764,11122
308771,5040
308797,3251
308815,0
308831,6629
308836,6103
308848,0
308853,5354
308859,9176
308864,9160
308867,3685
308874,4243
308881,0
308891,5700
308902,6098
308906,5613
308918,4308
308928,7727
308929,5478
308931,0
308934,3745
308943,9123
308947,0
308950,5988
308959,5757
308970,5828
308985,5910
309011,0
309015,2645
309030,3976
309037,9122
309039,6410
309074,3352
309079,5622
309083,12635
309105,0
309108,6605
309112,3283
309117,7150
309118,5846
309119,7626
309123,6337
309127,0
309129,7245
309134,6875
309162,5388
309170,6139
309183,0
309200,0
309206,14789
309219,4422
309220,7000
309223,7468
309226,6458
309229,0
309249,10620
309250,8534
309303,0
309313,0
309334,4375
309343,9560
309350,4842
309360,8666
309369,6462
309370,7487
309375,7272
309388,6307
309400,5767
309413,5987
309427,0
309430,0
309440,6435
309448,5731
309455,0
309456,0
309480,6462
309500,6027
309505,6169
309543,0
309548,6849
309551,5321
309555,1713
309571,11222
309589,2825
309593,6470
309606,5580
309622,10192
309623,3697
309638,6049
309649,5132
309660,4598
309663,0
309686,6880
309695,10533
309697,0
309700,12186
309705,4768
309737,7045
309739,6731
309742,11804
309747,7324
309807,6430
309810,4145
309832,4987
309859,0
309864,0
309867,6548
309875,11554
309877,0
309884,2489
309891,5925
309895,6143
309896,6307
309909,3914
309917,10235
309923,0
309925,5890
309945,11207
309950,0
309977,5091
309999,9751
310006,15507
310007,5852
310008,0
310013,6651
310059,3331
310081,3237
310091,8181
310098,10753
310104,5165
310105,5883
310109,0
310118,5291
310130,3130
310133,0
310139,4219
310162,7160
310171,0
310176,10119
310184,8064
310188,6800
310192,6550
310200,1990
310212,3572
310268,6026
310271,10389
310274,9806
310279,0
310293,8668
310296,6445
310298,0
310308,5090
310330,10665
310334,8133
310358,9713
310371,12907
310390,0
310395,5987
310396,4846
310401,7154
310418,5787
310423,6470
310430,3912
310441,0
310444,8887
310448,6535
310450,5524
310452,4702
310460,4474
310463,8039
310479,6672
310485,5825
310493,10004
310496,6075
310528,7952
310537,0
310551,5088
310561,9045
310566,9119
310569,5473
310576,9358
310594,10815
310627,3256
310653,4258
310661,0
310664,6919
310683,4865
310687,7464
310689,5889
310706,11098
310711,7103
310736,14381
310752,2431
310756,8023
310768,7026
310773,7479
310812,3328
310817,7163
310818,0
310821,6191
310822,7883
310845,9416
310851,11336
310852,5764
310854,11665
310876,0
310879,10572
310881,8167
310890,7331
310921,10835
310924,6413
310928,0
310938,7438
310960,10393
310963,5349
310978,0
311001,0
311013,9701
311026,8541
311031,4195
311042,6602
311061,0
311062,5055
311066,6910
311072,6153
311079,5447
311089,4050
311101,0
311106,7931
311111,7173
311134,7190
311147,4040
311166,6063
311179,12866
311187,6752
311199,8869
311214,9380
311259,4023
311261,0
311265,0
311270,6307
311280,5281
311294,7538
311312,7968
311342,7806
311352,5811
311353,3397
311369,0
311373,6770
311377,6661
311378,10941
311384,0
311405,7094
311407,11578
311414,6458
311448,6847
311449,5438
311455,5044
311470,6003
311476,10744
311484,4191
311497,0
311505,0
311528,10714
311535,16505
311543,7665
311545,3543
311572,0
311590,4569
311605,9162
311608,3377
311619,4524
311624,7772
311625,6432
311630,6189
311637,5996
311638,6942
311648,7458
311716,4480
311724,2505
311729,0
311737,3792
311742,8827
311757,10793
311759,6100
311776,9412
311784,15933
311785,5956
311799,9608
311803,4470
311807,0
311811,7492
311820,8119
311822,0
311828,0
311829,3749
311840,5836
311844,6439
311862,6949
311866,2231
311878,5859
311880,5400
311883,6684
311887,0
311891,5223
311897,9343
311911,0
311922,6509
311924,10005
311936,5956
311973,4388
311981,6148
311987,0
311988,4504
311997,4116
312000,7018
312002,6554
312003,8349
312067,9705
312071,9228
312094,4850
312108,0
312141,5129
312149,5673
312150,11296
312154,8224
312168,0
312172,6754
312185,6350
312213,6716
312221,5012
312223,9826
312249,0
312258,0
312262,6984
312268,0
312300,0
312301,8318
312306,7105
312333,5702
312335,7780
312344,3528
312356,5085
312386,16499
312395,7407
312404,3489
312408,4315
312413,8073
312430,5700
312448,7428
312470,6086
312480,0
312493,0
312511,6243
312512,0
312514,4503
312519,8243
312528,13601
312534,0
312536,13697
312538,5986
312556,13443
312564,3986
312566,7393
312573,6218
312580,7855
312587,5435
312589,3604
312600,5095
312618,6973
312619,4391
312631,2992
312635,0
312638,4721
312639,5705
312644,10135
312653,0
312674,5165
312680,0
312688,4689
312690,8181
312704,5186
312708,5494
312710,4966
312723,9344
312726,4642
312737,0
312744,11882
312747,4654
312762,1695
312776,9326
312778,2021
312781,7339
312789,15807
312802,3306
312805,4399
312809,0
312810,5509
312815,4839
312824,7266
312832,6076
312848,7179
312859,0
312860,6552
312865,1361
312867,7664
312876,11424
312877,15592
312878,3998
312883,10185
312893,5838
312897,4230
312918,6033
312919,3914
312922,7108
312950,8515
312972,3900
312977,10238
312979,8189
312994,8045
313028,4696
313030,9447
313038,9125
313040,7390
313044,10757
313057,5992
313063,12937
313068,4868
313072,7087
313107,5305
313108,4967
313109,8286
313122,10394
313127,5713
313132,11128
313140,5885
313141,5825
313150,5134
313167,5004
313180,4264
313195,10815
313200,5669
313216,5179
313217,4495
313221,8265
313222,9089
313231,4721
313239,4778
313243,5841
313252,5961
313311,5101
313324,0
313347,7086
313350,7482
313352,11525
313363,8007
313369,10203
313377,0
313392,8350
313397,6064
313398,6129
313399,7460
313404,8388
313412,0
313414,9329
313433,6617
313435,7094
313439,0
313440,9114
313457,6075
313464,3196
313465,0
313483,0
313489,6810
313504,4746
313506,6899
313507,6071
313514,11593
313523,8578
313536,12009
313549,0
313569,0
313571,7006
313580,8202
313591,10492
313596,4744
313600,0
313629,3714
313632,6569
313635,8370
313639,12920
313667,5521
313682,15127
313689,8496
313700,5726
313702,8666
313717,7684
313718,12480
313757,5500
313775,3419
313796,4656
313797,8405
313819,7090
313864,0
313868,9542
313898,11325
313920,6202
313931,0
313981,7303
313985,4802
313998,7485
314000,5128
314004,5668
314007,6353
314043,2341
314047,0
314051,8227
314052,9421
314057,10920
314078,3265
314102,4940
314108,6681
314112,4110
314115,0
314127,5877
314136,3682
314176,7264
314215,9117
314218,2186
314230,6140
314237,5374
314240,5599
314244,5203
314257,7780
314279,6220
314281,5257
314283,6165
314286,6838
314287,5855
314290,0
314298,3154
314300,8863
314303,9107
314304,5576
314305,4439
314313,0
314328,4862
314330,0
314332,11236
314369,0
314406,6429
314414,7045
314431,10587
314433,6021
314455,4258
314456,3871
314460,11149
314463,6437
314468,7925
314484,6614
314485,4573
314523,6172
314560,6981
314566,9891
314568,8129
314576,9689
314587,9996
314613,0
314619,6710
314622,10544
314650,7829
314652,6098
314662,5206
314663,5770
314665,8105
314677,6735
314679,8792
314707,7115
314709,6120
314711,10429
314714,6956
314727,7854
314740,4688
314751,5637
314758,4737
314773,6373
314775,6532
314832,11244
314836,0
314850,5234
314852,5343
314858,3946
314874,0
314899,3502
314900,5506
314906,7130
314913,0
314914,8163
314930,6509
314938,4660
314948,6086
314953,6040
314954,8076
314955,4494
314957,5494
314959,8907
314971,7195
314977,6886
314979,8655
314980,0
314995,5343
315007,0
315010,8491
315025,5918
315031,11159
315045,0
315046,4523
315049,8731
315050,8336
315053,4294
315072,0
315076,6520
315088,5541
315090,7072
315093,2834
315096,7570
315104,0
315121,9792
315137,12315
315138,4130
315151,3634
315155,3399
315158,5775
315160,0
315169,7103
315188,0
315200,6203
315222,0
315224,0
315237,6412
315240,0
315249,5962
315252,5249
315256,9058
315267,0
315283,6272
315294,0
315295,2396
315307,6150
315324,6667
315333,12216
315352,10386
315355,5369
315367,0
315379,9824
315399,0
315410,4379
315411,12614
315423,0
315435,5364
315443,4839
315464,5758
315465,0
315468,5526
315483,8037
315495,14920
315502,5763
315536,4957
315551,2649
315571,0
315572,6302
315580,4177
315582,0
315593,7202
315606,0
315625,4691
315629,5846
315633,6782
315643,6439
315646,6716
315647,6007
315648,4781
315654,5322
315657,0
315672,3286
315699,7841
315703,2871
315726,0
315788,3899
315796,5974
315797,5388
315803,3151
315831,6399
315841,6135
315860,15824
315892,6237
315905,4533
315906,5545
315916,7702
315922,0
315934,10329
315947,3945
315950,6070
315973,8335
315982,5724
315985,8600
315999,5608
316005,4376
316018,11200
316072,0
316073,6082
316085,5845
316094,8228
316097,9485
316106,5122
316112,3372
316119,8308
316123,0
316149,0
316157,6471
316164,19401
316166,1751
316167,9939
316169,5467
316171,4833
316181,10426
316185,5424
316186,5202
316196,5007
316199,8351
316208,0
316209,8323
316239,8332
316255,5630
316258,5202
316261,4207
316267,2981
316274,4650
316275,0
316277,4699
316279,3821
316280,6698
316282,3629
316287,0
316294,0
316310,9098
316315,5855
316319,3993
316333,4812
316344,4355
316362,4022
316365,2691
316369,6190
316372,0
316399,6260
316411,7762
316431,6082
316445,10416
316448,6739
316458,8418
316470,8190
316475,3612
316481,0
316489,0
316492,0
316496,4486
316499,0
316510,3194
316517,10555
316532,13378
316538,9139
316546,8442
316549,13210
316553,5715
316555,0
316558,6303
316579,10452
316596,6071
316599,0
316606,3452
316608,3814
316610,7584
316626,15639
316634,0
316648,0
316667,0
316670,4813
316684,0
316689,6479
316693,0
316701,4843
316704,5186
316709,4099
316712,2922
316736,3013
316759,4369
316813,4271
316822,4930
316861,0
316865,9122
316897,5594
316903,6457
316906,6354
316926,0
316928,10393
316929,10208
316933,5129
316943,12334
316944,7173
316984,4647
317007,5386
317018,6066
317025,5067
317032,0
317044,0
317046,5830
317054,4740
317058,5074
317060,0
317062,4038
317066,7529
317074,0
317076,10905
317082,14647
317088,7809
317102,2980
317116,7376
317128,6826
317131,5049
317134,2921
317156,8595
317161,5200
317165,7635
317169,9540
317182,8481
317186,7978
317204,3730
317214,0
317215,0
317219,3128
317220,5603
317225,9974
317235,0
317252,6282
317253,6075
317256,0
317260,5917
317261,6268
317272,0
317275,11359
317280,7555
317289,7055
317291,8651
317299,0
317304,6646
317316,5401
317329,5759
317330,5428
317352,7190
317353,0
317366,17752
317370,6144
317376,9321
317393,4870
317421,4440
317458,5328
317460,8571
317462,4683
317482,8805
317500,4402
317514,3917
317519,7848
317521,4803
317523,5903
317539,4448
317550,6509
317556,5462
317563,15035
317593,9182
317600,6115
317601,6757
317650,4609
317652,7566
317658,5035
317675,8851
317679,6689
317691,5229
317695,0
317701,0
317705,4611
317718,0
317720,8389
317725,5417
317732,2344
317736,5981
317767,0
317788,5713
317789,0
317818,0
317826,4687
317834,9121
317837,4038
317848,7750
317851,0
317875,22355
317876,6344
317879,6414
317887,8673
317890,5390
317907,3248
317912,10866
317914,7306
317926,5202
317940,7801
317949,3939
317952,6680
317962,0
317969,5541
317976,3478
317979,9824
317980,5449
317989,4674
317995,9150
318008,9325
318015,0
318028,6089
318032,0
318037,6676
318048,10543
318075,0
318076,8196
318082,5078
318084,4451
318086,0
318087,4056
318096,4051
318102,4791
318104,7236
318128,5787
318139,0
318142,8712
318147,5858
318151,5151
318160,8279
318163,4910
318167,8624
318173,0
318181,9061
318197,2815
318217,4606
318224,7991
318225,0
318227,0
318230,5571
318245,6926
318249,0
318271,8051
318274,2919
318275,7520
318302,6620
318327,0
318344,7352
318350,10004
318360,6435
318363,5452
318370,3247
318388,3953
318412,5079
318415,5054
318417,9773
318431,13978
318433,12358
318445,0
318461,8330
318492,6471
318503,0
318508,0
318518,5822
318555,7211
318567,9192
318580,7687
318584,0
318603,0
318620,4780
318642,6050
318649,11513
318653,6892
318661,4358
318664,11893
318677,5720
318685,0
318688,0
318722,0
318724,9488
318731,9611
318737,6275
318741,3475
318757,11253
318786,4580
318790,5672
318816,6083
318820,0
318822,6684
318823,7541
318825,4847
318831,13205
318836,5479
318844,4181
318856,8149
318862,0
318864,4257
318870,5684
318881,5706
318893,10244
318899,3789
318901,0
318910,0
318929,6752
318935,4713
318945,6844
318955,6349
318964,2466
319000,4065
319004,5583
319008,3218
319017,8378
319033,10236
319034,0
319044,5515
319046,10160
319047,5541
319050,0
319051,8925
319062,6625
319073,0
319086,0
319093,6616
319096,7115
319101,9011
319105,6425
319122,3231
319129,4111
319141,6737
319143,5377
319151,4143
319154,4645
319187,13978
319188,6660
319191,13987
319206,0
319211,4295
319212,5928
319225,3425
319233,12467
319243,7938
319251,5500
319258,5798
319286,9152
319317,5871
319333,0
319379,5936
319389,2760
319392,8215
319394,8201
319406,7689
319415,0
319440,4791
319460,8543
319465,8581
319466,7474
319470,15327
319476,6023
319479,13688
319485,7429
319492,7756
319500,8047
319504,3846
319506,0
319532,0
319538,6375
319575,20320
319580,8866
319589,8193
319591,7784
319592,0
319607,8242
319618,7233
319622,7578
319625,3751
319628,3758
319637,4771
319640,7713
319642,4621
319667,0
319694,5545
319696,8095
319733,3316
319735,10865
319744,9737
319789,5164
319793,3242
319795,7243
319804,7276
319814,6530
319822,10951
319836,9998
319837,6000
319858,9266
319867,10895
319870,7118
319876,9668
319902,6035
319903,7168
319910,0
319914,8140
319924,11250
319927,6810
319946,8618
319961,11077
319970,4761
319971,8932
320022,7654
320025,0
320033,0
320042,0
320073,6987
320082,8139
320104,0
320105,9094
320136,0
320140,3937
320145,6904
320147,0
320154,5304
320169,7237
320173,0
320177,5680
320191,7174
320195,7673
320206,0
320246,4038
320248,8540
320252,0
320258,10770
320283,12133
320297,0
320298,9694
320317,8479
320334,10444
320343,9055
320344,7261
320346,6286
320358,7308
320366,7519
320379,7720
320395,7598
320431,5353
320434,8320
320436,4545
320447,0
320454,1312
320459,6985
320475,6238
320481,6825
320482,9781
320498,4082
320527,5636
320528,5370
320546,13477
320553,0
320567,7166
320573,8003
320574,4114
320579,4071
320580,0
320605,7997
320606,5513
320620,5177
320621,5392
320624,7882
320628,15938
320633,8684
320635,9243
320640,15373
320658,0
320659,0
320671,8053
320675,5145
320722,4830
320735,6729
320754,4304
320773,9345
320778,7970
320788,7905
320790,0
320804,4325
320807,0
320813,16380
320833,7274
320836,7672
320843,8125
320846,6460
320850,0
320859,0
320867,9804
320874,0
320877,6811
320889,4148
320906,8582
320929,5475
320939,4496
320975,0
321011,8576
321024,14583
321036,5200
321058,0
321088,6441
321101,5411
321106,3198
321126,6605
321143,6438
321154,0
321156,0
321159,2418
321165,3494
321169,0
321174,4017
321185,0
321187,0
321213,5557
321214,11549
321221,11777
321257,7335
321264,0
321279,6544
321296,7951
321325,14028
321338,4454
321347,0
321353,2816
321359,0
321361,4469
321368,0
321377,4914
321392,3783
321402,7337
321429,4353
321463,0
321470,6744
321489,10456
321503,10061
321511,0
321517,10055
321551,7494
321560,0
321573,6621
321576,0
321586,8538
321636,19919
321649,0
321655,4939
321670,7474
321679,7069
321683,0
321721,8072
321722,9256
321729,7545
321730,4884
321734,13107
321742,3036
321755,6189
321771,5294
321782,0
321784,6110
321785,6819
321794,5240
321797,4676
321818,9018
321826,0
321832,6395
321844,5250
321860,8073
321874,7085
321891,0
321892,6682
321894,7047
321941,9581
321953,6116
321963,0
321964,5624
321977,6009
321981,7688
321983,0
321997,0
322031,8594
322032,4244
322043,5274
322054,6748
322067,7243
322075,3889
322087,8468
322097,9596
322102,4294
322110,6617
322115,8688
322121,0
322125,4116
322136,10577
322147,0
322148,5486
322152,0
322155,5626
322177,0
322187,5354
322189,0
322200,0
322205,7717
322215,9182
322218,0
322227,6345
322254,6691
322261,6311
322266,12625
322272,6511
322281,7949
322289,5899
322290,8973
322312,6825
322317,6794
322321,9124
322331,8234
322347,11211
322349,0
322353,5937
322363,0
322364,4226
322379,3439
322380,4503
322402,3524
322426,5766
322439,10073
322451,4719
322477,6749
322485,0
322527,3471
322528,5122
322549,9581
322562,5868
322569,9133
322576,0
322581,7480
322584,0
322591,8584
322596,4295
322610,11963
322622,0
322628,0
322638,4124
322642,6476
322649,5441
322652,6349
322663,4508
322671,2756
322672,9157
322675,2767
322684,0
322715,4839
322728,4797
322731,5487
322733,5942
322735,5012
322742,5251
322760,6026
322772,6387
322773,8181
322781,8773
322789,0
322791,2427
322795,8522
322800,0
322802,6464
322810,7621
322814,0
322827,7667
322844,4652
322846,5896
322860,4621
322867,6011
322888,5724
322890,6415
322891,7560
322900,9184
322913,5104
322922,8883
322926,6280
322927,5252
322939,5794
322942,4884
322992,0
322995,5151
322996,3609
322997,9417
323002,4433
323035,6792
323040,4662
323048,7176
323075,0
323087,3594
323091,2648
323095,6750
323096,8576
323103,5721
323108,6253
323114,6599
323123,10764
323128,0
323137,2925
323143,7072
323148,8329
323154,15020
323164,4553
323177,6647
323188,10016
323200,0
323201,7620
323206,0
323216,9601
323217,2606
323232,11013
323244,4459
323247,6994
323252,0
323273,7970
323280,8046
323293,6573
323336,8877
323344,10539
323347,11630
323355,9629
323358,5370
323362,3758
323375,13252
323376,12662
323378,7912
323381,12172
323397,8935
323399,7439
323400,10304
323404,0
323406,0
323407,2504
323435,7338
323436,2661
323445,4816
323447,4297
323476,4968
323478,0
323497,9198
323516,8483
323548,0
323563,4897
323570,4494
323571,5751
323579,4700
323589,0
323592,0
323602,5827
323612,5139
323622,7496
323633,0
323635,3373
323637,4457
323647,6390
323655,5304
323666,0
323672,0
323674,0
323680,10255
323681,7650
323685,5636
323710,5634
323712,17142
323720,4542
323733,0
323744,0
323748,10692
323752,0
323760,3973
323761,4315
323822,0
323830,1452
323855,9246
323871,4383
323872,6821
323897,3627
323899,3524
323909,16995
323915,0
323923,0
323938,7466
323960,4512
323966,5170
323979,3917
323981,5746
323990,0
324009,6494
324023,0
324024,6004
324034,7266
324037,6598
324039,14880
324042,5530
324045,3319
324054,0
324059,8744
324062,6494
324083,2037
324086,8003
324092,0
324116,6686
324127,7696
324130,13473
324133,6762
324167,10959
324182,7078
324193,8198
324204,5204
324208,5544
324217,5000
324235,5130
324245,7968
324264,0
324294,4148
324306,0
324327,5107
324353,0
324356,0
324392,8497
324401,8855
324417,6716
324423,8282
324430,7367
324444,13225
324455,0
324486,13496
324489,5302
324496,9011
324497,17145
324504,7449
324512,3882
324523,8778
324537,10105
324539,5447
324549,0
324563,4684
324564,8057
324565,6675
324587,6351
324630,9681
324632,7450
324644,4316
324662,9895
324669,6500
324684,10356
324699,8934
324704,5357
324713,9354
324723,11477
324725,0
324730,4980
324757,11380
324766,5307
324773,0
324776,5819
324781,3756
324795,6194
324798,6650
324816,4060
324820,0
324822,8687
324835,8168
324866,6716
324920,5713
324949,4590
324965,6860
324971,8416
324989,4625
325005,5190
325025,0
325048,3654
325059,6793
325076,0
325099,8266
325100,0
325102,2892
325124,0
325148,0
325177,4552
325183,7783
325195,6935
325196,0
325201,5079
325223,3719
325224,0
325226,5868
325231,5046
325234,5287
325236,5691
325245,5628
325247,4400
325255,4228
325261,4574
325278,3099
325282,6476
325284,3378
325285,5775
325287,5193
325291,0
325300,5541
325318,0
325324,0
325348,4992
325352,0
325371,0
325379,0
325396,7637
325406,5970
325408,9319
325410,3331
325421,0
325433,5754
325435,8384
325438,8047
325445,8139
325458,12344
325461,6528
325463,8588
325478,5079
325485,10421
325489,16431
325490,0
325491,4839
325498,7467
325507,0
325509,0
325519,8584
325526,3592
325534,4153
325538,9749
325551,7912
325575,3092
325576,6633
325579,0
325584,6652
325603,6231
325607,7112
325608,8700
325632,0
325643,6377
325644,6248
325651,8296
325657,7979
325671,7488
325672,5131
325684,8181
325720,7834
325725,6471
325746,0
325773,9390
325797,0
325809,2992
325825,5991
325838,5181
325843,17305
325859,11835
325863,15695
325880,0
325881,6951
325884,7637
325889,7144
325896,0
325897,4968
325901,6146
325916,6223
325933,3896
325951,0
325958,5450
325961,9886
325992,4020
326012,0
326013,11305
326014,7702
326023,3448
326036,0
326047,19011
326049,5388
326051,8274
326052,7513
326056,0
326057,7218
326066,6922
326074,6633
326088,4149
326094,0
326131,8371
326150,7285
326153,8845
326157,4879
326158,8211
326161,0
326167,6860
326169,9355
326171,14286
326179,0
326204,23636
326212,8244
326220,10350
326221,11225
326223,6739
326228,6564
326231,18843
326232,3858
326233,5643
326246,7028
326253,0
326257,9112
326258,4815
326267,4473
326278,3053
326292,13763
326300,0
326322,5276
326326,0
326341,3884
326348,6430
326350,6300
326351,4921
326374,9597
326384,6804
326439,5200
326456,8118
326468,8708
326481,4349
326482,5757
326485,6621
326491,9437
326518,14185
326526,5965
326539,6848
326593,4296
326623,0
326629,6402
326630,9436
326657,6376
326661,8318
326665,0
326667,6390
326678,3109
326681,6460
326693,8057
326696,0
326699,7594
326701,25650
326709,0
326741,0
326746,7582
326765,0
326767,0
326770,4899
326773,10408
326790,5286
326820,6175
326822,5032
326824,0
326828,7025
326847,4692
326850,5010
326874,5750
326894,0
326901,2762
326916,0
326932,3652
326937,11215
326941,2963
326946,5281
326954,5525
326991,9104
327004,6268
327006,4851
327008,0
327046,8823
327048,5742
327059,3423
327063,15508
327083,3308
327101,12785
327115,7905
327123,1592
327124,8103
327125,7257
327134,0
327155,4936
327158,0
327164,0
327194,6555
327196,4972
327199,6582
327202,6949
327205,0
327218,4635
327235,7730
327239,3317
327241,0
327251,7379
327259,6124
327268,13250
327273,9570
327283,6775
327286,4804
327329,3964
327332,4888
327344,0
327374,5381
327376,4809
327378,8069
327387,5078
327399,0
327400,5744
327407,4343
327411,5631
327429,0
327446,3986
327494,7722
327496,5998
327508,4094
327512,0
327514,0
327529,8411
327533,8263
327534,8379
327540,9028
327547,7413
327549,11876
327574,7286
327582,9289
327593,7222
327622,7988
327630,7502
327635,9344
327642,8089
327648,5687
327651,6090
327654,5321
327658,5309
327669,7076
327687,7094
327693,0
327706,6216
327710,0
327718,6010
327725,0
327731,5460
327738,2047
327792,0
327803,6475
327830,7548
327831,1523
327834,5131
327853,6906
327858,5370
327862,4954
327866,4789
327891,0
327896,0
327909,4098
327945,5797
327965,8739
327970,0
327972,4952
327979,6507
327981,5056
327994,7818
328011,6225
328021,11813
328050,6624
328102,5649
328114,0
328120,11691
328131,0
328133,7445
328144,0
328147,0
328156,0
328157,8179
328160,11725
328167,3797
328173,4934
328197,6541
328209,7433
328210,3863
328213,7318
328255,6169
328258,6742
328265,8549
328266,17745
328267,12387
328284,9989
328289,0
328295,0
328307,8012
328339,12250
328347,7907
328348,4668
328349,5118
328354,6878
328365,4709
328378,4896
328382,6756
328391,5671
328399,5998
328407,4703
328413,8669
328418,5917
328439,4337
328443,6867
328444,0
328458,6576
328461,7681
328483,6684
328506,6698
328540,0
328554,9788
328555,9293
328583,7740
328600,6260
328607,7952
328632,6325
328639,9310
328646,5050
328668,3002
328687,6587
328704,0
328716,4588
328720,7242
328721,8158
328733,0
328734,2198
328740,6199
328771,10117
328793,7672
328800,7290
328803,0
328819,9912
328829,21433
328837,0
328841,0
328857,3688
328863,5172
328865,2239
328870,9643
328875,5179
328888,7990
328915,5706
328918,4683
328929,6858
328930,11391
328932,0
328944,10704
328958,4078
328959,10878
328962,5681
328963,10427
328986,4457
329012,6143
329041,0
329045,9526
329050,4078
329058,5098
329059,6409
329067,6377
329077,7358
329089,0
329091,6960
329115,4903
329117,3497
329127,5188
329130,3033
329134,5124
329164,5690
329166,5400
329171,9635
329174,7980
329177,4732
329244,10610
329248,0
329255,5280
329257,10007
329265,9377
329266,2603
329277,8417
329283,7337
329298,4070
329310,6149
329314,0
329316,10695
329322,5214
329326,5467
329344,0
329372,4422
329373,12577
329376,7106
329387,3564
329398,7651
329401,4265
329403,0
329407,8104
329409,4729
329427,7513
329430,6683
329431,4796
329439,0
329451,0
329460,15778
329461,5205
329468,4737
329469,8917
329473,0
329475,0
329477,3518
329481,0
329495,10900
329502,5703
329508,4663
329540,8309
329552,4329
329560,0
329571,8430
329598,6891
329605,5346
329616,7956
329632,8514
329640,9664
329656,4630
329671,0
329678,13408
329692,13423
329695,4584
329708,8026
329711,20034
329713,0
329719,5995
329732,0
329748,3763
329760,7821
329805,3034
329810,4144
329813,9598
329817,3878
329820,0
329830,0
329852,14519
329855,6102
329875,3501
329884,5697
329889,7459
329896,4536
329904,0
329931,4895
329947,0
329955,7828
329959,4091
329963,7301
329966,9246
329968,0
329999,4854
330007,5199
330021,8196
330022,0
330029,7482
330046,4820
330050,7272
330057,4799
330068,5351
330069,4999
330071,5753
330087,3926
330090,6347
330100,10534
330127,5134
330139,8378
330141,5066
330143,5362
330145,6410
330149,6332
330157,8916
330162,5606
330172,7267
330191,0
330194,5971
330216,3940
330233,9942
330234,6835
330237,0
330247,1349
330257,0
330272,7106
330273,7421
330282,6462
330301,3906
330307,4755
330311,10088
330318,13664
330323,6581
330330,7723
330346,6185
330356,8133
330357,0
330371,13319
330379,6650
330387,0
330395,4021
330397,6847
330403,1348
330430,0
330440,0
330443,14878
330448,0
330456,7877
330457,5063
330464,0
330465,6693
330483,2429
330500,6050
330506,9988
330507,0
330538,8017
330556,0
330570,6750
330585,7846
330589,6094
330604,3124
330605,6642
330607,5035
330637,0
330639,3658
330652,0
330653,0
330666,0
330684,9489
330708,2809
330719,6700
330723,7307
330732,6159
330756,6281
330776,3552
330779,4048
330796,10468
330815,10840
330817,6241
330832,8480
330863,3471
330866,6626
330890,0
330897,7556
330909,7409
330927,10520
330933,3384
330950,0
330965,4941
330972,4943
330973,7631
330975,2264
330978,4635
330983,10423
330993,2335
331001,858
331002,6507
331016,6905
331023,5794
331029,8438
331033,0
331038,0
331039,3429
331051,4258
331052,0
331065,6469
331069,4930
331090,5885
331101,0
331103,6586
331112,4640
331116,0
331117,10494
331160,5561
331161,11014
331165,7899
331170,12497
331182,5659
331183,4864
331186,17090
331195,12846
331200,6879
331206,0
331215,6055
331220,6160
331241,9338
331254,6790
331265,8092
331274,4917
331277,9154
331281,5727
331288,0
331313,3945
331316,0
331336,10546
331343,6668
331352,7562
331353,0
331357,0
331358,3866
331375,0
331376,10962
331391,8040
331399,5706
331414,6035
331417,11220
331423,4575
331457,3044
331463,4688
331466,5978
331468,5677
331471,5428
331474,3958
331484,8781
331498,6643
331504,3587
331506,10948
331517,2631
331520,4250
331524,6923
331530,7856
331536,5087
331538,0
331544,8189
331550,3997
331551,8505
331552,8783
331561,10527
331593,3622
331609,3733
331623,0
331628,1930
331644,4994
331650,7016
331656,6434
331662,8081
331680,8095
331705,8843
331707,7725
331709,4702
331710,4882
331724,0
331728,4848
331737,6818
331745,16675
331749,4281
331760,6298
331775,15214
331776,0
331779,7380
331780,11405
331794,7447
331800,6703
331810,0
331825,10426
331833,14244
331834,6253
331840,7644
331844,5636
331847,8162
331862,7214
331882,2904
331891,7249
331896,6240
331899,4627
331921,4780
331923,13438
331930,5029
331942,0
331959,3527
331973,6244
331976,8876
331981,8118
332004,0
332006,10787
332010,7134
332017,5235
332027,8484
332030,4454
332039,4688
332041,0
332064,4439
332066,6070
332068,0
332076,7041
332083,0
332086,6322
332107,0
332111,9512
332139,13617
332143,7529
332157,7399
332169,8353
332171,6944
332175,7113
332178,12097
332179,5469
332181,0
332184,7350
332200,6605
332223,6371
332254,4380
332262,3768
332284,4580
332330,6525
332334,6517
332339,9258
332340,2094
332349,7868
332366,0
332384,6419
332389,6702
332412,7299
332419,0
332431,6993
332454,6269
332467,8312
332476,5308
332490,6576
332494,0
332496,9849
332505,10898
332510,4685
332513,0
332514,6948
332515,5422
332516,9827
332545,7318
332560,7183
332572,4119
332573,4489
332574,9295
332575,4872
332583,8235
332589,8303
332598,9258
332623,2077
332625,11010
332634,7769
332637,7199
332642,6434
332668,5198
332684,15627
332688,7604
332689,2952
332702,4646
332705,4170
332719,6447
332723,0
332748,2940
332762,0
332765,7856
332806,7325
332826,5259
332852,3746
332867,4526
332868,3899
332878,5459
332912,6309
332941,6766
332942,6000
332968,0
332974,6766
332998,3877
333007,4859
333013,0
333019,4452
333024,0
333029,5628
333031,8753
333059,9184
333065,5935
333066,0
333083,6226
333085,6013
333086,6031
333087,6792
333109,9475
333112,0
333119,9637
333124,6079
333127,0
333132,0
333140,9766
333151,0
333163,1493
333167,6377
333169,7523
333203,2425
333230,20085
333233,6844
333270,0
333273,0
333285,3798
333297,8762
333305,9793
333328,0
333331,6226
333345,7692
333351,4714
333355,6566
333359,3625
333362,7288
333368,3592
333384,5462
333385,5837
333394,0
333395,5974
333416,9177
333418,6872
333447,6647
333448,4486
333449,5004
333461,7065
333463,8076
333464,0
333467,0
333472,5208
333491,5670
333525,10318
333539,7704
333552,5943
333554,6735
333556,6217
333562,4471
333564,4104
333573,7394
333580,5110
333619,15789
333627,3495
333629,0
333641,4858
333650,10472
333667,5734
333674,8190
333687,5947
333690,8013
333693,6014
333699,0
333722,3858
333723,3492
333773,0
333775,4786
333784,3440
333819,3966
333820,6330
333826,6182
333835,8083
333845,16406
333856,8638
333858,7516
333869,7855
333885,7708
333891,0
333896,7392
333910,0
333918,10567
333925,7354
333930,6401
333932,5386
333940,7341
333953,4815
333955,9699
333964,9452
333969,4435
333976,0
333997,6344
334010,6651
334015,3279
334023,0
334029,6483
334031,7542
334071,13632
334075,4398
334076,4476
334081,7065
334113,5026
334115,6842
334116,0
334123,0
334132,6791
334136,6119
334149,8056
334156,6352
334165,6554
334166,5912
334172,0
334173,13691
334183,0
334186,5065
334189,9170
334199,6287
334203,12872
334209,11202
334214,9952
334221,6462
334223,5486
334236,6265
334246,5507
334261,0
334263,0
334270,5774
334288,3852
334300,6723
334305,0
334312,18082
334324,5573
334363,0
334381,5058
334384,8951
334403,7126
334404,7307
334422,4288
334430,3909
334431,8565
334480,11380
334494,0
334502,5146
334525,10806
334546,5566
334551,9028
334554,2738
334575,5991
334576,0
334578,5785
334583,6044
334597,7097
334609,5990
334613,4708
334615,12116
334620,3830
334624,3807
334646,7037
334649,9753
334652,11076
334693,0
334696,11841
334697,5999
334703,6415
334712,4563
334723,5083
334728,6785
334730,4288
334737,7611
334743,6369
334751,7265
334761,0
334771,4255
334776,0
334783,4545
334813,4800
334816,7422
334834,7942
334840,5597
334846,0
334854,0
334890,0
334904,0
334926,6809
334938,0
334950,0
334959,0
334979,4719
334980,8522
334986,6257
335015,0
335029,7774
335040,6268
335045,0
335047,11792
335064,7733
335065,6438
335073,2211
335103,6216
335120,2125
335124,5526
335142,10865
335143,4986
335152,5653
335167,5459
335168,5692
335173,5495
335188,7845
335211,10861
335223,0
335251,0
335262,6480
335285,6457
335292,4418
335310,0
335319,8135
335340,6722
335384,8329
335394,6280
335397,6100
335412,3894
335438,4063
335442,7907
335473,6784
335475,6751
335489,9955
335495,9860
335496,9318
335498,7581
335500,3708
335505,0
335515,10132
335527,9838
335548,0
335552,7608
335560,5069
335564,9267
335565,8958
335568,0
335569,7378
335574,7726
335583,8583
335602,9358
335622,5131
335647,0
335660,7045
335663,6486
335664,7097
335698,6058
335705,7621
335709,0
335725,6718
335726,3450
335742,4965
335749,6852
335754,4643
335766,9476
335767,3144
335786,2815
335787,13709
335807,12107
335819,7116
335823,0
335829,6363
335838,5924
335850,3126
335861,5609
335870,3551
335878,7664
335882,6369
335889,3663
335903,6326
335916,11372
335928,13485
335939,3411
335955,3846
335970,6321
335971,0
335976,5900
335978,8722
335991,4654
335996,12217
336002,4515
336005,10715
336026,8569
336030,4430
336041,6071
336047,5002
336061,6468
336073,0
336083,5603
336084,4908
336107,5910
336111,13676
336113,12642
336125,5090
336126,2383
336136,6814
336156,7438
336165,3591
336168,5849
336175,9476
336183,6352
336184,5390
336206,3094
336213,0
336218,5608
336221,0
336225,9679
336244,3608
336246,0
336254,0
336265,6680
336270,9334
336281,5604
336288,4967
336291,5614
336296,8336
336305,6401
336312,9357
336314,7319
336315,5095
336317,7860
336325,2979
336338,10863
336352,4575
336356,0
336367,6208
336373,6435
336387,8560
336401,7574
336416,13540
336426,0
336427,0
336444,0
336445,10748
336449,12590
336464,5075
336517,9382
336522,9114
336544,8395
336559,18327
336579,7478
336584,3624
336615,0
336622,8970
336623,6452
336654,0
336661,6204
336667,0
336670,0
336672,8645
336679,11508
336697,8838
336702,9212
336703,5686
336709,3827
336730,0
336732,3837
336758,6146
336788,6942
336825,7125
336826,0
336830,7382
336885,0
336889,5994
336908,0
336915,12256
336925,7614
336932,0
336935,5897
336938,2391
336953,0
336975,0
336983,5160
336984,0
336994,8962
337010,5743
337015,6511
337027,4557
337030,7034
337035,10867
337044,7902
337049,7867
337059,3443
337069,6780
337070,0
337073,6764
337082,0
337083,8107
337091,7292
337100,6186
337109,21095
337110,7841
337115,0
337117,4766
337124,11072
337129,4305
337134,5094
337138,12221
337141,9509
337146,8626
337158,4665
337190,11660
337191,5853
337209,0
337215,6642
337222,3706
337223,0
337242,6808
337245,0
337247,5216
337258,6336
337285,21529
337287,4599
337295,6022
337299,7263
337305,7364
337310,5864
337312,0
337315,5360
337333,7047
337337,6534
337347,4699
337378,4598
337386,6501
337402,6675
337406,6595
337420,8535
337424,0
337431,7439
337448,8154
337468,3689
337481,5107
337487,0
337494,8872
337496,4912
337515,6237
337516,5041
337518,2597
337521,7623
337522,14968
337529,6817
337539,5579
337540,7980
337542,8999
337549,10662
337553,0
337559,6841
337563,0
337564,0
337571,3228
337577,5873
337587,7966
337595,6240
337600,6121
337623,10329
337627,14379
337629,4419
337631,3761
337638,7838
337648,13365
337651,3699
337661,5389
337663,4635
337670,7070
337675,6149
337681,5558
337686,7288
337687,10221
337690,6642
337705,0
337707,6400
337726,9024
337738,8773
337742,3703
337760,9274
337764,6363
337767,5379
337780,11483
337802,8924
337811,0
337834,12698
337836,9857
337857,3892
337867,10346
337869,3747
337874,7721
337876,5489
337878,9893
337882,0
337889,10048
337897,5800
337903,0
337908,3922
337919,6842
337928,5221
337930,5877
337945,6099
337958,8872
337980,10831
337990,7446
338018,7445
338034,0
338055,7895
338068,5493
338073,4715
338081,6864
338086,5549
338089,5037
338109,4015
338115,0
338119,9430
338121,7849
338131,5432
338143,4419
338144,6010
338162,6244
338165,7225
338173,5046
338175,8083
338184,6849
338219,5096
338222,5079
338240,5900
338254,9271
338271,3722
338286,8463
338302,0
338312,5524
338316,6332
338317,3679
338319,6072
338323,0
338342,5249
338343,5693
338344,6882
338354,8152
338356,4904
338371,6795
338377,5705
338383,4076
338401,6972
338403,0
338417,4838
338429,6611
338458,7402
338462,3597
338478,4664
338502,6327
338503,0
338508,0
338522,4751
338524,5791
338526,7809
338540,5616
338543,7647
338550,24671
338560,9308
338599,5214
338615,9009
338625,4766
338630,7766
338636,5090
338653,7449
338664,6434
338678,5064
338680,4057
338690,3242
338694,0
338712,6159
338720,5146
338723,4778
338727,0
338728,5773
338740,7395
338748,0
338753,4529
338767,0
338773,4479
338810,0
338812,7188
338829,10184
338830,8416
338841,0
338844,0
338859,5929
338860,4128
338882,5035
338892,6346
338903,0
338919,4974
338933,7887
338951,6722
338954,0
338964,0
338973,0
338988,4739
338991,0
339002,6355
339016,7167
339028,7837
339035,4548
339039,9985
339043,3463
339054,7524
339055,9427
339057,8966
339069,2533
339072,4131
339080,5648
339087,5968
339088,3770
339093,11307
339155,0
339160,6163
339193,7142
339201,7702
339204,9811
339205,7934
339214,7533
339226,6725
339241,3583
339247,5546
339252,7146
339259,4091
339265,3608
339279,5513
339285,4779
339328,8904
339335,4400
339341,15530
339346,6583
339361,0
339370,7754
339372,0
339377,7017
339380,1795
339386,4815
339398,5308
339416,8905
339418,3555
339425,0
339427,9104
339432,4486
339451,5153
339453,9193
339477,7485
339497,8526
339520,4251
339523,11623
339534,0
339540,4326
339553,13479
339562,0
339569,15081
339575,4976
339580,8820
339592,0
339594,5585
339596,4073
339622,10286
339656,7482
339697,6959
339734,7343
339742,0
339743,5015
339750,0
339766,1435
339776,7742
339777,7124
339778,3525
339786,4483
339805,6100
339819,3782
339822,7613
339841,0
339847,6764
339849,1748
339876,7125
339877,6856
339885,3742
339892,2788
339893,3984
339900,11561
339904,0
339916,5196
339917,2444
339921,13158
339931,0
339932,5380
339941,10891
339956,8442
339958,5363
339959,7947
339967,4403
339972,5441
339976,4819
339979,5583
339990,0
339994,10976
339998,5623
339999,0
340021,7444
340022,5730
340027,3184
340029,10896
340039,0
340043,8805
340050,4239
340056,6987
340092,3499
340105,3524
340108,6422
340116,6945
340135,14928
340145,4600
340147,4595
340150,8382
340152,6731
340206,6009
340208,8978
340209,0
340217,5749
340227,8239
340237,5708
340246,6439
340254,4259
340265,5888
340268,8835
340276,5417
340296,7383
340300,7270
340312,9584
340313,0
340314,4770
340338,6690
340357,0
340363,13571
340378,4975
340396,6794
340401,16992
340425,12302
340430,4102
340476,10324
340517,5010
340520,3685
340524,0
340531,0
340557,3769
340564,7200
340573,13535
340580,8385
340586,4533
340594,6185
340603,0
340606,9551
340617,10308
340624,5334
340638,7693
340639,5167
340673,4860
340694,0
340698,6494
340713,6348
340726,10734
340736,5037
340740,8748
340773,7088
340775,8282
340788,3689
340825,11771
340833,0
340841,0
340850,11009
340854,6050
340855,4097
340858,5237
340869,10549
340875,0
340876,5020
340878,6129
340895,3118
340899,6091
340905,8447
340911,2914
340927,5206
340934,6480
340940,4774
340947,7391
340952,10550
340963,4541
340986,12194
340988,4794
340997,3925
341005,6745
341021,11225
341026,5004
341032,7873
341033,7023
341041,0
341043,5166
341096,7764
341103,0
341106,8308
341130,10111
341160,0
341165,7603
341167,5924
341175,10796
341180,12019
341234,0
341240,8842
341258,3443
341264,0
341280,0
341293,6527
341300,10239
341307,0
341310,6575
341314,9837
341321,0
341334,6637
341336,7142
341338,0
341340,7396
341342,5052
341344,4950
341351,5336
341353,6001
341365,7460
341368,4840
341372,4960
341374,5139
341389,8506
341403,0
341404,5892
341409,6811
341416,11470
341421,7705
341427,8934
341436,0
341444,8676
341446,7524
341448,15494
341451,6341
341461,8746
341463,7163
341485,4507
341491,3683
341494,2298
341523,6281
341537,7997
341538,7870
341546,3402
341550,7706
341562,7954
341582,9476
341583,3558
341585,8635
341586,5050
341589,5419
341616,5567
341622,7548
341626,7119
341650,4907
341663,7153
341672,5752
341679,5721
341681,4450
341698,5370
341720,0
341735,7746
341738,9106
341759,0
341768,9623
341769,2567
341773,2569
341780,8182
341794,7490
341822,0
341825,9241
341831,4691
341840,4400
341843,6283
341846,7585
341862,10747
341866,0
341869,6233
341892,4174
341897,6185
341909,5963
341926,0
341927,6217
341953,5911
341957,2555
341972,11088
341974,4176
341995,6617
342007,5830
342009,7246
342032,9670
342040,0
342057,8641
342087,9466
342109,0
342134,2302
342145,9408
342160,19054
342168,5767
342207,5802
342209,20203
342218,0
342226,4435
342227,4312
342248,7280
342256,6453
342259,4554
342272,3879
342285,3471
342288,5401
342290,5502
342300,0
342305,0
342344,4064
342351,5542
342364,0
342397,5225
342415,11413
342429,5286
342434,6737
342438,6775
342440,0
342451,5639
342461,0
342468,0
342474,0
342487,5144
342488,6528
342493,4920
342516,7050
342547,2131
342560,5278
342597,9048
342604,6021
342614,6782
342616,4860
342625,6231
342644,11494
342659,9774
342664,0
342678,6333
342709,7600
342742,3081
342743,0
342755,6280
342763,6467
342778,5989
342789,7604
342794,11158
342799,4859
342800,0
342828,0
342832,5449
342838,12918
342846,5816
342850,0
342864,3696
342873,0
342874,7302
342881,6289
342884,5061
342930,6284
342956,5838
342971,7762
342994,7062
342997,9638
343007,16296
343016,9526
343025,0
343026,5270
343028,10333
343030,6052
343036,0
343040,0
343057,26541
343058,7585
343067,4400
343110,5528
343151,6397
343159,9589
343163,8448
343178,5538
343183,0
343188,8215
343192,6067
343218,11586
343220,7247
343249,5768
343275,10896
343306,7078
343310,5047
343335,5346
343353,3286
343373,4471
343385,6917
343393,0
343405,11396
343409,4351
343415,5306
343416,4703
343434,0
343441,8583
343442,10525
343443,6001
343447,7060
343468,6526
343472,7016
343480,4654
343494,0
343499,5640
343500,0
343509,3823
343513,6183
343514,6145
343540,5216
343561,9749
343582,7038
343585,9347
343607,0
343608,8865
343621,8015
343624,7047
343659,5741
343675,0
343690,7904
343711,7221
343725,0
343739,0
343743,3783
343745,0
343758,4727
343783,3649
343803,5786
343805,3063
343820,6207
343824,4439
343828,4285
343853,7538
343860,5840
343875,0
343888,7206
343902,7130
343913,7487
343920,5682
343948,3330
343956,6212
343977,2278
344014,4522
344043,12283
344057,5853
344071,7423
344077,4475
344102,0
344104,0
344105,4863
344107,2312
344125,8197
344128,0
344152,8601
344174,0
344178,4397
344195,0
344197,0
344200,6244
344221,2827
344228,0
344230,6328
344244,8802
344245,7201
344252,7343
344266,7685
344287,5197
344289,4686
344294,0
344298,4496
344322,0
344336,0
344339,5657
344353,9646
344354,3933
344359,0
344381,5099
344384,4897
344392,7319
344397,5276
344400,0
344410,3575
344415,7993
344433,0
344438,5137
344440,11717
344442,0
344454,4826
344456,11425
344464,0
344465,0
344468,6851
344474,7312
344475,5758
344481,3157
344507,13017
344510,5549
344516,6990
344528,9574
344532,8874
344559,6048
344562,8588
344571,7865
344572,5549
344575,0
344577,5824
344580,5272
344606,4026
344622,6682
344623,4084
344624,0
344626,4390
344628,9049
344637,3526
344647,0
344656,4348
344657,4624
344670,8400
344680,10587
344687,5926
344688,4692
344701,2975
344704,0
344707,9350
344732,0
344736,4536
344749,3716
344751,7057
344756,11616
344758,2423
344760,0
344763,0
344782,6300
344787,6087
344811,5139
344815,0
344826,9312
344837,0
344838,4747
344858,2261
344860,10387
344874,0
344880,0
344890,8212
344894,0
344899,9958
344912,0
344948,0
344951,6841
344957,6983
344977,10118
344981,9324
344984,3846
344986,0
344995,11578
345003,13883
345007,13623
345012,0
345028,0
345033,0
345038,4821
345039,7226
345045,4947
345048,5494
345060,9516
345085,5596
345095,6139
345096,10738
345108,6798
345110,4144
345124,8962
345126,4734
345131,3243
345154,18146
345161,6556
345166,5535
345168,2997
345172,5404
345179,6159
345185,7040
345192,5985
345195,8900
345197,7898
345200,4568
345217,7588
345250,4807
345258,6590
345260,0
345261,20310
345266,8553
345269,4973
345270,5116
345281,14537
345289,8117
345293,5417
345313,14695
345320,7732
345326,3433
345344,1633
345345,8576
345350,5473
345356,7993
345373,9852
345376,5390
345408,7609
345415,5624
345417,5963
345429,5109
345431,6317
345436,4917
345439,9296
345462,6376
345463,12399
345475,2057
345480,4837
345490,3023
345491,6909
345497,0
345507,7702
345509,0
345535,0
345537,7929
345548,2675
345558,6043
345579,3490
345591,2481
345593,4111
345615,7519
345621,7957
345637,5078
345669,0
345673,0
345680,4820
345689,7278
345697,6004
345710,0
345713,10635
345717,0
345719,5034
345720,8291
345729,6775
345743,5430
345764,6432
345767,6365
345790,0
345800,3404
345804,8327
345805,4001
345811,5775
345814,5749
345823,0
345844,4992
345863,5353
345864,4924
345873,8654
345874,0
345881,0
345896,7612
345908,5561
345913,4775
345931,4434
345937,7132
345951,6713
345953,4129
345971,4325
345985,7343
345986,8072
345996,6513
345999,13704
346008,13677
346018,5438
346025,4311
346033,9373
346043,4055
346046,6655
346065,7354
346093,6381
346098,7410
346109,12329
346113,6825
346124,4666
346169,6525
346175,0
346177,12479
346190,6698
346191,2485
346197,0
346198,8157
346208,5486
346226,4382
346248,5763
346271,0
346279,8319
346292,8436
346304,0
346315,0
346320,11118
346326,4485
346349,0
346357,2741
346373,5083
346377,0
346390,16944
346405,2672
346406,4228
346465,1155
346485,7161
346495,0
346501,4223
346513,5675
346561,4783
346580,0
346583,0
346625,4997
346645,5281
346648,5747
346658,7316
346660,5109
346669,0
346684,4526
346688,5888
346723,5834
346724,6099
346727,3537
346772,7151
346774,8079
346777,9484
346800,9263
346801,5112
346813,3430
346816,0
346834,5355
346861,4689
346869,8032
346872,5285
346902,4944
346909,7735
346919,2900
346928,6292
346933,0
346937,0
346948,3634
346951,0
346959,7748
346987,0
346990,0
347010,4317
347012,7625
347022,4758
347030,0
347038,7777
347046,5932
347052,4340
347056,0
347076,5105
347078,4610
347095,7187
347101,7456
347110,9258
347121,7125
347136,6562
347138,7090
347156,0
347158,7893
347160,8137
347161,2920
347164,3775
347191,7336
347211,6121
347212,3349
347229,6647
347237,3891
347245,4774
347250,8681
347254,5253
347274,0
347282,12197
347284,6695
347285,14216
347287,4138
347290,0
347292,3404
347298,6957
347311,0
347345,4254
347349,6940
347361,4731
347364,8163
347370,5639
347401,7437
347407,7701
347412,0
347425,0
347434,0
347438,5506
347466,7538
347471,6713
347488,5551
347491,0
347497,4770
347509,11016
347517,6031
347519,0
347537,5226
347549,5129
347559,7272
347573,0
347580,6045
347582,11048
347584,7178
347588,0
347594,6758
347595,10066
347597,4658
347601,7508
347605,2774
347611,6458
347614,4004
347629,0
347639,0
347643,4763
347653,0
347655,0
347678,6575
347686,5257
347700,3371
347701,3044
347704,0
347709,6256
347735,6681
347744,6404
347767,13390
347780,0
347781,6846
347797,4042
347817,6107
347824,7440
347841,6147
347859,10164
347884,0
347910,4982
347914,8562
347925,7111
347940,7668
347947,10686
347965,14099
347976,5999
347978,9662
347984,5919
347995,1953
348006,3338
348017,0
348027,8487
348029,6602
348031,4019
348033,4820
348035,4605
348041,9437
348046,5532
348057,5991
348065,6016
348079,9256
348087,6002
348094,5964
348097,4942
348105,3669
348109,9633
348123,4328
348141,5862
348155,15599
348170,4991
348173,6354
348191,3979
348217,4002
348220,2743
348230,6627
348235,0
348243,8473
348249,5316
348258,4479
348263,4264
348270,8077
348271,13570
348275,3748
348280,3338
348299,18235
348300,7016
348330,4621
348332,5524
348340,4209
348344,5105
348345,6975
348352,0
348361,0
348404,7048
348407,4376
348409,5460
348413,4754
348428,7880
348431,6590
348443,0
348455,0
348458,4845
348463,5972
348465,4915
348467,7848
348488,0
348509,11256
348525,11385
348534,6753
348538,10172
348573,4583
348577,5055
348596,3820
348599,4829
348604,0
348615,5888
348623,4814
348649,6964
348650,9712
348663,0
348667,5866
348683,9170
348708,4440
348709,12251
348722,6071
348723,8382
348736,0
348739,13021
348747,3645
348752,6741
348757,6208
348760,7145
348774,11587
348815,6410
348822,7724
348825,7173
348871,5322
348873,7882
348880,5291
348896,4896
348920,5924
348922,0
348924,6496
348925,5630
348929,6614
348932,7277
348935,3047
348946,0
348956,8108
348972,2058
348976,16185
349007,0
349009,2954
349011,5759
349012,9648
349022,0
349026,5515
349045,6674
349046,0
349052,6398
349055,3074
349075,0
349076,5695
349103,9508
349108,4929
349119,4805
349120,8630
349124,0
349129,3293
349138,0
349147,0
349160,5194
349217,6896
349231,4868
349233,8076
349244,5619
349262,9571
349281,5180
349285,5062
349315,3614
349316,5182
349331,3995
349345,7461
349359,7723
349360,0
349362,0
349367,0
349374,5742
349376,4554
349381,4697
349387,2888
349389,7933
349398,4537
349401,5287
349411,6072
349413,8041
349424,3550
349425,9722
349430,3994
349456,4341
349461,16210
349469,0
349470,2565
349486,7358
349492,6032
349522,0
349531,5792
349533,7516
349546,6406
349549,6801
349554,4882
349555,7437
349572,9739
349575,4800
349581,6546
349591,2439
349608,7364
349609,2929
349613,5804
349618,5090
349633,5322
349639,5366
349649,9566
349653,15412
349670,0
349671,5339
349683,4500
349696,7580
349697,6151
349710,4152
349717,0
349747,6812
349756,4330
349766,2821
349767,6726
349768,6536
349774,4838
349800,10956
349825,25782
349828,4941
349834,0
349857,6539
349869,8234
349877,12427
349880,4368
349934,6799
349937,0
349953,0
349958,3695
349970,7405
349976,0
349977,0
349985,5224
349993,7667
350001,12772
350052,7511
350063,12262
350087,2872
350090,0
350092,6626
350105,5270
350114,7910
350124,8139
350132,6354
350146,4589
350154,7508
350253,0
350256,0
350279,5726
350293,0
350313,3493
350320,4292
350322,5250
350330,9901
350334,5213
350335,3338
350339,0
350365,6714
350367,11051
350388,5193
350389,4802
350399,0
350420,0
350438,6840
350439,4667
350448,5658
350463,7946
350465,9726
350473,5986
350474,7232
350475,5603
350482,8707
350499,8281
350504,0
350507,2346
350508,8146
350517,3978
350527,5669
350541,9189
350551,4407
350553,0
350558,13116
350560,24490
350574,0
350581,5902
350584,6348
350596,5300
350609,5771
350612,0
350613,7337
350624,7038
350625,5811
350630,10512
350631,10163
350637,0
350653,7764
350656,6210
350663,5664
350679,5658
350687,7633
350698,3512
350724,0
350746,0
350761,6343
350767,8196
350772,16026
350821,12341
350849,6671
350862,6300
350880,5746
350894,4286
350902,5188
350903,8913
350933,6768
350944,6658
350954,4277
350956,7177
350979,5413
350981,6018
350996,0
350998,4389
351015,11182
351033,8617
351038,9380
351043,6153
351047,3949
351053,6111
351054,5370
351059,6801
351078,8800
351114,4892
351118,5975
351126,5148
351128,8271
351138,7000
351147,6119
351187,8813
351211,8077
351227,5998
351228,6200
351232,0
351234,5686
351245,9702
351255,5117
351273,5455
351288,0
351307,1659
351313,4614
351316,11417
351337,4590
351340,0
351342,0
351346,8336
351358,6194
351401,7273
351416,0
351422,5994
351426,4572
351434,5433
351435,3694
351444,3444
351449,8985
351458,8895
351467,11047
351479,5252
351485,4998
351496,5178
351505,6953
351509,6896
351529,0
351532,6281
351548,4152
351600,1923
351610,8790
351614,8887
351625,7027
351641,0
351653,7813
351658,5788
351674,4495
351676,0
351686,11534
351689,7499
351690,7504
351708,0
351729,5204
351743,0
351760,5277
351773,0
351792,5108
351800,0
351808,11524
351814,22168
351815,6035
351837,5667
351848,5969
351850,7022
351854,0
351858,3850
351860,9338
351861,7057
351870,6448
351876,7960
351899,5136
351905,10832
351907,4907
351913,4932
351917,7939
351920,4953
351923,6285
351936,7782
351938,0
351943,10962
351945,0
351946,4294
351959,6400
351966,4399
351990,11756
351993,3668
351996,4876
351999,19519
352001,9675
352010,3436
352020,7748
352021,6469
352024,6821
352047,8179
352054,4865
352065,7911
352072,7437
352086,0
352087,4845
352094,4864
352108,3974
352109,4750
352123,0
352124,8583
352127,3166
352142,8250
352180,5305
352187,5755
352189,3535
352190,9555
352191,6249
352227,6891
352245,4799
352255,8100
352284,5662
352292,0
352294,6996
352305,8387
352312,7834
352319,0
352330,9815
352345,6352
352351,5798
352355,8081
352376,6179
352396,11314
352401,7403
352409,7166
352417,5760
352423,0
352424,4054
352429,4660
352436,11199
352438,8602
352445,6227
352458,6274
352464,6703
352469,9106
352478,12682
352485,2865
352496,5911
352503,8352
352505,0
352507,4923
352510,4669
352513,0
352524,7398
352542,0
352547,8827
352550,3232
352565,1763
352574,6814
352584,6093
352587,6708
352595,4798
352597,5779
352602,5123
352613,5997
352615,5267
352618,8330
352619,0
352632,6890
352639,7358
352643,11551
352647,9396
352650,3577
352656,5639
352657,7710
352665,11800
352684,9208
352719,5015
352740,7630
352750,7724
352751,7755
352779,4239
352789,5160
352791,11411
352833,10335
352835,7762
352839,5149
352852,8471
352864,4639
352878,5859
352879,7766
352884,7616
352885,0
352897,5727
352902,4906
352909,0
352920,7887
352923,14632
352927,7007
352932,1994
352940,6810
352943,9409
352946,7486
352948,7031
352953,0
352957,10266
352976,8256
352992,4244
352997,6242
353003,7017
353004,0
353006,8980
353014,2646
353019,17611
353024,7134
353028,0
353040,5737
353052,7685
353055,0
353061,11758
353094,7114
353099,5397
353106,8604
353107,6616
353120,8624
353144,0
353166,7612
353203,4126
353212,4961
353224,8659
353228,3844
353229,9039
353234,5338
353241,5836
353255,13182
353256,5708
353268,5109
353271,0
353293,8875
353294,6964
353300,5722
353310,4176
353320,5006
353324,0
353326,4462
353334,5696
353336,5141
353341,4419
353343,0
353344,9897
353350,6337
353360,5095
353369,6517
353377,0
353401,4596
353404,5308
353422,8417
353440,5724
353443,5570
353458,0
353467,0
353471,2033
353479,6669
353491,0
353537,3309
353542,6298
353555,7664
353564,0
353568,4144
353581,7389
353603,7395
353607,2964
353628,5097
353632,3690
353637,12371
353651,4435
353670,5247
353682,3991
353702,9934
353705,10597
353720,8867
353729,3140
353731,4713
353733,5662
353745,3723
353746,0
353765,10991
353767,0
353768,8034
353818,4295
353822,0
353837,0
353846,0
353851,5299
353852,0
353857,3112
353862,9545
353872,4969
353888,8440
353898,0
353903,6043
353926,3791
353939,13588
353940,11806
353946,5965
353947,8910
353950,6111
353968,5053
354026,8772
354029,6491
354031,5894
354044,0
354047,5148
354058,0
354072,7376
354077,4708
354079,6682
354080,10285
354102,12263
354112,2827
354114,16682
354136,6189
354141,7375
354155,6076
354167,5515
354168,0
354169,16827
354178,6966
354199,5279
354220,11929
354240,7548
354249,0
354255,10730
354262,7592
354265,7434
354270,0
354276,9529
354278,2503
354283,7051
354300,11742
354323,5916
354356,8498
354362,0
354374,8240
354382,2677
354384,7176
354390,5940
354396,0
354403,3930
354407,2937
354420,4981
354424,4125
354432,13941
354435,3564
354442,10474
354455,0
354463,0
354484,5911
354497,7531
354500,7193
354506,16607
354510,0
354518,0
354542,7656
354557,0
354561,0
354563,2776
354568,13591
354569,5980
354593,7269
354601,7288
354602,5520
354636,6662
354637,5721
354648,6053
354660,9484
354664,4796
354675,0
354676,22865
354683,5586
354684,8802
354691,6538
354693,6342
354698,4766
354716,3609
354741,7193
354748,7833
354756,6142
354765,0
354770,0
354795,6005
354796,9189
354798,5878
354806,7976
354809,4942
354822,8163
354831,9839
354852,4430
354861,0
354868,5337
354881,6506
354886,9526
354888,5254
354911,4318
354919,7303
354923,0
354953,5448
354954,4611
354959,4236
354974,0
354985,9192
355023,5353
355027,0
355035,3755
355055,6520
355060,4069
355077,6939
355080,7150
355081,7389
355091,8550
355101,7082
355102,0
355134,6822
355154,6053
355157,0
355161,0
355178,5874
355187,6443
355217,4132
355221,7574
355246,5985
355256,3548
355257,0
355264,9657
355272,7361
355282,16668
355289,7296
355306,9292
355314,2571
355315,17515
355317,3484
355322,8053
355327,5708
355330,1463
355335,10235
355355,5926
355356,6003
355357,6196
355358,0
355359,4904
355378,4551
355400,10154
355416,0
355420,4209
355433,4759
355451,4923
355455,3680
355471,7607
355479,5413
355485,6566
355555,6950
355556,1981
355560,0
355562,6214
355572,10602
355585,0
355597,2769
355613,6051
355615,4408
355659,9144
355660,11429
355663,8844
355675,5332
355686,4307
355687,10886
355697,8360
355708,7969
355715,7008
355730,4238
355744,3672
355748,5248
355755,9876
355772,0
355799,5011
355802,5974
355817,4807
355838,7269
355860,6623
355861,6796
355862,8055
355871,8260
355883,0
355886,2768
355902,4485
355903,5299
355909,9113
355915,5535
355920,4800
355922,10753
355926,7800
355939,0
355943,0
355950,9187
355953,8536
355983,11638
355989,3936
355991,4178
355995,10726
356003,0
356016,8125
356021,12790
356023,3927
356042,6803
356044,7972
356068,7217
356073,6648
356079,7547
356084,5570
356088,9042
356100,5079
356112,6617
356153,0
356161,4609
356168,5744
356170,5076
356177,8266
356196,5182
356211,5758
356221,9486
356238,4179
356244,6724
356247,0
356258,0
356264,7563
356275,0
356279,5439
356298,4417
356300,15862
356303,5480
356315,2798
356319,6822
356325,12569
356340,5669
356351,4205
356352,11279
356353,2824
356366,3057
356367,5500
356372,5628
356388,7969
356390,8319
356450,0
356451,0
356466,6206
356467,4281
356474,9288
356498,5586
356506,0
356514,4801
356519,4164
356534,6191
356544,10046
356546,11031
356552,6448
356559,3035
356562,0
356583,8438
356589,4458
356590,4991
356593,0
356595,5696
356605,8945
356612,5291
356625,6047
356631,3854
356665,4221
356670,7246
356675,7468
356678,10391
356703,7284
356706,5372
356711,12021
356758,6833
356766,6882
356771,5383
356774,8868
356775,0
356778,4055
356783,7137
356789,9733
356794,5223
356798,0
356806,4688
356822,12996
356838,11647
356841,6261
356845,4699
356851,4442
356856,5929
356872,0
356873,8765
356877,5720
356894,5028
356898,5234
356900,8780
356905,4300
356909,7382
356911,10281
356923,0
356937,6195
356943,6301
356946,0
356951,5938
356953,6755
356954,0
356956,9885
356991,5378
357039,5291
357044,6103
357045,0
357068,13935
357094,3575
357105,0
357121,2597
357131,7625
357146,0
357179,7268
357184,8392
357185,3972
357191,23363
357205,5731
357209,7707
357239,7531
357246,2565
357247,8070
357250,3985
357256,8337
357258,0
357262,6077
357268,8766
357273,0
357285,5956
357288,4461
357294,4753
357303,11232
357313,10690
357320,4904
357329,3887
357331,0
357338,0
357350,2964
357353,7071
357368,7489
357369,4688
357370,8878
357401,0
357405,0
357413,11999
357424,0
357427,5083
357447,7019
357454,9976
357461,5741
357475,8630
357481,9875
357482,10111
357494,11975
357506,5197
357508,5122
357557,7997
357558,5434
357559,0
357587,5698
357592,7840
357598,9783
357610,7022
357613,13687
357616,7194
357619,2881
357622,5395
357623,5100
357625,6242
357633,4838
357639,4009
357643,6465
357651,7977
357669,4879
357685,7441
357708,9284
357718,4790
357731,5410
357732,3433
357734,7503
357736,7358
357743,13392
357749,7255
357750,11989
357760,4776
357771,5236
357775,4420
357783,19956
357806,16214
357809,6758
357824,14212
357843,4332
357845,0
357847,6232
357850,8833
357853,9323
357858,0
357884,7296
357894,4374
357895,8875
357899,5186
357913,6178
357918,6330
357927,3052
357930,5632
357931,8079
357950,6345
357953,5831
357964,5207
357980,6018
357987,1267
358014,11368
358033,7040
358044,5400
358050,6170
358061,3187
358076,16699
358096,0
358105,3015
358106,0
358115,0
358119,4690
358128,7835
358136,6084
358148,9128
358150,6152
358163,4675
358164,6814
358188,0
358193,5758
358211,4633
358214,0
358253,3327
358257,0
358261,3971
358268,5753
358273,24168
358278,5557
358298,11395
358304,4850
358307,0
358342,8805
358345,15690
358348,7014
358356,3448
358388,4542
358427,0
358450,8360
358453,9599
358459,3208
358485,8362
358489,7946
358519,8501
358542,11064
358546,7765
358549,6020
358551,6892
358578,6170
358582,6715
358585,6461
358592,4256
358594,9726
358597,4311
358612,4246
358639,0
358671,6586
358673,0
358685,4594
358688,11688
358716,9581
358717,7171
358719,7443
358725,6028
358728,5706
358773,5704
358777,7015
358800,6531
358803,7339
358809,14328
358813,12263
358815,9541
358822,3134
358827,7119
358841,0
358853,10667
358863,15201
358864,5732
358866,0
358902,6819
358908,6253
358917,0
358926,0
358928,0
358957,0
358974,7073
358982,4537
358987,7430
359015,4717
359035,5828
359039,2330
359057,5799
359077,0
359082,0
359092,3001
359128,0
359151,11700
359159,7495
359161,6785
359189,10913
359190,0
359194,7346
359196,0
359201,14905
359203,0
359206,4000
359209,6107
359226,9664
359229,6544
359235,4167
359244,8067
359253,0
359258,6547
359279,9252
359284,5148
359287,10379
359313,10038
359318,8368
359340,5235
359341,0
359347,4898
359355,6300
359376,0
359392,5485
359396,5342
359401,0
359434,9718
359435,0
359438,7611
359444,7000
359446,6482
359453,4506
359456,8061
359459,0
359472,8469
359482,6547
359505,5753
359511,7117
359524,4537
359539,9397
359547,2877
359548,8779
359557,4464
359560,17048
359574,4257
359575,5860
359594,4466
359608,13563
359612,0
359641,8796
359642,2952
359647,0
359649,0
359652,9799
359655,0
359677,6424
359688,7141
359692,0
359703,10541
359704,6757
359721,10406
359727,4270
359733,7233
359749,4943
359754,0
359774,6140
359775,6102
359803,4227
359804,0
359813,7673
359817,5180
359824,0
359826,6642
359828,6741
359854,6231
359865,0
359920,3849
359921,4318
359929,9109
359932,9706
359936,8685
359944,4294
359948,0
359970,0
359971,0
359972,6007
359979,3026
359985,8178
359999,5983
360003,8899
360005,7044
360009,2910
360031,7208
360038,19262
360047,6301
360053,0
360080,3292
360082,5293
360083,4631
360089,0
360107,8378
360110,11436
360126,2014
360132,9150
360134,5439
360137,6673
360146,8141
360147,5835
360163,7460
360164,10376
360185,3350
360207,4136
360211,6873
360213,3247
360238,13634
360244,7157
360248,10303
360253,6235
360268,15484
360282,5719
360284,9103
360285,0
360288,6154
360298,5954
360314,6741
360315,6904
360324,6270
360373,5917
360387,24529
360390,6148
360396,5455
360400,4425
360416,7045
360435,6103
360438,7261
360440,0
360442,5899
360443,6854
360459,8531
360460,7302
360462,7137
360469,4719
360473,4662
360475,0
360476,0
360482,4662
360483,8203
360491,3598
360498,3937
360499,10493
360513,0
360514,2600
360524,5589
360541,6400
360581,3697
360584,14651
360600,7535
360619,0
360621,13712
360628,12814
360649,1449
360652,0
360659,3724
360663,11139
360670,6301
360676,4711
360703,3441
360709,7764
360737,9147
360747,10206
360750,4964
360759,7445
360765,10738
360766,5016
360774,6233
360785,6035
360789,4551
360804,10013
360817,3388
360825,4567
360833,5511
360834,0
360835,7893
360836,9198
360840,6242
360846,4531
360862,4048
360868,3662
360873,7722
360878,7598
360922,9694
360951,5150
360979,5255
360997,3666
361004,10115
361031,7276
361047,7672
361061,6014
361063,6769
361067,6447
361087,3470
361091,3726
361097,3797
361112,7586
361116,3205
361126,6121
361130,9089
361144,5204
361149,0
361154,0
361166,6355
361172,0
361176,10751
361178,11584
361187,0
361192,14030
361202,4407
361246,0
361247,5293
361257,6616
361258,0
361286,5997
361295,11080
361297,0
361304,3297
361305,5508
361310,6193
361311,10355
361316,3587
361320,11554
361325,8341
361340,5877
361348,12797
361359,10339
361375,4511
361392,7128
361399,1943
361401,8703
361408,7127
361414,0
361419,5759
361428,8656
361430,0
361438,0
361461,12122
361471,4711
361485,6642
361497,6681
361505,5357
361531,5189
361535,5232
361550,9558
361559,0
361573,7739
361579,5483
361585,3663
361594,10619
361609,8304
361623,7556
361633,8582
361637,8539
361638,10300
361643,6916
361659,7447
361674,6444
361678,5051
361684,7670
361690,5367
361707,6430
361723,6331
361724,4372
361735,0
361749,6798
361754,8079
361782,5068
361783,0
361800,8168
361801,12287
361812,6044
361817,5797
361842,3072
361851,0
361860,18246
361876,0
361893,5880
361912,6786
361943,6256
361956,8288
361959,5569
361969,7116
361976,0
361991,5552
362010,10634
362014,0
362024,10861
362046,4304
362059,9731
362061,10589
362071,5225
362076,6223
362109,7186
362110,8524
362112,10564
362114,3403
362119,6386
362139,3534
362150,5266
362162,8364
362213,6046
362214,0
362216,8139
362225,5220
362228,8127
362234,6269
362248,9485
362275,4284
362280,9996
362293,5425
362299,4159
362305,0
362328,7148
362350,6506
362352,5417
362368,7843
362374,8034
362383,6749
362388,7573
362421,4302
362424,3743
362430,7768
362439,9507
362441,6539
362445,6469
362449,0
362451,4889
362458,5827
362463,4717
362507,0
362535,6076
362536,5468
362542,7964
362553,6824
362564,5771
362565,5177
362582,6122
362594,6507
362598,3667
362633,0
362638,5843
362646,9963
362663,4288
362693,4758
362710,2811
362711,10117
362713,7260
362719,6252
362733,0
362759,4648
362761,6034
362774,14275
362795,8038
362801,5901
362803,6938
362829,0
362830,5049
362859,9724
362863,5861
362867,6370
362888,4440
362890,10722
362927,10342
362945,6415
362958,0
362973,10814
362980,0
362983,8168
362986,6379
362987,4776
362995,5271
362996,5876
363005,5955
363016,5890
363025,5880
363029,4170
363035,8578
363039,4707
363042,5725
363044,0
363045,10791
363058,2795
363081,5038
363090,7388
363100,9674
363102,5671
363104,6861
363108,11993
363111,0
363113,5452
363117,0
363153,0
363159,7591
363167,8277
363173,6173
363186,7183
363205,9317
363225,0
363226,6895
363228,5166
363249,5359
363267,4820
363296,7260
363310,5325
363317,0
363324,5952
363335,4429
363343,0
363345,2810
363355,4656
363361,5820
363362,5647
363365,0
363367,0
363375,6563
363376,8463
363389,11353
363403,0
363420,0
363431,9320
363441,2762
363460,5004
363464,4970
363471,12305
363476,6567
363487,6810
363513,0
363515,5366
363516,10079
363517,8316
363540,4547
363586,10004
363589,7193
363595,0
363600,9180
363603,0
363609,5992
363611,9597
363635,5058
363643,12237
363644,0
363652,6526
363663,8187
363664,7173
363673,6042
363695,3085
363698,4817
363699,5792
363700,5023
363702,8046
363717,4857
363735,4084
363753,8226
363758,5475
363790,11465
363796,0
363809,5730
363815,8780
363820,10394
363823,7780
363850,3463
363863,3712
363869,8729
363870,5282
363890,5674
363892,6146
363896,4470
363919,7126
363937,7226
363949,4780
363952,9758
363956,8260
363959,8074
363995,6028
364000,8403
364036,0
364041,5936
364056,5824
364060,0
364072,7443
364076,9259
364078,5638
364084,0
364085,3459
364090,0
364104,4030
364108,7107
364128,6983
364135,5385
364136,4843
364139,6091
364144,9361
364146,7827
364172,8206
364177,3815
364179,8314
364180,0
364191,0
364223,0
364228,0
364234,5875
364237,7802
364243,5183
364251,5271
364260,5652
364274,12952
364283,5390
364290,4502
364299,7326
364343,0
364354,6447
364361,6765
364371,7547
364377,11160
364387,9889
364390,3059
364401,0
364408,6716
364411,0
364412,0
364439,20887
364464,3162
364466,0
364472,0
364484,10501
364496,14052
364529,0
364573,5905
364578,5559
364589,5637
364605,0
364608,10889
364610,3579
364619,6766
364635,6721
364636,4997
364643,4704
364644,0
364649,6637
364659,0
364700,9695
364724,6802
364735,5437
364748,5823
364753,8559
364758,7853
364764,4193
364766,15475
364784,6542
364786,6844
364787,5758
364789,10806
364807,7451
364824,0
364827,0
364847,6716
364851,6554
364878,0
364879,5509
364880,8681
364881,6237
364885,0
364889,29752
364903,6376
364910,5329
364911,6521
364915,0
364927,8535
364932,3857
364935,4159
364939,7308
364940,5669
364945,10381
364987,6824
364992,5185
364997,9707
365007,5320
365021,0
365022,0
365027,6929
365034,5323
365036,12662
365037,6495
365046,0
365057,12989
365072,8570
365075,0
365077,5656
365089,7453
365108,8941
365111,10287
365115,8164
365122,3871
365143,7513
365163,4990
365169,3961
365176,4930
365181,7428
365193,4572
365204,8283
365209,3728
365215,6547
365216,0
365218,5018
365219,10034
365220,7709
365222,6719
365244,5063
365251,2394
365256,6982
365260,5176
365262,3643
365263,5444
365267,5917
365270,8979
365272,7715
365278,5374
365296,3830
365308,6109
365313,10086
365324,5153
365337,6499
365352,5442
365374,8563
365393,8603
365417,11585
365422,6633
365433,9254
365438,0
365448,3903
365458,5349
365471,5167
365500,8626
365505,6635
365507,7404
365517,9028
365518,6586
365540,7115
365551,0
365562,14841
365575,0
365577,5297
365587,9120
365603,0
365609,0
365639,4736
365644,4936
365647,10055
365654,7532
365680,0
365684,3892
365711,10100
365714,3982
365723,7971
365729,10482
365751,10342
365753,8198
365755,0
365792,6667
365796,7665
365806,0
365835,3605
365846,6854
365858,0
365864,4415
365867,6611
365895,5114
365896,6222
365898,8220
365900,4846
365944,7039
365946,0
365958,13392
365961,8584
365967,15778
365990,7303
366006,0
366008,6236
366049,0
366092,3158
366099,6303
366107,0
366116,0
366126,5136
366127,3000
366138,8270
366139,4331
366165,0
366172,0
366177,8769
366179,5289
366196,0
366222,8333
366228,5446
366229,5268
366235,13276
366244,7339
366252,4729
366253,8590
366255,0
366256,9407
366265,0
366270,6061
366271,6712
366298,14119
366314,7026
366315,4746
366394,0
366413,4362
366421,7149
366424,11170
366430,0
366433,8486
366438,6163
366449,7438
366466,2608
366467,0
366479,16095
366482,11823
366483,7830
366485,3997
366497,0
366504,0
366511,10880
366512,8245
366524,2721
366539,13395
366541,0
366548,7471
366555,6819
366561,0
366563,5872
366565,3306
366569,8145
366575,6834
366587,6445
366588,6305
366592,0
366606,8127
366607,0
366610,0
366613,8244
366614,6395
366623,8880
366636,8339
366637,5984
366649,0
366662,4299
366685,4863
366692,6620
366700,0
366716,6503
366719,6900
366724,8710
366733,4548
366734,0
366751,2939
366753,5602
366754,7647
366803,6975
366831,5964
366834,9364
366839,3001
366852,0
366857,4223
366880,0
366883,9392
366901,3867
366935,6667
366939,7559
366961,6062
366972,8410
366986,12650
366994,0
367004,6075
367013,6976
367023,4731
367029,7237
367062,5357
367066,0
367073,8123
367103,0
367124,4303
367136,8086
367146,0
367168,18210
367169,4503
367183,13188
367200,2354
367212,0
367213,15400
367216,6367
367217,8177
367226,6771
367228,6735
367238,7163
367254,9054
367259,8218
367265,11006
367288,0
367295,10045
367299,5783
367321,6079
367336,1956
367340,11914
367345,4206
367358,7752
367361,5596
367374,10991
367378,7116
367389,9486
367390,0
367408,11300
367420,7534
367427,8195
367434,10730
367441,5063
367444,5812
367449,4939
367478,5589
367482,6048
367490,0
367505,7124
367535,7750
367542,0
367545,4356
367547,5771
367549,4847
367575,12734
367587,6142
367592,5444
367623,8361
367629,0
367633,6566
367649,4238
367656,7553
367665,7585
367683,7507
367686,0
367701,10072
367705,0
367711,7918
367718,8356
367719,6857
367722,5605
367731,4233
367739,10617
367743,7259
367755,6753
367767,7064
367772,0
367777,0
367785,19695
367825,11844
367827,6610
367832,1901
367833,5598
367845,4664
367848,0
367862,11151
367870,6257
367871,5677
367875,3564
367892,15193
367894,7252
367909,5654
367911,4016
367912,0
367916,6642
367930,13206
367932,4480
367964,6510
367989,5732
368014,7934
368026,0
368039,0
368051,4119
368071,7332
368075,6222
368085,4669
368087,0
368089,11571
368136,3797
368137,5056
368139,8104
368153,0
368154,5024
368156,7784
368158,5161
368162,5860
368164,4594
368167,3118
368177,0
368197,5097
368206,9063
368214,4924
368221,4838
368222,4241
368227,10733
368242,7632
368245,0
368250,0
368258,6024
368260,6370
368283,5979
368289,6825
368294,0
368298,3560
368353,7063
368364,9698
368366,7656
368376,0
368391,0
368398,9195
368403,0
368410,8381
368442,6453
368461,6506
368466,7962
368474,6172
368477,6138
368483,10019
368485,4441
368487,6436
368489,0
368522,0
368523,0
368528,3593
368532,7204
368553,7631
368568,9857
368574,7953
368582,6734
368585,2946
368588,8936
368602,5918
368603,7398
368609,6105
368616,6654
368628,10560
368631,12585
368634,5683
368637,8587
368642,7125
368651,5089
368703,7349
368708,8188
368710,3805
368720,0
368721,0
368739,5507
368747,0
368749,11455
368755,6077
368775,0
368777,1596
368790,6311
368791,9294
368800,5464
368802,5418
368831,7892
368844,0
368848,6337
368858,17634
368874,6501
368887,0
368891,8058
368896,4172
368917,9241
368931,6081
368937,12046
368944,7038
368945,7372
368960,4912
368967,7906
368971,8578
368987,4565
368991,6855
368998,3468
369007,5267
369013,8701
369018,0
369033,4222
369034,4004
369044,4866
369066,6846
369070,5331
369086,9814
369093,5154
369104,4342
369110,4965
369134,8901
369146,15600
369155,7006
369157,5529
369165,5143
369169,7790
369174,4044
369184,4589
369195,5445
369197,5199
369218,5798
369255,0
369260,1451
369284,6022
369286,6643
369290,4494
369292,0
369302,4347
369313,4259
369340,5239
369341,5011
369351,9685
369385,4493
369388,4476
369395,0
369398,5102
369401,8406
369410,15765
369427,8772
369432,4289
369439,4075
369460,9122
369475,6248
369517,7057
369519,8681
369521,0
369556,0
369569,17114
369572,7661
369576,4785
369587,9831
369588,3862
369630,0
369681,0
369691,6931
369707,6237
369709,5541
369711,5433
369717,4762
369719,4463
369733,8204
369739,5696
369754,8819
369757,2575
369759,4459
369771,0
369788,12527
369798,8664
369809,7362
369834,5012
369843,4565
369884,0
369890,6480
369900,4607
369903,0
369912,5065
369929,5318
369934,5826
369947,5759
369951,6109
369953,8348
369963,6027
369987,9031
370004,3543
370005,11352
370006,12148
370013,0
370021,7109
370024,6462
370038,5204
370052,8228
370095,3580
370110,0
370112,3655
370121,14453
370122,5314
370123,0
370135,0
370140,0
370144,8621
370148,9502
370154,3987
370173,0
370184,8027
370193,5499
370194,8591
370203,4229
370209,4147
370216,7613
370247,4979
370251,4797
370257,7174
370262,5438
370271,6811
370277,9396
370284,4077
370296,0
370333,18784
370352,6634
370361,0
370369,4714
370381,0
370395,7385
370414,0
370418,7171
370428,4389
370451,9698
370460,7275
370478,4015
370504,4975
370506,6410
370512,5614
370545,16215
370546,3301
370548,6420
370570,9009
370578,8218
370587,5594
370591,5898
370611,3328
370629,5594
370657,0
370665,11768
370671,7245
370674,7632
370695,0
370696,4708
370698,0
370702,5218
370735,6787
370739,3621
370764,9624
370767,6727
370769,4487
370774,4253
370780,4314
370808,6678
370818,4444
370819,4733
370820,5549
370830,11006
370842,8466
370847,3567
370853,11364
370867,0
370868,13105
370877,4544
370883,7624
370892,9219
370893,0
370894,5926
370895,1685
370902,4833
370903,5615
370905,3327
370923,6621
370943,4792
370950,0
370961,5330
370968,4841
370970,0
370971,0
370989,4802
370990,4702
370991,0
371022,4462
371039,6585
371049,0
371065,7097
371081,3030
371086,14924
371093,8866
371152,4385
371171,4555
371172,6038
371184,3155
371190,6803
371191,9744
371210,4208
371215,0
371217,0
371245,20663
371254,5104
371265,0
371270,3674
371280,8356
371304,7777
371321,6316
371335,0
371336,0
371340,5137
371342,3851
371360,8824
371384,5974
371395,9687
371414,0
371417,5731
371426,4149
371433,6921
371444,6988
371457,6609
371461,7725
371462,4358
371463,3475
371472,5168
371479,3596
371480,4402
371494,8009
371505,0
371515,13468
371523,5717
371535,5851
371542,13785
371546,5324
371555,4277
371562,6741
371574,4872
371581,13688
371607,0
371610,11193
371624,0
371653,7651
371669,4251
371687,0
371715,7729
371717,0
371718,10458
371740,5596
371758,2975
371763,4425
371783,0
371790,0
371791,6569
371804,4679
371807,6926
371809,4908
371820,0
371829,4982
371839,5682
371860,8089
371913,8338
371928,5814
371944,7640
371946,0
371961,0
371962,4743
371967,6991
371970,7861
371992,7707
372002,6168
372011,6492
372015,5696
372017,6095
372043,5920
372051,11590
372056,6885
372057,0
372068,3841
372071,9588
372089,6589
372102,10005
372122,4933
372129,10426
372132,5749
372133,0
372155,4883
372161,6125
372165,7640
372176,11865
372199,9741
372203,8260
372207,10567
372215,4517
372227,9269
372238,3863
372244,0
372256,4233
372276,3363
372277,10885
372278,0
372282,5973
372289,4831
372291,0
372306,11528
372315,0
372317,4518
372326,0
372327,13915
372353,0
372356,7268
372367,0
372379,5240
372397,4578
372401,4767
372404,0
372413,8147
372415,7796
372417,6784
372432,6667
372435,0
372441,7504
372454,7857
372459,10640
372505,6248
372509,8663
372513,18562
372530,3705
372535,12750
372537,5671
372551,7074
372557,7701
372563,9181
372572,5467
372590,5149
372600,8763
372613,3164
372628,0
372673,3409
372712,11662
372719,6051
372720,8296
372723,7099
372729,5555
372730,7251
372750,5803
372754,5081
372756,9198
372768,4736
372772,0
372790,0
372800,0
372801,7364
372844,6630
372877,9684
372887,6159
372918,6887
372922,3085
372926,6589
372929,5048
372941,0
372953,3794
372966,0
372974,16920
372976,8348
372982,4362
372994,6506
373004,5637
373030,5747
373037,0
373039,0
373043,8355
373056,11689
373067,5480
373068,6107
373075,6600
373077,9358
373099,8363
373110,3678
373114,10637
373132,9129
373137,8294
373147,8462
373151,5874
373162,4242
373168,6451
373194,4497
373201,13592
373209,5122
373220,4395
373221,7643
373227,0
373236,6885
373283,6480
373294,16783
373295,0
373297,0
373306,13147
373330,5890
373343,0
373346,5679
373349,6236
373351,4778
373354,5465
373359,0
373360,0
373364,4209
373368,5868
373391,6634
373397,5554
373401,5498
373408,9201
373420,9873
373438,10353
373442,4396
373448,10308
373450,0
373464,6158
373472,0
373483,5457
373487,7235
373489,0
373508,5185
373530,0
373545,4235
373555,0
373562,0
373566,0
373572,7625
373602,6926
373621,10042
373622,0
373626,6515
373629,10385
373631,6918
373651,4744
373668,7137
373676,4193
373692,5872
373700,4023
373701,8466
373710,7159
373714,21121
373720,4636
373732,6846
373753,8384
373757,5070
373762,7900
373773,8397
373789,6968
373792,0
373799,5792
373807,8315
373812,0
373818,0
373820,5785
373821,8378
373835,0
373840,6819
373845,0
373853,4609
373856,10986
373857,9675
373866,0
373872,4994
373887,6506
373909,5621
373918,10175
373919,6049
373927,3955
373928,6196
373929,6038
373950,4499
373952,13399
373958,4793
373960,4877
373961,6452
373969,0
373975,4159
373987,9177
373994,13522
373996,6811
374024,4905
374061,0
374087,0
374116,18335
374117,4923
374119,0
374133,7681
374138,7557
374146,0
374163,2615
374164,0
374168,0
374175,0
374176,7356
374179,0
374185,6917
374201,6606
374203,8210
374235,10020
374237,4998
374248,4485
374249,5831
374277,9109
374283,9312
374290,8930
374293,9573
374300,5546
374302,8676
374308,0
374328,9772
374330,5985
374332,5775
374333,10085
374345,8387
374350,6035
374353,12252
374361,9164
374374,7574
374383,3554
374394,1754
374416,6514
374417,6726
374428,7594
374435,6737
374446,6447
374454,11040
374459,0
374468,5392
374471,2081
374474,5713
374490,6833
374500,9303
374502,11910
374510,6295
374535,5887
374540,8137
374548,5162
374549,13241
374550,6415
374552,4359
374563,3890
374570,4775
374573,0
374580,7653
374584,0
374590,6466
374601,5107
374613,8194
374619,8221
374639,0
374651,4632
374659,10211
374667,0
374674,0
374699,5359
374700,8051
374716,8470
374718,6993
374721,5826
374727,0
374743,15477
374758,9977
374790,6836
374804,6285
374824,8348
374828,6963
374830,6148
374838,5010
374840,7864
374842,7504
374854,7289
374855,0
374856,0
374865,0
374868,5797
374869,6041
374884,4285
374913,4198
374920,0
374926,8012
374939,0
374947,0
374987,6713
374994,6116
374998,5491
375016,9563
375022,13368
375023,7955
375025,8491
375047,0
375053,0
375057,9053
375068,0
375077,6258
375079,8533
375090,7742
375096,6428
375102,4205
375114,4623
375137,0
375140,4163
375168,9816
375173,9266
375180,6433
375198,0
375225,0
375247,7722
375270,8610
375273,7637
375281,9166
375290,9132
375297,6291
375321,0
375323,8262
375343,3313
375353,5712
375354,4277
375378,7327
375380,0
375385,8300
375392,4338
375397,5194
375404,9715
375406,8862
375414,3929
375415,12776
375428,7999
375446,0
375447,4170
375452,7499
375460,7425
375469,7783
375477,0
375506,3233
375513,4959
375531,10036
375534,8175
375554,7135
375561,9064
375562,0
375563,4364
375571,5360
375572,2293
375576,5205
375597,5946
375600,0
375613,7110
375626,0
375628,7489
375638,5399
375639,0
375661,10009
375669,14411
375695,12704
375697,4267
375708,2911
375745,5630
375760,2981
375769,4052
375777,6268
375785,2880
375806,6084
375808,9485
375836,9452
375838,4120
375840,0
375856,7662
375866,12717
375867,14415
375890,7550
375929,6041
375936,5132
375944,10175
375953,6829
375954,0
375962,3695
375971,7502
375980,7846
376001,5501
376006,5067
376007,4124
376010,5886
376018,0
376024,0
376051,7143
376054,0
376055,5407
376072,8232
376080,7515
376108,11633
376117,0
376121,4656
376142,5721
376150,0
376162,23354
376182,8286
376185,16739
376187,5154
376207,6024
376219,4641
376228,7782
376230,0
376237,5594
376248,7765
376257,10049
376271,5594
376282,6185
376288,3701
376317,6937
376328,7200
376337,6147
376344,6473
376352,4861
376376,4116
376387,4414
376401,4567
376414,6931
376447,4489
376498,9255
376502,3496
376503,5600
376504,7030
376514,5320
376541,5973
376550,5099
376572,7446
376580,7218
376582,5062
376585,0
376589,9477
376593,5852
376607,7578
376618,5060
376658,6813
376671,0
376673,4961
376686,0
376687,0
376690,0
376706,6229
376709,4720
376710,5750
376728,7159
376731,0
376734,6058
376755,10621
376759,6486
376771,0
376787,6481
376790,5333
376815,0
376822,7547
376833,0
376834,3778
376843,9330
376845,12699
376855,5011
376873,7068
376898,6370
376926,4894
376934,0
376939,0
376944,0
376945,5205
376956,0
376979,8579
376985,5104
376996,4407
377000,6758
377013,0
377031,10098
377053,11517
377076,4725
377084,7919
377102,1723
377112,5094
377125,11025
377136,4431
377146,5950
377158,5261
377160,8776
377165,5442
377175,7318
377179,4061
377182,0
377193,6893
377214,13885
377217,0
377225,4698
377229,3751
377235,0
377244,9169
377277,7799
377289,5205
377303,7475
377318,13545
377320,1368
377325,8153
377326,3328
377329,5677
377348,3258
377351,9155
377361,0
377375,9382
377389,19424
377411,6209
377413,10610
377420,8562
377449,4087
377456,4479
377457,0
377460,5796
377465,6953
377468,4184
377470,10479
377484,6819
377495,12731
377498,7357
377502,7360
377510,6165
377521,7007
377540,4863
377546,8277
377556,0
377562,9858
377563,5428
377569,5950
377570,4820
377576,4508
377590,3182
377597,5137
377629,5075
377637,7561
377643,7448
377648,4132
377649,3762
377654,7183
377686,4462
377691,6896
377705,5719
377707,8311
377718,8377
377725,4682
377727,6138
377734,3485
377740,5436
377746,0
377750,6278
377753,9540
377767,5934
377769,3226
377774,6112
377792,7064
377806,6014
377807,5701
377838,6274
377848,7374
377886,0
377907,7412
377916,0
377923,9087
377927,10001
377931,6182
377958,3105
377975,6040
377981,7193
377998,4297
378009,4551
378024,7232
378051,4755
378061,10483
378062,4421
378065,4020
378073,0
378088,0
378099,9875
378100,8471
378105,8534
378130,10934
378133,2983
378163,6808
378164,3649
378165,0
378168,4708
378177,5794
378194,2795
378195,0
378196,10798
378220,0
378225,5824
378226,6798
378237,0
378241,0
378247,3857
378271,5952
378281,9402
378283,14598
378285,7612
378286,8019
378299,5130
378304,6305
378309,4926
378320,5581
378326,0
378330,6216
378347,0
378358,5562
378359,5106
378363,0
378365,3122
378371,9078
378373,6644
378385,6867
378395,3892
378396,11914
378398,8046
378401,6900
378402,7008
378410,0
378412,7350
378415,10494
378430,6577
378445,15329
378452,7511
378462,6543
378475,7649
378483,4161
378501,7992
378504,6563
378505,0
378508,7604
378513,5518
378519,6767
378541,4058
378545,4992
378560,5516
378567,5127
378571,5695
378575,3944
378581,0
378582,11793
378583,13779
378596,4343
378598,7248
378600,7980
378612,5040
378613,11205
378618,5128
378619,0
378630,4960
378648,10060
378653,7113
378655,8130
378684,4431
378710,4003
378712,0
378713,6887
378746,5579
378760,23880
378764,3448
378789,7003
378813,0
378819,7028
378825,7451
378845,11089
378848,6726
378854,14058
378864,6688
378869,6417
378870,6555
378895,6999
378912,5318
378916,8296
378942,0
378955,7017
378967,0
378970,4763
378973,0
378974,4688
378976,4085
379000,6978
379004,9126
379009,0
379013,5162
379019,0
379031,0
379043,4780
379056,4277
379069,9869
379073,10162
379074,9549
379080,4135
379097,7839
379102,9098
379107,4569
379113,4898
379117,4633
379128,7902
379133,5950
379147,3356
379160,12878
379181,11744
379186,0
379188,11115
379190,5434
379203,4657
379228,5776
379230,3063
379231,7819
379243,4765
379247,9097
379264,6436
379267,9207
379287,4359
379293,0
379297,4683
379302,4512
379323,5298
379355,7926
379356,6921
379363,5021
379371,7105
379417,12146
379422,5366
379455,7037
379465,0
379471,6224
379475,8333
379476,4183
379489,8561
379491,8277
379532,0
379547,19067
379555,0
379557,4753
379561,0
379568,6227
379572,0
379577,4518
379578,8041
379591,4418
379601,6641
379645,8700
379651,10455
379652,11461
379655,10461
379656,7125
379660,0
379662,6724
379665,0
379677,7579
379678,0
379679,7854
379688,0
379697,7328
379702,11474
379711,6073
379723,4999
379747,7219
379752,3621
379753,14503
379760,5115
379762,4734
379767,7893
379772,5850
379777,0
379778,0
379783,0
379815,6531
379831,7985
379838,6376
379863,4369
379884,7812
379886,5982
379892,5564
379904,0
379907,3715
379914,8748
379920,0
379951,1807
379961,4002
379971,6127
379972,0
379977,0
379985,3071
379992,8331
379997,9387
380004,5841
380016,5832
380027,5912
380030,4438
380039,7052
380044,6981
380051,6010
380058,7892
380059,0
380060,11089
380067,8235
380078,6428
380088,6228
380091,4652
380101,6158
380171,6945
380174,6274
380195,10223
380208,11622
380211,5871
380218,15921
380222,6754
380228,7459
380238,5898
380244,1906
380256,0
380268,12541
380274,9317
380294,0
380296,4405
380299,7097
380314,3428
380320,14447
380321,3853
380326,5151
380333,5796
380334,4274
380344,8925
380347,8496
380355,4199
380356,0
380376,5376
380383,0
380384,9135
380386,5399
380410,6240
380414,0
380424,6629
380427,6531
380432,6614
380441,9453
380450,3260
380452,6832
380460,8345
380470,5098
380480,0
380483,6577
380484,3138
380494,3724
380499,0
380507,8432
380513,13438
380532,5072
380540,5672
380551,0
380574,8719
380599,4805
380612,0
380614,6526
380648,4362
380653,0
380663,9716
380665,5120
380688,7042
380703,4004
380708,6410
380709,6007
380713,5391
380730,7048
380733,3766
380736,7275
380741,3408
380763,6442
380775,4923
380776,8246
380777,11299
380786,7171
380808,0
380813,10993
380817,6438
380830,0
380846,5595
380852,10719
380856,5091
380861,6802
380863,10637
380873,8225
380884,6596
380925,13746
380926,7502
380938,8942
380943,4510
380960,7797
380962,8304
380963,11237
380973,4845
380976,9795
380987,5718
380990,6853
380998,4788
381018,0
381027,4539
381072,4450
381076,6682
381083,5183
381087,4839
381098,0
381104,10289
381107,12882
381113,0
381115,5179
381125,5492
381138,0
381140,8565
381145,2535
381161,3609
381163,5952
381194,7997
381198,0
381203,8543
381209,4540
381223,6691
381227,4910
381232,0
381240,13803
381244,5955
381247,5086
381251,11843
381273,4460
381281,6653
381284,4532
381298,0
381304,5761
381317,0
381324,3037
381325,6472
381339,4793
381342,0
381357,0
381364,7585
381367,5422
381375,7726
381377,0
381388,0
381399,0
381424,3728
381427,4636
381450,0
381453,8055
381479,7221
381492,7175
381501,5692
381516,6845
381524,8170
381529,7015
381530,5852
381534,0
381536,6653
381558,3594
381565,7416
381585,3806
381587,8268
381594,8054
381614,9950
381623,9680
381626,8124
381646,4449
381647,5761
381652,2206
381655,6209
381659,6516
381687,4226
381698,6446
381722,4913
381734,8305
381741,0
381763,4585
381773,10691
381774,6735
381792,11091
381809,6926
381819,0
381823,0
381835,13365
381839,4296
381842,4837
381844,3843
381857,6701
381862,0
381864,0
381877,0
381878,10224
381903,4845
381909,6268
381918,5071
381939,6446
381942,4940
381963,4250
381980,4892
381982,3807
381992,7186
382005,6186
382014,14500
382032,8299
382044,9774
382064,3914
382069,5571
382078,8447
382097,5585
382099,0
382102,8288
382129,0
382135,0
382147,3506
382155,7087
382158,4142
382167,8726
382174,5045
382177,0
382186,7256
382191,4473
382199,5029
382202,10088
382213,4750
382218,5711
382225,5757
382235,5640
382263,6109
382266,0
382278,4697
382292,2921
382324,11719
382329,5703
382345,9521
382351,7876
382361,10245
382371,11787
382372,0
382399,6552
382403,6582
382406,0
382426,8151
382432,4319
382439,4025
382457,6011
382458,6798
382472,4888
382482,3795
382493,9925
382503,5879
382510,11811
382524,0
382537,7874
382555,5580
382572,4328
382575,4035
382580,14441
382592,5233
382630,10040
382635,5884
382636,4935
382639,0
382668,2769
382688,9398
382693,10702
382704,7216
382721,8256
382756,4272
382760,0
382764,6361
382773,0
382775,4299
382776,4346
382777,5560
382784,7711
382793,0
382803,9944
382804,9006
382806,5275
382814,7258
382822,6368
382823,0
382843,17373
382851,8544
382861,8401
382868,7559
382883,0
382906,9239
382909,7824
382912,6227
382914,5109
382930,7524
382935,6201
382939,8466
382942,3535
382959,0
382965,4092
382968,5532
382972,5216
382976,8375
382993,7161
383024,2402
383038,4811
383039,4835
383052,3512
383071,5535
383075,5060
383088,10547
383092,8154
383099,10083
383111,5620
383116,11328
383121,0
383139,11158
383153,4092
383155,10556
383161,4062
383168,7744
383172,7238
383195,5349
383225,6501
383230,5996
383231,9299
383247,5667
383257,8529
383268,11328
383271,6144
383281,6069
383311,0
383327,0
383336,10875
383361,1629
383397,9527
383422,4229
383424,4546
383429,7872
383432,3788
383440,0
383452,7162
383459,4249
383476,4877
383491,9225
383507,0
383509,5451
383513,0
383526,8046
383527,7758
383535,8455
383545,0
383558,23616
383562,5714
383597,5577
383602,3753
383603,7490
383616,5900
383626,17712
383635,6342
383642,3796
383643,6586
383651,4065
383662,5452
383665,0
383667,3667
383670,4530
383681,5133
383686,5256
383688,8349
383691,5837
383714,5051
383716,5186
383717,4703
383731,5237
383733,6999
383736,4549
383738,6510
383747,7554
383769,5081
383772,12644
383788,0
383794,9154
383799,5015
383802,4343
383827,6763
383854,5216
383855,13128
383881,2640
383884,0
383906,6047
383908,7467
383919,0
383920,5691
383928,11394
383930,6496
383935,0
383944,5746
383959,5854
383960,6531
383967,8951
383976,5590
383981,5109
383987,8166
383989,5411
383992,12931
384008,3949
384014,3050
384022,5459
384033,0
384066,5751
384074,10081
384112,9408
384117,6133
384119,5842
384121,5666
384122,10984
384146,5595
384148,6350
384157,5956
384212,3539
384228,4154
384235,8961
384246,6215
384259,4762
384285,6461
384307,6431
384308,0
384315,0
384351,3702
384355,0
384431,4722
384485,7117
384489,5322
384506,7649
384512,4516
384518,5367
384521,6306
384525,17900
384530,10212
384543,0
384550,6889
384566,6663
384582,3564
384592,5138
384608,0
384628,5618
384652,10477
384667,16150
384692,7594
384694,2982
384718,8122
384745,7971
384760,9812
384762,3815
384785,6113
384793,0
384794,0
384809,6562
384815,6617
384836,8157
384842,7972
384847,9106
384848,7277
384854,0
384862,2836
384864,4055
384886,11427
384894,3879
384899,7435
384902,6223
384925,7153
384926,5612
384940,7671
384946,18069
384953,6011
384963,4116
384979,5943
384985,0
384994,0
384995,5221
385019,7390
385025,11194
385034,3443
385044,5235
385061,8299
385064,4178
385075,10491
385076,8978
385078,0
385094,5779
385101,8375
385106,4671
385117,6119
385119,0
385122,4305
385132,4346
385143,0
385151,11051
385163,5523
385167,9329
385171,5756
385186,6302
385190,4113
385192,0
385195,4245
385197,4866
385205,0
385216,0
385236,6997
385260,8541
385274,10115
385276,8183
385298,4040
385299,0
385316,5336
385320,4667
385340,3710
385348,0
385363,5461
385391,7621
385403,8122
385416,6645
385429,7568
385433,0
385446,8325
385463,8096
385469,0
385475,5501
385482,0
385491,10767
385510,0
385513,4171
385514,6321
385517,5418
385518,0
385535,0
385536,0
385544,8159
385555,12517
385557,5592
385560,11542
385574,5155
385603,0
385612,2959
385616,0
385627,7920
385642,7622
385664,7147
385688,2359
385707,5982
385708,5201
385710,9534
385737,5811
385742,6793
385764,6062
385784,8286
385786,2330
385803,5022
385815,2798
385818,6341
385829,16637
385834,3689
385837,5906
385840,5776
385851,10863
385883,6891
385887,4807
385888,6242
385892,4681
385894,5279
385915,2912
385920,10575
385941,0
385943,2137
385947,11973
385949,5172
385954,7767
385968,3368
385969,0
385976,6190
386012,0
386018,6792
386032,10385
386033,0
386050,3620
386056,5446
386058,4342
386080,3758
386081,3206
386082,10127
386084,5940
386086,7640
386104,10281
386106,5876
386116,9375
386129,9959
386136,0
386145,22083
386152,8725
386163,4642
386165,6483
386182,5151
386196,8926
386197,6100
386212,5463
386214,0
386225,4600
386231,5840
386262,10976
386268,0
386270,2869
386271,12965
386275,10281
386277,4256
386280,11051
386302,8229
386312,11522
386314,5978
386318,4244
386321,12175
386331,4320
386353,6655
386357,1972
386374,6415
386379,5817
386388,8993
386393,4512
386405,17918
386422,7225
386432,6799
386440,0
386446,8060
386451,6706
386454,6067
386460,9322
386497,3977
386527,4357
386529,7671
386532,5384
386540,23298
386563,4186
386566,8353
386577,9033
386585,7471
386603,8410
386629,3269
386640,7544
386641,4497
386643,5002
386644,0
386666,2464
386667,7293
386671,6180
386672,7003
386683,11613
386694,0
386699,4251
386702,5251
386703,4588
386727,6548
386739,7076
386745,5371
386763,3743
386764,8768
386782,9351
386793,9379
386805,5799
386817,0
386823,7748
386832,4048
386837,4975
386842,5793
386853,8845
386877,9218
386878,0
386886,0
386910,11194
386914,0
386918,3682
386921,0
386933,6880
386942,10577
386971,7859
387021,8512
387026,6945
387038,8629
387041,8712
387058,9938
387089,6992
387090,0
387093,9711
387100,3173
387101,0
387103,7614
387105,5037
387110,0
387111,6401
387113,8751
387114,6453
387123,0
387133,10235
387146,7351
387147,9220
387148,2995
387150,0
387154,0
387162,6001
387177,0
387184,6084
387214,10767
387221,7870
387231,0
387234,6474
387241,4451
387247,3168
387249,8701
387267,3945
387287,5632
387293,4681
387313,5182
387314,7322
387322,3217
387331,3418
387336,6355
387340,7097
387352,5827
387354,0
387355,0
387364,0
387370,8920
387376,7434
387381,6405
387385,6353
387386,5325
387388,11195
387393,6441
387395,4160
387412,9126
387428,0
387438,5498
387439,7601
387458,9647
387464,2723
387467,7410
387487,0
387496,0
387498,5061
387502,8854
387506,10320
387515,0
387519,6233
387529,6088
387530,7175
387533,4032
387542,5267
387551,4008
387558,5483
387565,9525
387592,8213
387594,6722
387656,0
387674,9083
387681,5126
387703,5448
387710,7880
387712,0
387715,6423
387723,4099
387741,0
387750,7767
387754,0
387757,0
387760,6850
387766,7026
387778,4874
387785,6175
387787,0
387800,0
387802,0
387805,6183
387808,8107
387819,7958
387825,8782
387827,6799
387836,4395
387856,4104
387867,0
387878,9899
387896,9135
387897,4527
387899,4243
387914,11582
387927,10235
387929,6628
387932,7118
387969,6129
387986,5080
388007,5854
388010,6012
388016,0
388017,5459
388031,14293
388036,2817
388041,12793
388042,8281
388049,7485
388070,11233
388079,4713
388082,8628
388083,4824
388091,7267
388102,9471
388105,9824
388112,0
388135,9500
388139,8871
388157,11098
388160,6089
388163,5124
388169,8117
388170,5945
388185,6658
388188,5396
388191,5874
388192,8576
388210,10950
388223,4595
388229,4920
388274,6579
388276,6166
388280,14031
388286,4879
388300,16682
388319,6322
388331,2540
388338,5982
388362,5845
388368,3841
388375,5694
388376,13333
388405,7166
388413,5991
388416,5312
388443,4892
388445,4613
388448,10170
388466,4860
388476,6985
388495,5932
388508,7574
388525,0
388533,6422
388543,4026
388547,6979
388550,3644
388578,9623
388583,8525
388613,0
388641,7164
388650,0
388659,3898
388678,12497
388684,0
388698,4966
388715,4233
388718,6874
388723,6691
388730,0
388741,7739
388743,7779
388756,15389
388762,5480
388773,5444
388786,8242
388799,8630
388807,3747
388808,10409
388813,5366
388817,2692
388830,4934
388834,4933
388851,4365
388855,6394
388869,5526
388899,6982
388908,9014
388919,3947
388921,4784
388935,6375
388936,0
388943,9081
388946,4033
388948,6554
388969,6865
388970,7603
388975,5778
388986,6214
389000,18270
389003,4019
389022,6641
389025,7636
389030,5415
389043,4000
389044,6106
389045,0
389051,8447
389057,17816
389061,6550
389079,4715
389087,5530
389097,7204
389121,5871
389131,8837
389134,8414
389139,5311
389146,4534
389151,0
389159,6381
389172,5250
389193,4672
389194,4687
389197,0
389206,0
389213,10039
389214,4640
389225,2333
389241,0
389248,10720
389251,4921
389252,4378
389269,7499
389270,4407
389279,3851
389288,0
389304,0
389311,12973
389322,15510
389341,0
389350,2582
389364,15578
389367,0
389398,0
389413,0
389430,7152
389467,7017
389474,8328
389475,15824
389476,4985
389493,0
389511,4168
389536,3498
389542,0
389559,0
389560,3595
389566,4588
389569,6055
389573,4823
389575,0
389579,0
389590,7771
389602,0
389606,4373
389608,3069
389609,10391
389623,3750
389631,4171
389636,0
389638,4625
389672,6101
389675,5716
389682,6607
389685,6422
389695,0
389706,8772
389726,4027
389736,0
389739,0
389742,1800
389749,6967
389768,0
389772,0
389775,9608
389795,4270
389809,7372
389815,4057
389818,3039
389819,1741
389820,13092
389821,5979
389847,0
389858,8330
389865,6102
389878,7956
389881,9593
389892,2927
389901,0
389919,7461
389930,5997
389940,4862
389945,4920
389970,4993
389982,6894
389995,0
390021,8391
390028,6492
390067,0
390071,0
390107,10153
390111,5961
390127,5684
390132,6548
390133,2348
390152,19887
390153,11218
390166,9652
390176,0
390187,7052
390198,10106
390209,6227
390210,7071
390225,8543
390256,6415
390271,4764
390283,7532
390294,3005
390321,5601
390368,0
390369,0
390375,2590
390376,7397
390377,6229
390380,0
390391,10095
390407,12534
390426,13243
390431,5297
390444,3943
390453,0
390473,5749
390477,8809
390493,9046
390513,5974
390520,5936
390533,5751
390543,9892
390571,4247
390596,4032
390597,8220
390599,8173
390603,6887
390607,0
390613,0
390631,0
390640,3922
390655,0
390686,4473
390693,0
390699,0
390715,2939
390762,6854
390763,3795
390767,2459
390770,8465
390799,16321
390805,7426
390807,10398
390814,10466
390816,8706
390830,4894
390833,0
390844,8541
390849,6499
390853,6835
390855,4863
390896,4388
390906,0
390929,4364
390932,4683
390947,6993
390956,7591
390968,5648
390972,0
390978,4433
390984,4258
390997,0
391007,5565
391010,4236
391016,11714
391022,8615
391024,7445
391040,5137
391061,6490
391072,6192
391081,20857
391098,6712
391128,7546
391130,10936
391132,11284
391148,4712
391150,6422
391161,4599
391173,11534
391185,10889
391199,3661
391200,21789
391214,4882
391218,7956
391219,0
391243,6580
391250,5431
391254,6228
391258,5553
391260,6064
391274,4200
391275,9399
391296,0
391315,5731
391317,15728
391323,6195
391330,7846
391335,6648
391366,6917
391369,4515
391394,3490
391397,6655
391402,8560
391411,6073
391423,0
391427,9774
391441,10308
391448,5531
391461,0
391470,10900
391488,12341
391522,0
391534,5510
391535,4777
391553,6958
391560,0
391577,0
391584,3108
391591,9905
391610,5337
391620,4904
391633,6008
391635,8242
391643,5384
391655,2258
391674,8966
391682,0
391685,7364
391689,0
391697,5931
391699,4717
391701,4843
391710,11227
391725,6499
391746,10421
391755,7550
391756,7832
391765,3952
391766,6067
391778,0
391807,6457
391825,0
391861,19741
391862,7938
391908,7439
391910,9334
391950,7428
391956,4638
391980,9515
391989,7959
391992,11481
392001,0
392010,5136
392011,6615
392012,7532
392014,6797
392029,5760
392058,0
392071,7135
392077,0
392079,9477
392121,0
392132,4960
392141,0
392180,8517
392188,4100
392198,7009
392207,3684
392227,7293
392231,6504
392243,5383
392245,4527
392247,6274
392256,6921
392258,7258
392265,0
392282,4676
392283,5928
392287,3794
392299,5396
392326,6195
392333,4942
392335,12653
392353,0
392363,0
392368,6016
392399,4694
392405,5018
392406,0
392437,4094
392457,4774
392477,6649
392482,5601
392483,5780
392486,6980
392502,15223
392510,8674
392518,7365
392523,5421
392541,0
392545,3976
392566,9640
392575,4625
392585,0
392592,0
392604,9641
392611,0
392612,4923
392613,5129
392631,5332
392641,0
392643,3766
392653,6117
392671,0
392687,5320
392689,5706
392694,0
392699,0
392701,12026
392706,4861
392724,4813
392727,2378
392733,5917
392750,5961
392759,4759
392763,2773
392766,8321
392774,0
392777,6792
392807,6266
392818,5425
392822,12826
392829,5796
392862,6420
392877,5390
392892,16299
392893,4263
392900,5586
392907,4604
392918,10195
392923,6682
392930,0
392946,5241
392951,0
392962,7107
392974,5543
392975,6368
392977,0
392979,6776
392982,3791
392983,7224
392994,0
392998,5570
393000,5050
393011,7662
393029,0
393040,7519
393043,0
393052,12511
393053,0
393073,0
393076,0
393089,4521
393100,10113
393102,0
393103,6445
393111,4079
393117,8644
393139,0
393143,9669
393153,6461
393154,6025
393157,5340
393159,7314
393181,0
393196,10630
393204,6865
393209,6358
393242,9620
393245,0
393263,7555
393272,0
393276,7856
393281,0
393289,7057
393300,6383
393305,7034
393311,0
393324,5867
393331,5733
393341,6865
393347,0
393350,21681
393364,12222
393366,6292
393373,0
393375,4795
393391,5899
393392,8707
393401,6151
393427,5900
393428,6929
393454,5647
393482,9606
393495,5428
393516,6211
393530,8724
393533,3333
393538,7004
393548,11714
393550,9109
393583,9755
393594,0
393621,4249
393629,5611
393634,6486
393641,5012
393659,6026
393661,3100
393677,0
393685,8712
393691,4823
393719,5509
393721,4971
393737,3976
393740,4013
393746,2097
393750,5875
393758,5005
393794,5140
393812,6319
393827,3973
393836,0
393846,5448
393857,6265
393858,5297
393883,4627
393889,9479
393924,4855
393944,8226
393955,6184
393963,5616
393964,5841
393977,4258
393978,9333
393990,0
393993,8093
394001,5970
394019,12049
394059,7469
394073,5413
394075,6094
394079,9184
394085,6837
394095,2747
394096,0
394100,4541
394103,6161
394116,0
394138,4442
394146,4488
394154,10315
394163,10736
394168,5294
394171,7418
394173,9941
394190,5159
394197,9110
394206,4359
394217,0
394229,0
394237,2581
394245,0
394254,6420
394255,6048
394261,8423
394283,5123
394285,2760
394297,6184
394307,7023
394310,0
394317,8341
394319,9894
394322,10150
394331,0
394332,2738
394346,5600
394362,6476
394368,4538
394390,11246
394395,6338
394397,8684
394404,0
394420,8195
394431,7219
394439,11922
394444,5450
394448,7167
394477,7209
394500,8088
394519,0
394528,0
394538,3214
394541,4997
394548,4669
394560,11155
394580,0
394589,5347
394597,6581
394606,6466
394607,0
394612,5298
394617,0
394623,0
394635,6638
394643,0
394644,0
394655,4863
394660,4591
394666,2634
394679,6351
394686,7305
394697,8747
394704,10593
394715,5541
394718,6670
394740,9826
394741,14376
394746,8225
394748,4074
394767,8097
394793,7512
394795,0
394814,6816
394815,10731
394819,5350
394859,4408
394865,6867
394875,10795
394879,0
394887,9501
394889,7916
394890,0
394896,6066
394897,14326
394898,6710
394899,0
394902,0
394903,10241
394913,7216
394942,10636
394953,6284
394966,14386
394967,16007
394974,12233
394977,13207
394979,0
394984,5238
395006,0
395010,5396
395025,3783
395036,0
395046,5671
395058,11855
395065,6988
395076,4428
395100,0
395101,6345
395124,11051
395130,5617
395133,0
395137,11544
395143,5003
395161,5331
395165,7643
395177,7299
395188,13175
395190,20580
395192,3259
395196,7776
395202,8535
395218,0
395266,3150
395314,5541
395346,0
395347,10915
395370,7340
395379,6664
395382,4450
395388,0
395399,0
395416,0
395437,3275
395456,8728
395460,4334
395466,6005
395492,5626
395496,8463
395501,6144
395509,0
395511,6412
395515,5780
395529,10860
395535,0
395561,6067
395571,3561
395585,0
395588,5358
395601,7191
395609,4370
395616,5933
395647,4184
395655,7944
395664,4397
395675,0
395683,13291
395685,0
395686,5716
395697,5333
395703,7545
395706,2964
395707,11135
395721,4115
395725,3776
395729,10054
395737,5049
395765,6201
395776,6173
395779,5731
395795,4433
395801,3354
395827,5136
395831,8674
395833,8641
395835,9707
395837,0
395848,3991
395852,4397
395853,7417
395855,6565
395856,6388
395858,5285
395864,5797
395892,5435
395893,6589
395909,4187
395911,11491
395962,5255
395975,3747
395984,7547
395993,10248
395998,10850
396003,4785
396004,5186
396018,5582
396021,8382
396029,5825
396035,0
396042,9162
396050,6611
396054,5251
396058,12557
396076,5582
396085,7900
396093,4044
396107,9962
396152,0
396179,8501
396185,6125
396190,3970
396233,6757
396242,5084
396256,0
396265,9639
396292,5336
396321,8830
396327,0
396338,0
396339,0
396340,5099
396360,8988
396366,6854
396403,0
396407,9689
396425,14689
396430,5299
396436,7320
396442,11476
396445,6107
396458,6994
396459,5072
396465,6593
396472,10571
396473,0
396475,4699
396477,0
396489,5199
396492,6355
396494,7548
396508,0
396509,10161
396513,8590
396515,0
396528,4825
396530,4719
396532,8063
396535,9204
396538,3420
396550,6952
396577,9204
396585,12931
396590,11048
396620,0
396622,6398
396643,4710
396654,5690
396677,14900
396681,7317
396683,0
396684,7268
396702,6775
396706,11368
396728,0
396749,0
396752,8335
396763,0
396767,5757
396768,9301
396800,8472
396803,4131
396830,3590
396865,6194
396868,0
396877,4800
396881,10186
396883,4422
396895,5579
396916,14932
396935,8237
396945,0
396960,4110
396976,5500
396983,0
396995,0
397022,4161
397023,4222
397028,7536
397037,7838
397046,8431
397067,5765
397072,4505
397073,6003
397074,7057
397080,3296
397083,0
397090,5545
397091,14048
397092,9548
397093,5781
397108,7438
397111,5055
397114,5036
397122,4858
397123,13198
397128,4519
397155,4468
397157,0
397158,10302
397167,12642
397178,8204
397183,4808
397188,0
397189,0
397202,5864
397226,0
397241,0
397243,5206
397245,6653
397256,4334
397278,0
397281,0
397287,6948
397293,4679
397324,5594
397327,0
397336,11038
397337,5519
397341,8757
397342,0
397345,3274
397357,6358
397364,7086
397393,0
397412,4521
397417,6275
397427,0
397443,7346
397444,8161
397459,0
397465,14085
397480,9865
397488,6632
397490,4010
397491,3720
397499,2366
397507,10493
397508,10466
397511,2378
397515,6062
397521,4662
397525,4762
397534,0
397537,6357
397539,7724
397551,5958
397556,9948
397558,6190
397570,9315
397595,4770
397614,4534
397623,5277
397626,5629
397631,3514
397642,3394
397646,5295
397648,2883
397660,7531
397665,0
397671,7054
397689,6233
397700,6903
397721,5085
397727,6188
397728,4341
397733,6161
397746,6114
397748,4580
397751,11180
397759,7478
397760,5169
397787,3595
397788,6598
397797,3949
397798,5454
397802,6705
397805,8160
397819,4486
397824,10831
397849,10700
397854,4570
397857,7512
397859,7054
397875,12742
397916,6509
397927,8623
397933,4827
397934,11385
397942,3237
397949,10952
397955,5258
397956,5730
397960,5031
397963,5645
397969,5045
397995,4388
398007,2712
398021,8389
398022,11152
398032,2518
398043,5575
398047,8419
398058,16447
398064,0
398095,2957
398102,9600
398112,5965
398116,8639
398135,6353
398138,7794
398144,6179
398147,0
398161,5170
398168,6936
398169,11325
398175,0
398176,0
398198,22551
398207,5949
398215,9829
398229,7376
398230,8709
398232,5955
398242,3397
398254,10494
398274,6332
398297,5868
398351,0
398377,5867
398395,7695
398402,0
398407,4223
398425,5447
398431,0
398440,8011
398446,3756
398447,4727
398451,2414
398455,0
398464,7599
398465,13355
398484,3031
398530,4384
398533,4898
398541,5273
398545,8356
398548,5542
398553,9163
398555,4571
398557,4785
398566,4551
398587,7823
398592,7233
398594,4425
398607,5404
398615,0
398616,0
398617,6812
398620,4760
398629,5245
398634,6070
398646,6331
398650,11594
398665,11695
398666,5820
398678,3726
398680,6357
398684,14156
398689,4183
398705,7192
398719,0
398723,0
398743,9022
398764,0
398784,4048
398785,5218
398798,7577
398828,9535
398849,6804
398854,6804
398858,6280
398860,0
398868,8289
398875,14628
398877,9384
398878,6897
398885,0
398890,14301
398893,4328
398901,5862
398907,7032
398912,11217
398913,4600
398941,7564
398947,10339
398960,5516
398967,4836
398979,6249
399001,4776
399010,0
399022,4880
399031,8356
399036,0
399041,7678
399072,7396
399076,0
399077,7548
399093,6963
399127,7642
399131,5678
399143,4015
399158,6856
399159,5814
399166,2575
399174,4141
399182,5688
399190,9964
399200,10719
399223,10090
399224,8953
399236,7710
399242,4601
399262,7691
399269,5769
399273,10035
399282,10775
399297,5290
399301,5572
399302,0
399309,10309
399311,8841
399335,4055
399339,0
399345,5284
399360,7213
399366,3070
399369,8272
399372,3322
399385,7728
399404,5005
399409,6710
399414,4797
399422,0
399428,3259
399429,6057
399446,0
399464,4801
399465,0
399467,2489
399491,4364
399511,9248
399514,7064
399536,0
399571,3487
399588,10894
399633,5638
399636,9450
399690,8784
399695,14229
399696,11199
399723,9238
399728,3831
399735,0
399736,0
399748,5258
399752,7273
399778,6468
399782,0
399783,7565
399785,8069
399807,0
399813,11921
399816,3558
399820,7432
399834,6214
399853,4588
399855,5841
399878,5618
399917,9921
399933,3887
399968,5284
399969,2298
399997,5743
400001,9458
400013,4721
400017,0
400027,7345
400034,4770
400036,0
400044,0
400071,0
400072,7961
400085,0
400086,4645
400089,5061
400094,0
400104,5813
400106,4345
400119,7625
400132,0
400152,4647
400156,9954
400196,7438
400219,0
400226,0
400229,13566
400230,5289
400239,6707
400277,13013
400283,9753
400286,0
400288,13073
400299,0
400301,8908
400314,7162
400326,5547
400329,4503
400335,6321
400348,5228
400362,8102
400365,0
400378,7099
400384,0
400386,8247
400409,0
400410,4546
400420,5880
400429,12118
400449,8331
400452,5843
400471,4285
400472,0
400476,0
400477,6017
400489,6927
400493,6852
400495,8970
400497,4841
400515,7763
400527,4639
400529,6397
400533,0
400534,5373
400542,0
400547,8141
400551,4060
400552,3202
400555,4673
400565,5677
400574,0
400575,8367
400579,0
400597,0
400608,0
400612,6149
400615,6966
400622,3764
400649,3898
400661,5618
400664,6388
400670,7250
400672,10192
400691,0
400698,5284
400711,5143
400714,12482
400718,5182
400719,0
400750,0
400753,17434
400754,7203
400758,8671
400783,3719
400799,7144
400805,0
400806,7103
400807,4821
400817,4002
400818,4805
400819,4792
400835,6336
400865,7553
400870,0
400882,3091
400888,7940
400901,0
400908,0
400916,17078
400928,6143
400929,0
400933,6246
400939,5051
400956,0
400962,7990
400979,0
400982,0
400986,0
400987,6461
400993,8784
401010,4871
401023,16563
401026,0
401040,5380
401044,4944
401049,5976
401064,11494
401081,5689
401085,9133
401087,8330
401089,7111
401107,4929
401115,5053
401139,11724
401149,2970
401161,5539
401201,7104
401205,6215
401244,2596
401259,8592
401285,17675
401292,0
401297,5289
401299,3028
401317,12167
401340,6119
401354,4784
401360,4865
401369,0
401382,0
401413,4007
401417,6144
401432,7655
401457,7330
401461,0
401468,6321
401478,5262
401488,5151
401508,0
401517,5334
401519,3932
401528,7255
401532,0
401536,5128
401537,0
401560,4863
401561,7052
401567,11312
401571,5822
401590,7246
401614,4893
401632,0
401635,8151
401650,6848
401658,0
401663,4363
401664,7637
401670,9800
401706,7864
401715,8841
401726,6002
401734,7231
401746,0
401773,9089
401783,6892
401809,4795
401834,8981
401837,4916
401856,5498
401892,9217
401894,0
401895,0
401898,0
401906,8034
401911,6535
401916,11373
401919,5916
401927,5212
401934,5319
401946,6482
401958,5522
401969,5715
401973,10783
401976,9194
402008,11157
402023,4130
402028,5893
402033,7161
402035,4571
402056,7116
402061,0
402097,4677
402124,0
402130,4843
402135,0
402149,7238
402150,3446
402172,2233
402180,5573
402185,6258
402197,1909
402209,4633
402220,4739
402223,8662
402224,7576
402233,8208
402237,5828
402267,8038
402304,7242
402315,0
402327,0
402329,3802
402332,5511
402355,2086
402356,0
402360,6937
402392,4470
402399,0
402403,12776
402413,10685
402415,5237
402421,7234
402427,10605
402428,4670
402431,6246
402432,9969
402437,7388
402442,6994
402444,15485
402461,6976
402466,8579
402478,9969
402502,6947
402510,2332
402516,4646
402527,0
402537,6990
402540,7353
402548,6171
402559,0
402562,3487
402567,6040
402573,6866
402575,6359
402580,5766
402604,5184
402619,7708
402630,7891
402657,6085
402666,5082
402667,6490
402669,4873
402675,15538
402682,4502
402707,13756
402714,6819
402726,3125
402728,6167
402745,0
402749,7913
402768,6460
402780,0
402839,8180
402840,4622
402845,4916
402847,10426
402854,14343
402857,0
402861,7936
402866,4223
402870,7015
402874,5233
402877,4394
402907,7185
402914,6915
402923,4480
402930,8556
402933,6562
402957,6424
402974,0
402977,5458
402986,9652
402988,8878
402993,5846
402999,4900
403002,10133
403005,5920
403021,5239
403026,2134
403037,6534
403038,0
403049,0
403073,0
403084,7539
403099,5927
403111,6235
403124,4246
403129,6647
403172,10292
403176,0
403178,7615
403187,3834
403195,8978
403219,19925
403221,6653
403249,5368
403256,7840
403264,5017
403275,6045
403282,0
403293,0
403310,0
403313,3802
403315,6912
403333,4934
403357,6916
403382,4294
403389,4388
403398,6772
403399,5250
403408,5842
403411,7120
403418,5165
403422,9001
403435,6262
403441,5777
403462,4696
403469,5350
403484,11501
403491,12884
403499,7032
403533,4288
403543,8382
403559,2737
403568,6255
403573,3711
403586,4644
403615,3357
403647,6393
403658,9094
403661,5118
403664,5905
403671,9698
403682,10830
403687,5613
403692,0
403695,2623
403703,4856
403716,23432
403719,5597
403726,7750
403729,4571
403731,6228
403735,9038
403779,0
403786,0
403798,7075
403801,2727
403807,3915
403825,4372
403839,4162
403845,4142
403847,5878
403855,7143
403859,3248
403860,9734
403869,3516
403895,4209
403898,0
403911,12912
403919,7547
403927,5320
403936,0
403947,0
403953,6461
403960,0
403970,6612
403985,5097
403993,9309
404005,9677
404007,4640
404010,7307
404012,6489
404017,0
404044,8214
404047,5386
404059,4690
404061,6174
404066,5631
404099,15594
404118,6466
404154,3489
404175,7437
404184,7540
404186,5232
404191,0
404220,6353
404222,12824
404232,20798
404261,5423
404277,3623
404278,3546
404279,6717
404288,4529
404290,9077
404299,7117
404303,5633
404305,7974
404309,7381
404329,8603
404332,5812
404354,7720
404364,5679
404376,9064
404377,9550
404391,5981
404393,4091
404401,0
404412,7831
404435,5485
404442,5788
404486,2967
404491,6667
404498,5830
404502,0
404505,8294
404510,12287
404512,0
404519,0
404525,10210
404526,0
404541,3695
404550,5200
404575,5412
404594,4244
404609,6743
404617,8126
404621,0
404633,8076
404649,0
404655,0
404657,7669
404658,8760
404661,5505
404666,5345
404673,7501
404677,5944
404699,13149
404706,0
404744,9177
404752,5875
404754,1644
404761,8914
404767,7171
404791,0
404802,0
404811,7627
404815,8969
404821,6132
404833,0
404836,5711
404842,3575
404860,0
404863,3342
404864,0
404867,5463
404917,0
404938,8610
404952,6153
405000,9483
405001,4700
405029,4914
405040,12054
405072,4798
405077,8526
405101,14169
405111,4666
405119,3417
405165,8167
405166,8986
405180,0
405196,0
405211,8860
405213,0
405217,4775
405219,7970
405229,6860
405231,4616
405237,0
405253,9565
405257,0
405260,8887
405266,0
405267,9073
405268,7258
405273,0
405289,7259
405293,5763
405297,6668
405306,8943
405307,4244
405329,4515
405345,5483
405353,4191
405427,0
405449,0
405451,7516
405453,0
405479,0
405486,7316
405494,4487
405505,3865
405509,5436
405514,6937
405520,6440
405561,8060
405580,14636
405591,5559
405592,6906
405603,5495
405617,4611
405644,7709
405647,0
405664,0
405674,7298
405689,4889
405693,0
405704,8901
405716,8735
405721,0
405727,4467
405753,4697
405800,0
405815,5147
405820,5452
405828,4222
405844,4515
405862,13084
405868,1979
405871,6118
405880,8199
405903,5060
405935,8903
405943,10873
405952,6670
405961,6912
405977,0
406009,4900
406026,0
406055,7016
406070,7825
406077,0
406081,4892
406087,5300
406106,7750
406109,7703
406118,6623
406136,5991
406145,2594
406148,0
406149,6142
406154,4845
406157,9182
406195,5391
406205,0
406210,7558
406234,6032
406246,4955
406259,5636
406264,7591
406272,8298
406296,4763
406337,7958
406389,0
406428,10074
406431,7069
406432,4753
406438,0
406453,6791
406458,0
406464,3981
406465,8562
406480,8599
406483,7198
406507,5987
406526,3523
406531,0
406532,3983
406536,6273
406551,0
406552,4587
406554,6063
406556,0
406564,9738
406575,3644
406591,7228
406603,0
406613,5493
406633,5514
406635,7257
406639,5664
406643,4304
406647,6419
406650,9404
406671,4548
406707,8588
406711,0
406714,4243
406729,5778
406739,0
406740,12692
406741,5390
406747,9144
406756,4184
406758,5633
406775,0
406778,0
406781,5803
406821,6220
406826,6195
406827,14445
406829,4470
406833,6109
406835,5460
406848,0
406868,1248
406871,0
406883,6797
406884,6577
406887,6463
406894,11311
406916,8758
406917,0
406923,10411
406934,5646
406946,6464
406949,4838
406950,6951
406979,16714
406986,13567
406993,5949
407010,0
407018,4028
407022,0
407025,0
407029,6852
407032,7831
407033,5873
407059,6146
407060,2610
407061,4438
407068,6506
407076,0
407100,0
407108,4084
407131,5653
407151,6466
407152,8613
407178,7267
407185,3858
407200,7683
407208,0
407212,0
407215,4006
407238,10869
407255,9818
407258,0
407265,5287
407267,4963
407271,7096
407274,6249
407308,5131
407319,5382
407324,6420
407341,5390
407347,5063
407350,7734
407355,13093
407363,8650
407379,8917
407385,5840
407389,0
407394,0
407404,8679
407411,4447
407414,0
407416,6275
407421,0
407433,4787
407449,4155
407452,6680
407467,0
407480,8257
407491,7308
407499,0
407507,0
407508,7536
407520,5845
407529,2014
407546,7715
407551,4583
407560,8793
407571,7604
407572,3849
407574,7681
407579,3871
407596,8288
407606,6933
407610,10171
407611,7827
407615,8609
407619,8155
407642,8990
407649,0
407664,5197
407675,0
407679,6905
407687,9476
407691,5138
407720,7541
407741,1753
407751,11988
407752,0
407777,6235
407785,3177
407806,11966
407822,5658
407831,8001
407840,9318
407844,6621
407862,0
407875,5485
407880,0
407881,4577
407891,8090
407909,10357
407915,7192
407919,3877
407927,0
407928,5810
407951,0
407955,5911
407957,5766
407958,4623
407968,8946
407975,6309
407982,11612
407990,13961
407992,13044
407998,1935
408009,7867
408010,9044
408023,5828
408039,0
408047,0
408058,5631
408059,8154
408061,10093
408062,6096
408065,7387
408073,6854
408084,8015
408092,7358
408093,3999
408100,6076
408101,0
408102,7483
408106,5541
408119,3562
408121,8746
408122,7454
408126,0
408148,6252
408155,5854
408165,7322
408178,6399
408180,12595
408182,4536
408191,5408
408193,5272
408224,4288
408225,4589
408232,0
408253,4736
408256,9606
408292,3711
408297,17121
408314,0
408315,5144
408338,7713
408339,7523
408343,7852
408354,6033
408415,7190
408434,9118
408435,14512
408438,0
408468,15192
408494,9593
408500,0
408501,0
408503,9135
408507,0
408522,7808
408528,6389
408533,7341
408535,5257
408541,7591
408543,5167
408544,6756
408549,5108
408566,0
408581,9513
408618,0
408624,4797
408627,5271
408628,6271
408660,0
408662,6937
408687,4411
408714,0
408722,13194
408726,7858
408731,0
408747,6619
408759,3009
408760,4802
408769,5697
408789,6889
408798,6311
408811,0
408817,8843
408838,0
408840,6950
408845,3429
408858,5486
408870,8472
408871,3668
408872,6396
408894,3087
408909,9116
408910,8171
408920,11072
408948,0
408959,4165
408969,0
408979,0
409002,3180
409004,6676
409006,0
409018,5050
409032,4148
409034,7251
409035,7091
409043,4111
409056,3101
409069,9210
409073,0
409080,5868
409101,0
409103,4350
409105,4069
409108,8659
409114,6535
409123,0
409159,5916
409174,4187
409178,5494
409186,6172
409204,4989
409221,3989
409228,7774
409236,11129
409237,10556
409250,0
409260,6449
409268,5315
409269,7699
409280,4519
409284,3599
409309,6980
409317,3595
409322,18394
409326,5515
409327,10828
409346,0
409350,0
409365,4112
409372,0
409378,5666
409383,6558
409393,5685
409403,7958
409409,9675
409428,0
409438,12726
409444,5412
409485,10676
409503,2287
409511,14303
409516,6505
409517,5206
409518,5315
409534,6389
409575,7118
409581,8583
409588,6042
409598,4186
409632,5581
409643,7952
409654,6321
409669,4808
409675,9959
409681,4508
409682,2036
409692,8521
409693,0
409695,5236
409704,4895
409728,9570
409749,9019
409752,3937
409763,0
409767,0
409769,5921
409788,8455
409816,4495
409820,9825
409824,9271
409831,11303
409833,0
409873,0
409875,5288
409885,8665
409928,0
409935,0
409961,10048
409964,0
410010,5913
410035,3797
410036,8046
410041,8413
410056,2017
410068,8191
410070,8785
410075,7018
410086,5350
410088,11503
410091,3471
410107,2276
410114,15551
410117,9396
410140,7010
410141,13112
410146,5633
410153,6504
410159,10508
410166,5858
410169,6500
410177,0
410188,2281
410189,8925
410190,5443
410224,0
410240,4811
410246,7160
410267,3347
410275,6680
410280,12013
410296,0
410297,5360
410301,7534
410316,0
410323,10156
410344,7467
410353,4871
410359,6538
410360,5236
410363,10689
410374,15638
410382,0
410387,5388
410395,0
410398,6396
410413,11411
410448,0
410451,21200
410455,5215
410461,6036
410463,0
410476,8256
410486,6364
410487,3292
410510,5744
410511,0
410520,7109
410522,0
410541,6655
410560,7669
410572,2853
410575,4418
410577,8148
410590,6666
410597,5349
410602,8978
410627,7030
410631,8293
410634,4457
410636,7762
410654,5331
410655,0
410670,0
410678,7638
410679,8097
410681,9683
410687,5182
410689,17451
410691,0
410702,6469
410707,5028
410729,0
410735,0
410738,0
410760,0
410770,4038
410775,5227
410778,4970
410790,6757
410791,4735
410802,5020
410808,0
410829,5649
410846,3644
410867,1955
410871,12791
410879,17078
410880,11320
410885,3774
410887,2578
410917,6950
410919,0
410929,7650
410949,7119
410959,6912
410965,2846
410967,5285
410969,6853
410996,0
411009,4512
411018,7385
411034,11264
411040,15106
411048,18538
411055,4428
411057,5992
411061,6024
411062,0
411063,7638
411064,9476
411072,0
411082,0
411083,4956
411093,7085
411097,7182
411101,12204
411105,16815
411107,0
411110,4484
411111,5083
411117,0
411125,0
411131,5522
411136,5790
411145,4381
411160,5369
411161,10668
411167,6308
411179,4138
411186,15420
411193,4635
411203,10824
411205,8787
411207,5211
411210,2787
411212,5709
411226,0
411227,4916
411230,10077
411242,6739
411243,6807
411261,8842
411263,7316
411265,6951
411279,7320
411283,0
411298,0
411300,7140
411306,3700
411352,5456
411358,5925
411435,6143
411471,10186
411484,6004
411494,8478
411510,4604
411511,7524
411540,3385
411577,0
411585,7318
411603,5687
411678,8584
411681,5595
411708,7463
411713,8223
411731,6736
411735,12516
411740,5956
411742,6174
411757,0
411767,7348
411784,8721
411789,5865
411792,9717
411824,7501
411828,6230
411831,9116
411846,5582
411848,5724
411863,7519
411867,8932
411876,4862
411884,8936
411887,11222
411888,3922
411910,13702
411920,7907
411928,6876
411931,6179
411940,6086
411950,9087
411972,5423
412008,8364
412014,7937
412019,6955
412028,0
412031,0
412033,4360
412036,7387
412054,6296
412059,0
412068,7679
412077,8525
412080,5709
412096,9324
412106,10286
412111,4450
412113,6366
412122,7823
412132,8522
412140,16712
412208,0
412214,4782
412241,5464
412242,2948
412262,10518
412274,4686
412284,16086
412294,5424
412305,7171
412310,5915
412316,6512
412330,6017
412338,3158
412344,5729
412368,9956
412384,8358
412390,0
412397,2249
412400,13279
412424,6447
412429,9488
412436,7720
412438,0
412452,0
412459,7471
412467,13115
412468,4324
412469,0
412471,8555
412507,0
412514,4344
412520,10156
412530,13640
412534,23456
412544,7589
412545,0
412550,7830
412566,0
412569,0
412575,7101
412578,0
412617,8402
412622,8167
412637,4525
412652,0
412653,12955
412662,6981
412678,4440
412707,6637
412721,5438
412725,6383
412727,4381
412741,7039
412757,2279
412774,8336
412790,0
412800,0
412803,6291
412813,8795
412816,3522
412818,7292
412819,0
412822,4838
412823,6328
412835,9123
412841,0
412854,0
412857,0
412867,7552
412878,9434
412881,7138
412890,3055
412891,11314
412910,10940
412926,7659
412929,6992
412943,6685
412964,6774
412979,0
412987,6985
413002,4353
413012,10634
413040,13991
413051,0
413052,13436
413062,7349
413067,4055
413080,4730
413097,4364
413104,0
413116,7242
413117,14927
413122,5242
413128,4247
413147,6146
413156,7829
413157,7741
413167,5079
413170,6050
413186,8070
413210,7682
413241,6551
413256,5675
413257,0
413259,4698
413276,9265
413277,0
413280,12211
413286,4808
413320,8733
413333,0
413345,0
413346,4261
413355,4989
413371,7439
413384,4940
413389,6430
413454,9330
413460,5011
413502,10130
413528,14234
413530,9429
413547,0
413565,0
413570,8312
413576,7162
413581,9743
413588,11748
413597,5548
413599,0
413642,6246
413644,6000
413651,6189
413670,9359
413671,4732
413672,10355
413674,3874
413701,6823
413702,4621
413709,9290
413735,6403
413744,4935
413750,7286
413753,7517
413754,5374
413760,3032
413763,4610
413765,0
413775,0
413803,7848
413805,7777
413811,14179
413817,0
413820,5772
413833,0
413846,7005
413848,5745
413853,7286
413867,0
413893,6018
413897,6503
413899,7554
413908,0
413910,0
413911,0
413927,4193
413932,5468
413936,11415
413939,5678
413962,4271
413968,2879
413992,3891
414018,0
414019,5931
414042,0
414047,3499
414051,0
414054,5654
414089,4925
414092,5802
414103,5896
414107,10856
414113,7919
414116,0
414117,0
414144,8612
414153,14765
414177,4428
414209,2776
414210,0
414231,7741
414235,10501
414242,9705
414243,11807
414273,8106
414274,6281
414279,14911
414307,7030
414316,9791
414318,17907
414331,0
414337,5720
414341,9421
414352,5897
414353,8476
414359,3137
414371,4007
414383,9681
414384,3898
414397,6888
414400,3908
414406,5051
414408,0
414411,4935
414417,0
414451,7206
414455,6262
414464,6628
414469,9134
414476,7995
414480,8211
414513,0
414525,3631
414528,4952
414533,16869
414542,3145
414546,9887
414553,8601
414556,0
414567,4993
414576,7539
414592,7664
414606,8010
414614,6217
414624,6566
414657,5941
414667,4674
414670,4604
414681,0
414684,9908
414690,5576
414693,4976
414694,6690
414701,1965
414708,8489
414712,4527
414760,6101
414774,7536
414790,3320
414796,13891
414798,7705
414801,6080
414815,4331
414827,9641
414860,0
414861,5081
414876,5516
414877,12980
414897,7131
414902,5209
414905,9030
414929,6077
414931,7719
414932,5151
414939,5380
414947,9390
414949,11493
414952,0
414954,0
414979,10755
414981,6682
414985,0
414991,6061
415009,5268
415027,7756
415030,5465
415060,6554
415063,6164
415066,5871
415067,6281
415071,9055
415077,6590
415082,13450
415087,5527
415105,8524
415106,0
415118,10905
415151,9289
415183,9590
415190,6520
415193,3925
415197,4414
415199,4791
415225,7566
415244,4126
415251,14080
415264,4124
415283,5588
415305,8703
415343,11548
415366,0
415376,5886
415379,2785
415389,7176
415392,3389
415394,5050
415396,7485
415397,4873
415399,9059
415400,12676
415402,6447
415407,3864
415408,7969
415412,5325
415419,9781
415430,0
415478,6616
415489,3625
415504,6526
415505,0
415510,11015
415522,10660
415526,6951
415527,3534
415537,0
415548,6140
415561,8373
415568,3134
415579,6404
415599,9341
415600,0
415606,7755
415612,13422
415621,3906
415644,5424
415670,10241
415672,7338
415673,9063
415683,4903
415719,0
415723,0
415729,9490
415737,0
415740,2870
415743,0
415756,4711
415767,9376
415770,0
415789,7088
415800,9381
415805,6134
415815,10784
415827,3603
415829,5336
415833,4486
415835,6498
415848,4273
415853,7079
415859,11314
415869,6574
415871,13411
415874,9728
415878,6825
415891,12508
415938,12302
415947,16667
415960,6342
415961,11417
415967,6531
415986,3220
415987,0
415990,7051
415997,3887
416003,6593
416004,15603
416013,6712
416014,7486
416015,4815
416023,6862
416033,0
416039,3054
416054,0
416055,10638
416056,10685
416058,4775
416059,4720
416063,4454
416065,7408
416071,6482
416092,1765
416094,8557
416098,6447
416105,9121
416115,0
416123,8110
416127,7248
416145,4895
416156,8147
416158,7476
416166,0
416169,14289
416172,0
416175,4566
416190,7280
416202,0
416208,0
416210,10336
416224,3755
416229,4847
416265,4729
416287,5566
416291,8154
416295,5125
416312,7852
416319,5930
416350,9178
416355,10434
416376,8142
416401,2829
416405,6238
416408,6973
416452,6988
416463,8979
416465,3222
416467,9088
416479,10278
416484,8169
416487,14549
416490,2989
416518,6205
416543,8206
416548,0
416550,5106
416556,0
416566,6990
416567,10414
416576,7429
416592,0
416600,0
416604,10901
416605,7459
416624,7238
416658,9898
416663,5310
416674,0
416677,9859
416679,6618
416681,7590
416724,4756
416725,6243
416729,2839
416739,19531
416747,4358
416753,9813
416762,10985
416802,8165
416810,5417
416814,4653
416818,0
416832,6522
416834,7269
416852,8819
416860,5047
416866,8823
416875,5372
416887,9174
416891,6206
416893,7420
416901,4674
416911,6310
416922,0
416938,7940
416945,6161
416957,0
416960,5645
416961,9347
416975,2109
416978,0
417005,6839
417008,11311
417050,7298
417073,9859
417085,15454
417094,7021
417116,5789
417134,0
417150,4383
417155,0
417159,8362
417187,0
417193,7461
417199,9020
417215,7966
417238,6625
417253,4973
417263,15597
417269,7950
417283,8831
417284,0
417289,10778
417309,13203
417327,4921
417339,7320
417346,5620
417351,5075
417357,6273
417359,4339
417361,0
417370,5286
417373,7400
417374,4677
417379,8228
417386,0
417387,0
417389,8080
417393,10593
417400,0
417441,7798
417453,6123
417458,7891
417476,5862
417478,7017
417501,9036
417505,7986
417510,3750
417513,10468
417525,4072
417543,3851
417563,6112
417567,7050
417568,6644
417593,5781
417596,0
417599,5766
417606,9080
417610,12143
417637,8433
417641,6722
417654,10320
417657,16053
417676,8161
417708,4833
417716,9150
417725,6732
417739,5476
417755,3835
417762,5328
417767,7400
417771,5088
417782,4216
417784,4665
417795,0
417799,6100
417813,8468
417839,4022
417840,4808
417862,4979
417880,15009
417895,8591
417913,5042
417922,6092
417933,9053
417971,11328
417972,8588
417978,6850
417987,0
417990,4190
418006,3175
418010,2922
418017,4894
418024,12020
418053,5314
418067,5465
418077,5781
418078,8477
418083,10918
418085,0
418097,7717
418123,6548
418138,5036
418148,5166
418152,5765
418159,7892
418175,10261
418177,5157
418182,6235
418187,0
418191,6756
418195,6888
418205,5904
418227,5250
418245,8000
418250,8293
418279,8830
418322,6699
418344,5353
418348,8009
418355,0
418360,5686
418400,12933
418401,4291
418413,5783
418417,6954
418419,4725
418434,0
418439,0
418456,4344
418461,6647
418464,9303
418474,3517
418488,0
418549,0
418558,9862
418561,6061
418563,12334
418604,8075
418611,4128
418622,11374
418652,0
418654,5877
418657,10985
418666,8626
418692,4543
418693,0
418718,3494
418732,14203
418747,0
418754,4886
418771,6932
418798,4349
418807,0
418808,8121
418809,11697
418814,7994
418823,4067
418824,5168
418830,0
418832,6472
418841,6360
418857,5696
418858,11024
418860,2287
418864,6586
418867,7310
418905,11312
418906,4943
418912,5841
418928,2977
418974,4318
418994,5007
419012,3170
419026,8015
419031,7080
419035,2930
419046,13779
419049,6959
419063,3982
419118,4200
419136,6712
419148,5513
419164,1961
419171,0
419172,6678
419176,7058
419178,0
419223,0
419225,6340
419236,9004
419237,8418
419247,5217
419248,0
419256,9515
419258,0
419265,0
419268,12972
419272,14900
419302,4132
419308,13577
419316,5075
419330,7236
419338,0
419342,4530
419351,5950
419368,6816
419381,2523
419414,8744
419425,4176
419426,3005
419447,6941
419455,0
419460,8638
419469,7999
419476,0
419478,6161
419479,3678
419481,0
419521,0
419535,5439
419572,7103
419574,4418
419577,0
419582,0
419584,4382
419585,4330
419588,6564
419589,3813
419598,6655
419604,5866
419605,7253
419623,10673
419626,6023
419627,7247
419630,5118
419637,0
419638,6075
419651,8281
419654,4844
419657,5336
419664,3363
419665,4587
419666,5141
419668,10663
419672,2555
419677,8677
419688,6735
419689,9401
419697,0
419724,0
419741,15114
419748,7593
419759,6911
419760,5014
419763,4452
419793,4081
419813,5468
419848,1513
419851,4277
419855,3206
419869,2879
419873,8806
419919,5199
419925,0
419929,3971
419931,6666
419941,14493
419944,6294
419945,0
419954,6123
419955,0
419964,5972
419983,6029
419986,5425
420005,10572
420015,4198
420026,9409
420031,10601
420036,7055
420042,0
420044,3155
420045,6267
420054,6589
420083,0
420084,9437
420085,0
420108,7147
420109,4678
420115,6064
420125,2681
420129,7213
420136,0
420153,6237
420171,7323
420175,6023
420181,7792
420207,0
420223,6930
420224,8558
420225,8636
420226,6130
420240,0
420249,9539
420251,0
420257,10895
420262,4190
420265,8645
420287,4477
420289,4753
420301,10122
420307,0
420322,0
420329,0
420333,5757
420372,5460
420385,11184
420386,2914
420407,0
420438,8406
420439,5410
420473,4241
420487,6461
420490,7809
420505,9111
420511,6775
420514,10081
420519,21103
420530,5326
420534,4190
420538,7176
420550,2327
420559,8720
420571,7109
420579,8143
420592,9441
420614,5447
420622,2261
420641,0
420664,2622
420742,2454
420747,6850
420762,6130
420781,7917
420782,6583
420791,7260
420796,4195
420807,9421
420812,0
420826,6864
420845,7442
420850,9518
420903,0
420911,0
420921,7934
420928,10732
420940,10088
420950,5565
420952,7920
420956,3523
420960,3341
420969,12159
420979,5327
420982,6883
420997,0
420999,7172
421016,0
421023,9809
421031,0
421034,5747
421038,6241
421060,7505
421073,7367
421086,3701
421087,9733
421093,8940
421105,7688
421116,0
421118,0
421131,0
421137,0
421138,6119
421193,6351
421197,6540
421216,0
421217,8352
421227,6695
421231,10886
421259,6689
421267,5255
421269,7098
421280,6139
421288,6206
421305,4337
421315,2710
421334,9291
421336,7118
421337,14908
421364,5871
421376,6880
421403,0
421415,7577
421424,0
421430,4699
421436,4232
421444,5551
421455,10506
421462,6325
421496,19051
421498,10547
421512,0
421516,0
421542,7170
421544,6946
421545,5854
421549,5341
421553,0
421564,0
421593,9037
421605,0
421612,6085
421616,0
421618,9075
421629,4695
421636,5890
421639,6569
421647,0
421652,4153
421653,6181
421660,0
421744,12149
421745,6314
421755,9069
421757,7814
421766,8713
421775,6183
421782,0
421791,6204
421796,7921
421821,3884
421837,21247
421841,3284
421843,4549
421844,0
421848,6669
421853,7047
421860,0
421867,7769
421870,0
421880,0
421881,6910
421885,0
421905,4716
421906,0
421920,5536
421923,6864
421924,7092
421946,8872
421947,11246
421961,8007
421967,7591
421973,6768
421980,5866
421986,5973
421989,4063
421996,7908
422004,6670
422007,6756
422037,6687
422044,2974
422063,4279
422071,7024
422079,0
422098,13950
422113,5993
422117,6195
422146,6609
422172,8333
422179,5128
422181,0
422209,0
422214,6385
422215,6237
422224,0
422234,10340
422236,3878
422263,6990
422277,7717
422283,5862
422299,28137
422315,4121
422322,8033
422325,6651
422333,5166
422334,6451
422336,5310
422362,8781
422383,5144
422402,0
422409,0
422419,4433
422427,6272
422432,8750
422434,5910
422440,16192
422443,12082
422444,4566
422459,5891
422461,6608
422467,5381
422472,4352
422493,6408
422498,0
422501,8792
422510,0
422520,6457
422532,4959
422536,6638
422538,3478
422544,8921
422545,0
422546,6956
422551,7798
422553,6193
422559,6441
422562,6719
422569,5862
422576,0
422598,4417
422618,11494
422651,7181
422659,6891
422663,3611
422666,0
422668,6908
422670,0
422679,3734
422682,3772
422714,10596
422741,0
422751,4823
422759,9271
422767,0
422771,0
422772,6767
422774,11238
422799,8308
422804,10406
422821,9496
422853,7198
422858,4531
422862,7331
422866,7044
422870,0
422876,13416
422878,0
422912,9202
422917,5523
422937,7964
422963,8240
422965,5673
422968,0
422995,6632
423009,0
423018,9105
423019,7297
423025,0
423039,5317
423045,9412
423052,0
423056,0
423058,6003
423065,5440
423068,6087
423071,4083
423097,0
423100,6066
423103,6628
423113,6244
423118,5909
423127,4550
423128,3442
423130,3978
423143,5958
423148,1898
423152,0
423157,3015
423165,9949
423190,0
423205,14523
423224,0
423225,7199
423235,0
423236,6752
423249,5233
423253,5836
423254,5492
423266,5756
423283,10977
423286,6736
423299,4922
423305,9208
423320,11117
423330,8465
423337,8576
423363,4627
423365,4983
423373,2906
423376,9104
423388,0
423389,7557
423399,3931
423405,4099
423408,4028
423427,5148
423441,3895
423450,0
423457,7350
423466,6004
423475,6122
423483,5257
423492,0
423499,0
423508,4623
423509,4311
423510,3643
423511,5433
423512,7562
423520,4146
423526,4174
423548,10890
423552,5124
423561,9885
423586,5781
423589,0
423593,3422
423598,7985
423607,12786
423619,4411
423620,5306
423623,4578
423647,6185
423652,10377
423656,14240
423660,5031
423663,8093
423665,4883
423685,4741
423686,8178
423689,9358
423690,6473
423697,8795
423704,9508
423731,0
423744,6143
423761,4593
423762,0
423763,7999
423765,0
423779,3580
423795,4131
423807,4770
423839,4058
423856,5347
423867,13698
423885,6795
423891,0
423896,10420
423909,4850
423911,3403
423919,5475
423922,6323
423928,6790
423938,8087
423956,7172
423972,8175
423995,4712
424027,0
424032,0
424042,12957
424044,0
424048,11402
424054,3985
424062,7092
424063,11816
424073,8460
424074,9186
424098,9589
424105,4456
424106,7236
424110,8412
424121,7228
424184,6424
424231,7393
424238,0
424244,6295
424247,0
424248,16032
424251,0
424257,2863
424262,0
424269,5641
424275,0
424283,3855
424285,3585
424295,0
424304,0
424308,3847
424310,7108
424327,7428
424355,0
424356,4151
424362,8221
424384,4427
424418,7958
424419,0
424431,2995
424432,12238
424436,5780
424444,6171
424447,5713
424450,3331
424453,5659
424460,7375
424481,10594
424497,2821
424517,0
424518,9202
424537,5430
424538,6451
424539,9025
424543,7280
424556,5689
424564,10715
424575,5551
424576,4793
424578,0
424579,6443
424582,6949
424597,7042
424604,13289
424617,0
424618,7706
424641,7012
424644,0
424690,5925
424708,8673
424712,6826
424719,8376
424727,10371
424729,6679
424740,9788
424754,10765
424758,3795
424763,4543
424771,8357
424792,7860
424798,6259
424819,4429
424825,9541
424828,8352
424838,8388
424839,0
424843,6823
424848,8271
424877,15813
424883,11160
424897,0
424933,7758
424934,4924
424972,8294
424979,3825
424984,4701
424994,6677
424998,8282
425011,18130
425013,6061
425021,5486
425038,7374
425042,13520
425045,5050
425055,6762
425060,6134
425072,7180
425086,0
425092,4027
425106,5969
425127,4883
425128,6211
425144,0
425150,0
425152,5546
425155,10838
425160,5596
425166,5199
425183,3879
425188,8220
425190,10230
425226,2440
425237,7175
425253,3485
425257,10733
425298,5303
425314,10834
425320,9767
425324,6041
425374,7720
425376,0
425385,15239
425401,3666
425403,5014
425409,0
425424,0
425429,7315
425441,9342
425445,4414
425467,4270
425468,3743
425478,0
425485,4581
425492,0
425499,5659
425502,11438
425559,4877
425561,4806
425570,3639
425571,7474
425594,4019
425596,5133
425613,6766
425615,4500
425617,5012
425661,4315
425685,13672
425688,6423
425699,4859
425700,10289
425703,4195
425710,7386
425713,7255
425741,7089
425755,4367
425757,9284
425785,4196
425799,3076
425804,7719
425807,5485
425815,4225
425820,5888
425861,4371
425864,7379
425868,3648
425873,7975
425880,6899
425934,5993
425938,7638
425961,10293
425975,6801
425985,7155
425994,6872
426009,8348
426017,6725
426019,7237
426023,14649
426034,0
426035,3777
426036,6274
426065,0
426071,0
426073,10779
426115,8196
426116,11142
426122,3017
426129,10650
426142,6587
426148,4565
426156,4557
426157,9122
426162,5290
426178,5252
426193,0
426199,13490
426201,0
426202,8556
426208,7544
426216,7168
426226,10062
426247,4569
426255,8494
426276,5547
426277,8146
426284,7462
426305,5128
426308,4428
426313,7133
426314,3177
426326,5180
426331,9369
426344,7026
426352,6455
426355,7802
426358,3623
426360,10212
426365,5775
426370,4695
426376,5619
426384,0
426400,0
426403,6825
426409,6383
426414,2378
426415,8099
426421,4916
426435,6202
426439,18614
426454,4132
426457,6097
426462,6679
426472,7981
426480,5094
426502,4690
426508,0
426510,0
426520,6158
426530,0
426533,12463
426540,6628
426549,3749
426553,5141
426554,4510
426560,2124
426562,4701
426571,0
426599,0
426604,8084
426614,12727
426625,4195
426626,10449
426643,0
426651,6547
426657,6677
426660,6918
426670,0
426684,0
426690,4937
426694,3261
426719,0
426728,5431
426736,7443
426756,5019
426758,7743
426762,0
426763,5286
426764,6063
426811,3968
426836,8276
426848,8089
426857,6896
426858,7506
426865,6649
426874,5302
426884,3911
426893,6477
426914,3917
426924,5390
426937,10014
426939,12555
426945,10653
426957,5414
426961,7726
427012,5446
427044,10852
427048,0
427060,3783
427068,4451
427069,9967
427073,7155
427078,0
427083,0
427093,7770
427096,5650
427101,9647
427102,8823
427107,8089
427108,6444
427113,6680
427119,3877
427121,0
427122,0
427124,3922
427125,7744
427126,14822
427138,0
427152,11808
427158,0
427160,7711
427161,0
427169,4925
427173,8319
427190,14314
427223,10954
427230,0
427244,0
427273,0
427276,7280
427281,6933
427301,0
427328,7851
427338,8828
427339,8938
427349,5498
427353,0
427367,5765
427381,8003
427388,3257
427391,0
427397,0
427404,9283
427413,14845
427438,4057
427439,8205
427445,4810
427461,0
427465,4805
427476,8716
427484,4030
427495,5238
427504,3518
427528,6749
427531,3633
427554,4950
427556,8298
427575,8021
427584,4435
427616,4414
427628,9001
427647,6039
427649,5121
427678,0
427682,8144
427688,4589
427689,8169
427693,4560
427704,0
427720,16150
427740,0
427741,0
427745,4193
427746,0
427752,6690
427774,7653
427776,0
427786,7563
427790,0
427800,0
427805,6504
427809,6973
427817,5321
427822,4330
427826,0
427836,0
427838,4381
427844,6787
427848,7685
427865,0
427871,4758
427881,8660
427889,0
427890,4161
427894,0
427916,5583
427919,5054
427920,4192
427927,4139
427930,5381
427939,10642
427940,0
427949,6685
427952,9748
427967,5446
427986,6999
427988,5141
427990,6036
427997,5670
427999,4974
428027,4277
428031,8728
428035,7395
428036,20340
428040,8242
428050,4904
428063,4629
428065,11326
428083,13518
428087,6942
428091,3283
428096,0
428101,6856
428116,12214
428118,0
428156,5919
428165,0
428172,0
428194,5721
428195,3954
428198,5854
428203,2718
428204,0
428205,9858
428209,0
428214,11802
428222,5960
428227,8205
428230,7344
428241,0
428253,5789
428256,6219
428258,4983
428262,6867
428265,13190
428307,8357
428315,6017
428320,18909
428327,7492
428350,2820
428361,9747
428379,5042
428380,6559
428385,5381
428388,3991
428414,0
428424,4186
428432,6105
428436,4285
428440,10185
428445,3546
428446,9259
428448,5124
428454,5119
428484,7284
428512,0
428515,5294
428519,5602
428554,8223
428558,6172
428563,9007
428579,5314
428585,7164
428596,6742
428604,4083
428619,0
428647,16421
428659,7413
428663,5551
428665,6484
428693,3077
428695,7625
428696,6622
428704,0
428710,3729
428713,13019
428721,7686
428726,6786
428743,4667
428744,0
428745,15590
428748,0
428752,5183
428758,4239
428766,6218
428770,4118
428778,7614
428780,2274
428791,4542
428795,1981
428821,17468
428827,10046
428828,6062
428864,0
428866,7864
428873,6265
428884,7170
428887,0
428901,0
428904,5932
428906,7603
428921,6911
428925,0
428946,11155
428952,3755
428957,7294
428965,5372
428972,16010
428987,7103
428991,12689
428992,4727
429005,7722
429011,7017
429018,0
429037,0
429041,4182
429042,0
429058,0
429060,5722
429079,8888
429082,0
429115,0
429117,6062
429120,2545
429127,8639
429129,5058
429136,8581
429140,11844
429150,4026
429174,0
429197,2602
429200,4110
429206,0
429211,4843
429216,4989
429219,3771
429220,0
429230,0
429231,8547
429245,4388
429249,0
429263,6575
429270,7499
429278,9175
429283,0
429300,8926
429303,6653
429311,0
429316,0
429317,5989
429335,6472
429351,0
429355,7303
429372,8084
429399,5492
429405,14247
429415,0
429481,7679
429521,5042
429539,6769
429572,4588
429585,4217
429600,6058
429615,6733
429616,8003
429618,8567
429633,5088
429640,0
429641,3264
429645,6597
429665,0
429667,9148
429668,4963
429683,10158
429702,8125
429710,5784
429719,9625
429728,10077
429732,3685
429737,1934
429743,3572
429757,0
429768,5550
429776,6396
429803,3134
429808,6143
429812,6177
429839,0
429841,0
429844,4281
429869,0
429877,0
429881,3248
429882,4094
429886,1811
429906,3448
429936,7203
429948,4955
429954,9624
429969,5143
429976,0
429982,4541
429988,0
430000,8262
430007,3197
430067,7603
430070,0
430083,4856
430085,0
430089,6094
430092,3234
430093,5450
430104,10804
430107,1420
430126,6111
430143,0
430173,6271
430183,7621
430198,8690
430200,7362
430202,4773
430213,6802
430219,3243
430229,6284
430241,10281
430242,5930
430243,8885
430263,0
430266,0
430287,6255
430290,6862
430292,14962
430312,3698
430313,9681
430330,6515
430347,3843
430349,4981
430357,0
430379,8070
430382,0
430388,7139
430401,5620
430404,2729
430420,9295
430425,10310
430431,0
430438,7225
430442,4052
430448,7121
430457,9031
430458,4461
430477,7836
430479,5381
430480,2885
430486,2379
430497,6933
430506,4601
430534,5612
430536,10334
430540,4883
430542,0
430558,5011
430569,0
430577,4878
430578,4187
430586,0
430589,0
430609,6403
430616,5208
430620,6068
430632,4088
430633,5493
430637,4622
430639,0
430642,3276
430645,3954
430648,8506
430655,3270
430700,4703
430717,8101
430721,7589
430722,7771
430731,5441
430735,0
430737,6537
430770,9356
430796,4696
430798,3741
430802,10751
430826,6001
430833,0
430836,5452
430841,0
430843,0
430849,6163
430851,0
430852,7761
430857,7044
430864,0
430869,0
430879,8266
430882,0
430893,0
430901,8818
430906,0
430912,5956
430941,9211
430953,7198
430967,4391
430975,8208
430980,6367
430986,8134
431010,6710
431039,5566
431041,0
431047,1923
431053,7646
431063,5524
431091,0
431093,10494
431096,8974
431106,10452
431113,4479
431121,8051
431131,0
431156,11281
431158,7357
431161,6433
431165,4870
431168,6563
431173,9271
431194,8604
431209,7273
431211,4684
431214,9212
431220,4267
431224,9021
431236,3151
431240,4519
431241,9203
431254,5247
431255,5369
431256,11168
431260,6046
431262,12485
431267,6800
431268,6418
431282,5410
431288,5755
431316,4263
431324,0
431343,0
431362,10733
431371,9062
431394,4903
431395,0
431397,6036
431409,6626
431418,6085
431424,0
431426,9095
431434,15164
431458,0
431462,4191
431487,0
431511,5175
431521,8045
431530,14076
431538,8564
431544,10394
431545,11537
431551,7456
431555,6023
431569,7668
431577,8465
431579,10534
431593,14385
431597,6595
431601,0
431605,9214
431618,0
431632,4524
431639,4283
431671,7261
431680,8320
431721,10879
431727,4613
431740,7174
431741,4956
431761,4167
431762,0
431791,2873
431793,4208
431794,0
431829,3459
431839,0
431854,6261
431855,10238
431856,10389
431873,6325
431877,0
431890,9309
431901,7968
431912,7448
431916,5513
431919,0
431982,0
431985,9530
432007,12631
432008,8524
432009,9394
432016,3165
432023,8249
432029,6113
432048,5721
432053,12000
432061,11925
432063,7197
432064,15710
432085,13741
432090,5096
432099,14537
432103,8055
432105,8423
432111,6979
432120,5255
432147,8841
432170,7234
432173,4448
432231,3295
432233,7763
432237,3951
432243,5746
432245,11208
432250,8835
432255,5143
432265,0
432274,8454
432280,5473
432288,9690
432296,9837
432298,5537
432332,3581
432333,0
432341,0
432369,0
432374,6768
432377,6979
432388,4489
432389,5041
432395,6267
432401,7688
432421,7633
432423,5609
432451,8450
432453,6074
432460,7349
432474,5386
432477,0
432478,6639
432480,4509
432508,15737
432521,6534
432522,9542
432526,0
432531,7315
432558,5030
432562,7391
432567,4339
432568,7256
432596,0
432599,0
432600,5187
432610,13197
432622,9518
432650,5667
432657,5645
432670,0
432678,12158
432704,5309
432715,0
432725,5397
432738,6184
432742,6755
432743,6161
432759,3322
432761,7519
432763,9176
432771,1849
432780,3960
432807,9318
432815,0
432870,7057
432892,6910
432898,10316
432904,8869
432911,0
432919,5935
432926,7502
432927,8031
432931,8497
432937,8384
432941,4908
432963,9372
432965,0
433002,9559
433007,5584
433012,13661
433016,6413
433023,6598
433027,7634
433033,5067
433035,0
433052,5251
433055,5106
433058,7153
433061,4158
433067,6976
433068,0
433070,6191
433087,7204
433093,8440
433118,12265
433124,5812
433136,7236
433144,8077
433150,8182
433153,5500
433160,6714
433167,5507
433211,4557
433228,0
433249,14021
433255,9562
433261,9394
433267,6971
433282,2262
433283,7436
433291,9011
433294,0
433319,0
433328,4689
433330,4424
433331,12190
433337,8092
433349,5809
433350,5567
433357,5941
433362,8331
433373,6794
433382,0
433387,0
433390,0
433395,6767
433398,4756
433406,0
433409,2787
433415,10282
433426,2285
433429,11027
433435,7476
433436,4741
433452,5680
433453,5349
433461,8010
433467,4335
433473,7516
433496,4686
433497,9102
433498,9064
433500,5399
433506,2796
433515,4895
433519,5639
433538,11075
433540,4988
433546,3807
433562,5214
433564,8442
433571,4467
433612,8617
433616,5277
433622,3077
433625,0
433639,6249
433653,7148
433654,5757
433662,5281
433677,7188
433678,9388
433695,7352
433705,5559
433706,0
433710,4949
433719,4507
433741,8555
433768,12029
433782,8322
433804,0
433816,4153
433854,8157
433865,8340
433869,4335
433874,8513
433901,6816
433934,10628
433941,11477
433956,6373
433984,13809
433985,7383
433990,6033
433995,3533
434008,3856
434030,6474
434035,5625
434037,7113
434059,0
434062,0
434064,6414
434071,12479
434075,5870
434107,5158
434125,8013
434139,4488
434140,6650
434141,9436
434144,6331
434148,8376
434161,5638
434166,0
434167,10206
434169,0
434177,6527
434179,7660
434183,0
434206,6296
434214,5529
434216,8851
434219,0
434234,4230
434239,0
434249,7744
434252,3599
434255,19026
434282,7006
434295,6746
434300,0
434308,3666
434317,6255
434322,6581
434339,8331
434355,17868
434369,9882
434372,4577
434375,21151
434391,7529
434399,4512
434413,10482
434428,9462
434431,6459
434434,5582
434439,4419
434440,3674
434444,0
434461,0
434470,10441
434474,3122
434483,5818
434485,6705
434493,6686
434509,0
434514,0
434529,6223
434542,0
434563,4313
434567,8726
434578,8853
434596,4743
434656,3635
434662,3280
434676,7907
434680,15706
434684,0
434690,0
434698,4819
434705,10818
434708,5783
434728,16044
434729,6747
434738,0
434763,5578
434766,0
434775,6895
434791,4212
434801,9080
434805,0
434808,9417
434815,3751
434826,12039
434827,4525
434837,7993
434846,7193
434854,0
434857,9687
434862,6633
434886,9269
434888,10939
434907,7421
434929,6287
434941,7692
434948,0
434956,4002
434960,0
434984,0
434997,8648
435008,7091
435015,8554
435018,0
435019,5472
435053,6785
435062,6914
435066,4776
435073,11983
435085,4941
435088,5956
435089,6680
435140,6574
435154,6144
435166,5421
435170,10068
435184,3536
435190,6286
435198,7024
435216,7016
435217,6382
435227,2935
435228,3091
435236,6891
435237,12339
435252,7296
435273,6896
435287,6521
435296,6788
435312,5439
435322,5687
435352,9108
435374,0
435378,5394
435388,11434
435396,6003
435397,0
435408,0
435410,9748
435411,0
435436,0
435449,4649
435450,0
435452,6977
435453,2020
435460,4725
435462,0
435478,7844
435487,8113
435503,5233
435508,8110
435509,7111
435525,4494
435543,4453
435560,6573
435575,4362
435579,0
435580,5107
435581,7095
435590,4604
435591,6505
435594,0
435608,0
435641,3724
435644,4103
435684,3106
435688,8479
435692,16499
435695,5978
435724,3355
435726,0
435729,4129
435738,8340
435749,0
435760,4544
435761,9852
435780,4973
435790,10622
435791,0
435792,5575
435802,5180
435806,9096
435807,7754
435827,12750
435831,6358
435849,6945
435854,0
435885,4863
435891,2666
435893,0
435913,8624
435921,5857
435926,4591
435930,9175
435935,5817
435946,0
435955,4705
435965,6268
435973,7790
436005,9149
436008,4392
436041,0
436044,0
436048,7870
436052,6910
436083,6866
436085,9235
436086,5645
436096,5471
436108,10674
436112,6014
436128,4072
436134,10914
436135,7579
436141,8799
436168,7088
436189,5623
436197,3178
436199,5656
436208,4943
436209,7766
436214,5576
436236,7682
436250,3964
436253,0
436256,4470
436264,0
436283,6637
436284,5963
436295,0
436310,13576
436312,5602
436320,7637
436330,6805
436333,0
436340,4445
436353,0
436360,8200
436379,2626
436388,0
436410,14131
436417,4582
436419,10516
436423,6828
436438,7138
436450,5140
436454,4339
436456,6831
436459,5853
436464,6061
436465,9916
436466,4962
436476,3296
436490,0
436495,7942
436497,6103
436506,7151
436512,4346
436527,6507
436564,3502
436566,0
436577,7000
436586,4733
436621,7219
436630,16669
436640,0
436646,12666
436652,4329
436678,10522
436682,8243
436683,7299
436684,6007
436698,6710
436726,4899
436737,9166
436738,0
436740,18242
436758,4519
436762,5955
436776,3441
436778,0
436789,0
436793,9998
436796,6344
436799,6562
436810,4429
436819,0
436822,6639
436825,5883
436826,0
436842,7819
436844,0
436845,5078
436862,0
436866,0
436875,8966
436876,7634
436879,5889
436882,8692
436891,0
436892,0
436895,5823
436899,0
436908,0
436914,7122
436919,3705
436921,7136
436924,5295
436944,4677
436952,19770
436955,4104
436957,4755
436958,0
436959,5828
436964,9759
436968,8697
436971,4472
436973,5636
436974,10999
436977,3849
436982,4450
436990,2691
437023,4951
437030,2524
437039,0
437043,6278
437044,4962
437053,6801
437059,6843
437062,0
437065,6334
437080,6923
437114,2996
437118,7263
437147,10366
437156,16939
437167,4043
437174,8787
437181,7199
437185,6265
437188,11434
437202,6166
437208,5066
437209,4600
437210,0
437212,5808
437243,11401
437246,7494
437257,0
437263,8553
437265,4775
437272,15114
437285,8925
437340,0
437352,9935
437359,4763
437367,0
437370,6504
437379,6106
437389,2940
437399,4963
437414,6375
437436,6612
437460,0
437467,6373
437484,0
437488,6320
437509,4173
437521,7876
437524,10710
437534,5335
437537,6245
437538,23409
437550,8419
437563,5210
437569,15276
437589,0
437591,2930
437610,10304
437621,0
437633,3027
437651,5359
437658,4539
437660,4454
437666,0
437685,11423
437689,0
437706,4261
437711,5102
437722,4665
437739,9958
437744,7473
437758,5675
437764,7234
437776,6554
437784,6178
437788,4068
437795,5567
437801,5860
437818,1584
437831,11394
437832,8174
437833,5580
437836,5705
437840,0
437856,0
437862,6583
437871,0
437872,0
437921,6591
437927,0
437931,5728
437962,3790
437969,7532
437974,2738
437979,5220
437983,11328
437997,12150
438015,6471
438064,1970
438079,5892
438080,4233
438091,0
438095,6729
438097,10402
438136,13198
438155,7533
438158,4567
438173,6017
438181,18784
438198,7353
438202,6986
438206,0
438211,0
438218,8923
438236,7578
438242,6753
438255,9828
438265,8139
438277,16718
438281,4996
438286,3032
438287,5969
438293,0
438297,3794
438330,4107
438333,9347
438334,10977
438336,8147
438343,6761
438347,6215
438350,6905
438360,10179
438363,6338
438382,6337
438393,0
438406,8448
438411,0
438422,8147
438452,4459
438458,4417
438459,13010
438479,4482
438491,4980
438507,7075
438531,5864
438536,4298
438538,6787
438544,2905
438545,10282
438553,4235
438571,4665
438573,7141
438575,7410
438578,9871
438597,7404
438606,0
438619,10740
438623,6207
438630,9111
438633,7988
438636,4181
438654,4963
438662,2486
438663,6681
438702,11011
438716,0
438718,9209
438744,4401
438758,6229
438771,4646
438776,4960
438785,9989
438791,8412
438795,6867
438809,6744
438813,8748
438823,0
438832,9245
438841,6197
438858,0
438866,12999
438882,4592
438899,7095
438904,5898
438907,0
438910,8774
438919,4236
438932,0
438937,7349
438938,5510
438942,5896
438943,7810
438952,5160
438970,6703
438980,8695
438996,7926
439005,0
439014,4602
439021,5574
439026,7035
439029,0
439037,5860
439040,7152
439053,6939
439061,4775
439063,5584
439071,9156
439082,5409
439109,7357
439134,8206
439149,5583
439162,4331
439186,0
439190,0
439191,4217
439198,8913
439202,9819
439216,0
439231,5477
439235,5751
439242,3338
439274,4680
439284,9762
439313,0
439318,6403
439329,7106
439338,7001
439370,6360
439375,6413
439398,4457
439402,0
439403,0
439414,4271
439422,5580
439424,0
439478,4755
439488,8120
439489,4243
439490,0
439511,10490
439512,4668
439513,2826
439516,12831
439517,8416
439525,0
439530,7068
439534,12104
439539,12936
439555,6384
439558,6855
439563,4859
439572,6215
439582,6357
439593,5624
439594,6745
439595,0
439602,1624
439606,5951
439623,4845
439644,6544
439651,7164
439658,5238
439672,5014
439682,0
439711,7865
439712,3653
439718,6656
439733,7902
439735,0
439753,6482
439767,5748
439783,6068
439798,0
439839,4898
439844,4426
439846,5354
439850,0
439864,3448
439866,8052
439872,4398
439877,6203
439888,0
439893,3283
439910,11585
439913,0
439929,8137
439936,12010
439937,3385
439948,6973
439953,5623
439954,9307
439976,4975
439982,9581
439987,8314
440006,3354
440029,6815
440033,5177
440052,13564
440054,5214
440110,6358
440113,22466
440117,8113
440118,6131
440126,5289
440136,9798
440139,6072
440148,7935
440149,4171
440150,3545
440156,0
440163,8704
440164,7336
440187,0
440188,4790
440194,4178
440195,0
440200,5287
440211,6469
440216,4661
440244,7552
440245,7532
440258,0
440274,3569
440279,3395
440283,6079
440287,0
440291,4788
440303,6267
440313,5915
440328,9056
440330,8114
440332,0
440337,5839
440348,6094
440350,5133
440351,1304
440365,3828
440380,7074
440382,9043
440383,4096
440391,7456
440395,8615
440398,5442
440422,5098
440431,5093
440457,4015
440471,8266
440474,0
440475,5845
440481,4530
440486,6111
440492,5992
440500,0
440505,8476
440507,0
440515,0
440524,8835
440550,8501
440554,8933
440578,4371
440579,3914
440582,13315
440586,8202
440605,6073
440613,7612
440615,7126
440623,13077
440647,5090
440661,2844
440682,8775
440694,5789
440695,8031
440702,2373
440716,0
440717,3787
440738,6973
440739,5169
440742,0
440759,0
440765,9664
440774,5912
440779,6386
440781,9782
440800,5723
440820,0
440839,5446
440852,5735
440865,9539
440876,5036
440880,6249
440882,0
440883,5825
440888,6695
440893,4116
440894,5806
440895,7815
440896,7200
440900,3626
440903,7111
440926,6953
440927,16153
440935,0
440941,4433
440950,4490
440966,5268
440970,0
440971,3730
440977,6262
440992,7724
440997,9077
440998,0
441001,15954
441002,6138
441003,7202
441018,14506
441025,6542
441028,5148
441032,5294
441055,0
441057,5353
441068,7507
441072,5509
441096,0
441109,4936
441114,3859
441116,6213
441138,0
441146,1721
441147,14287
441155,5367
441159,4407
441161,3989
441168,8215
441191,3679
441202,0
441236,8820
441248,5043
441254,6861
441256,3840
441260,0
441261,11352
441274,8649
441296,1952
441304,7968
441311,10361
441320,9807
441323,3684
441342,1214
441352,5049
441358,5204
441360,4414
441365,4565
441370,4087
441383,0
441387,6434
441393,4725
441413,10198
441478,14077
441480,2286
441499,7069
441502,0
441503,10297
441517,5267
441522,0
441526,7807
441527,4439
441534,7841
441542,8469
441548,6523
441552,8095
441563,3672
441576,10597
441591,6217
441601,4962
441604,0
441620,4628
441634,0
441635,14322
441637,6708
441646,6878
441657,0
441664,8968
441679,7459
441689,4950
441691,12523
441693,7591
441697,6741
441702,9007
441707,15787
441719,4826
441722,4598
441729,4670
441730,6235
441733,6752
441747,5057
441748,9495
441765,0
441789,8151
441796,3551
441807,4237
441819,0
441829,6958
441836,0
441839,7580
441847,7807
441848,6468
441854,5877
441855,7560
441864,6071
441880,2559
441913,16298
441915,5034
441923,4926
441931,8733
441948,4612
441953,6750
441975,0
441980,4465
442002,8955
442011,5513
442021,4150
442037,5798
442039,0
442045,10985
442052,7361
442063,0
442069,6784
442083,5235
442088,4920
442098,7556
442100,1974
442126,5155
442149,5520
442158,2078
442173,6714
442177,6561
442192,7247
442213,6669
442215,4951
442217,8447
442221,0
442252,14854
442261,6062
442268,3633
442269,5806
442279,5923
442288,5837
442334,6696
442335,8371
442339,9537
442341,4430
442346,4322
442354,0
442362,5832
442376,8751
442385,6528
442391,7838
442416,5158
442436,4851
442438,0
442442,0
442479,7917
442490,8232
442505,0
442506,8220
442507,5903
442512,5251
442527,10067
442531,3553
442539,0
442544,7613
442546,0
442559,0
442575,5273
442585,9404
442589,8412
442593,7820
442599,0
442603,2099
442606,0
442611,4850
442615,9207
442618,4414
442619,7740
442623,7412
442642,4016
442644,14676
442657,6495
442680,3058
442708,5897
442711,0
442744,6053
442753,4645
442755,4573
442758,3999
442772,6773
442784,5400
442787,0
442796,5242
442814,4653
442820,7074
442830,4580
442834,12121
442840,12740
442845,8080
442851,0
442857,0
442873,8080
442889,0
442894,3518
442914,5714
442922,11467
442945,4903
442958,8145
442959,7943
442980,8496
443005,4858
443009,6618
443019,4660
443022,7067
443023,6373
443028,5487
443035,0
443055,7067
443056,6430
443065,6514
443066,6769
443075,7651
443089,5395
443107,2879
443114,6380
443145,5647
443155,4369
443172,6434
443174,8206
443189,7524
443202,6447
443232,0
443242,6297
443251,14006
443253,0
443285,5497
443286,4018
443299,5449
443302,3818
443312,5441
443320,0
443330,0
443348,0
443361,4404
443375,5552
443390,12257
443410,11516
443411,4325
443437,6329
443460,4893
443468,6112
443473,5173
443474,8194
443475,7110
443477,6681
443480,5451
443481,3759
443484,5163
443496,5978
443498,7922
443505,0
443520,7836
443524,6974
443565,6900
443588,0
443590,5514
443619,9240
443630,2453
443631,10591
443636,6088
443637,7701
443651,8545
443655,5788
443663,8672
443678,12698
443686,3697
443698,17682
443744,4100
443750,6262
443776,4974
443810,15218
443814,8996
443818,9354
443820,5597
443828,0
443835,5379
443865,5187
443886,9901
443904,6216
443913,7376
443941,6234
443943,9275
443948,7511
443950,10672
443952,7678
443953,7584
443960,0
443986,5913
444003,0
444011,7191
444014,9860
444018,7351
444030,4751
444034,3702
444042,2502
444058,8090
444068,7043
444093,0
444111,14859
444117,7720
444126,8906
444135,0
444136,0
444171,8925
444173,0
444176,4661
444184,0
444194,5783
444212,11213
444214,5384
444225,0
444231,3438
444243,2825
444273,5962
444282,3529
444288,6129
444291,3602
444307,10377
444310,8209
444311,4997
444322,16378
444328,0
444346,5534
444369,6572
444376,0
444380,7062
444389,10090
444405,8765
444419,5797
444422,11375
444443,15020
444449,6359
444461,6538
444469,8560
444473,6341
444474,5005
444479,5100
444482,8739
444487,6234
444492,8824
444495,4711
444498,5667
444505,7793
444511,0
444528,5561
444536,4726
444558,7356
444565,5679
444587,0
444590,5560
444591,6774
444595,7406
444603,3666
444618,11063
444621,0
444628,11913
444637,4393
444641,10076
444649,11265
444652,4428
444659,5733
444667,3604
444677,14496
444680,8953
444717,7116
444721,5191
444723,4838
444729,3482
444733,3243
444742,6046
444746,5338
444748,8390
444757,4812
444772,0
444778,0
444821,6220
444833,3294
444838,4912
444845,4907
444855,6789
444858,11080
444867,2913
444871,3650
444872,0
444880,11684
444883,5266
444906,0
444907,0
444914,6502
444920,10246
444921,8142
444949,9779
444960,5754
444970,6112
444984,0
444990,5866
444999,8200
445000,6178
445019,8044
445024,7490
445034,11390
445043,8479
445066,2500
445101,12037
445109,7058
445111,5557
445139,5738
445141,7897
445154,5168
445159,3450
445163,5265
445164,0
445182,6094
445203,3697
445215,6162
445220,6490
445227,7011
445232,0
445236,5189
445238,5800
445273,5789
445285,6504
445299,5278
445308,11688
445322,5454
445338,9771
445342,0
445346,10943
445361,0
445373,10041
445381,5679
445393,0
445420,5571
445427,5510
445467,5202
445487,4631
445507,6751
445509,6797
445523,0
445529,6762
445561,6936
445596,3987
445599,9389
445608,0
445609,2008
445614,0
445617,7045
445636,5958
445640,7928
445645,4636
445672,4214
445680,7239
445687,9836
445691,4434
445693,5141
445698,8256
445700,15779
445708,0
445725,4710
445729,13916
445731,6619
445739,0
445742,5812
445744,8062
445753,6128
445759,12882
445767,5747
445774,5638
445778,6475
445791,10538
445805,10730
445810,7196
445819,11049
445822,3619
445851,4817
445852,2796
445865,8694
445868,8443
445913,7493
445919,8428
445921,8208
445934,0
445946,0
445948,2569
445953,0
445956,8541
445963,14067
445989,0
445990,2864
446000,0
446002,0
446012,13837
446048,0
446062,7057
446063,6826
446073,3645
446075,14582
446081,4818
446088,4582
446134,6804
446143,9554
446150,9107
446160,5856
446170,0
446172,7718
446175,5850
446181,17407
446182,4452
446185,4486
446201,5035
446228,5144
446243,4282
446245,9199
446257,0
446261,7013
446265,0
446273,7056
446277,7148
446279,19547
446308,7027
446346,6297
446347,6746
446361,4431
446362,4503
446365,0
446372,2886
446390,6063
446392,2818
446404,8654
446407,8752
446412,10436
446417,4803
446425,8340
446428,6212
446456,3478
446457,3884
446463,8607
446465,6450
446476,0
446477,8508
446497,0
446504,0
446524,5411
446525,7605
446529,2454
446539,5674
446542,4356
446547,6215
446548,0
446554,7150
446557,10257
446560,20045
446570,9262
446578,7424
446587,11709
446594,7469
446602,10481
446604,8825
446615,5157
446635,8259
446636,0
446639,8841
446655,6067
446661,5839
446678,8420
446694,8011
446696,6986
446697,4692
446712,0
446718,6739
446727,2874
446728,5762
446735,0
446737,5090
446747,6025
446754,6819
446773,11733
446779,6557
446787,8160
446794,6891
446807,7316
446808,2592
446814,0
446830,3409
446847,3609
446853,4447
446860,0
446863,0
446874,6439
446876,8616
446884,5021
446885,4148
446888,8581
446900,4306
446907,10375
446911,4634
446916,6646
446924,8394
446927,5936
446932,4362
446940,8041
446946,3193
446959,0
446963,7967
446973,13146
446979,3814
446996,19849
446998,6834
447000,5649
447015,7801
447029,6159
447038,5769
447049,3471
447052,9049
447083,7170
447087,0
447089,6311
447100,8179
447109,0
447125,3774
447128,4690
447142,4547
447158,7191
447161,0
447189,9172
447212,0
447215,8785
447223,2464
447238,0
447251,4874
447258,6155
447277,3946
447280,5860
447292,0
447299,7474
447302,7996
447307,9392
447318,10516
447321,6330
447326,0
447328,4291
447335,11907
447347,4989
447362,4497
447370,6353
447383,4587
447389,2846
447392,5215
447430,7459
447433,8253
447444,0
447445,3618
447446,2327
447449,9217
447453,4525
447454,5816
447464,8549
447480,5519
447505,1995
447506,4151
447529,10921
447531,7362
447561,6040
447574,0
447588,8049
447591,0
447597,3797
447600,7033
447610,6225
447613,7801
447615,9550
447619,8684
447627,7496
447633,3790
447646,6462
447651,7296
447653,0
447654,0
447669,12459
447676,8504
447681,3813
447690,0
447693,4422
447700,4664
447713,4157
447716,11426
447720,5874
447721,7346
447778,0
447780,12370
447788,7748
447801,10811
447807,4941
447810,0
447821,4793
447829,8000
447837,8159
447840,0
447846,5763
447854,6874
447863,11026
447866,10062
447869,9567
447875,3785
447878,6373
447888,19272
447896,0
447913,4033
447922,8612
447925,5220
447932,0
447957,5842
447980,8766
447986,2821
447987,8508
447990,10609
447991,5401
448024,0
448035,9392
448041,5434
448051,4750
448057,8361
448066,6767
448068,0
448069,9946
448073,6507
448076,5945
448077,4978
448089,1846
448094,5952
448098,6014
448107,0
448119,8185
448126,9050
448134,5050
448142,3686
448148,9892
448155,8018
448170,7612
448185,5867
448192,6024
448195,6821
448205,5009
448216,8312
448256,4845
448285,9277
448287,0
448292,4267
448293,0
448295,0
448306,8277
448307,7771
448310,4299
448315,7824
448329,0
448331,2214
448334,8032
448344,0
448349,7129
448351,5667
448362,11483
448372,5982
448394,9534
448401,7042
448406,0
448409,4106
448417,0
448423,6779
448432,7475
448446,3564
448451,6002
448467,7026
448470,8460
448472,6488
448473,4532
448478,6912
448504,0
448511,4897
448518,10278
448527,2284
448530,0
448534,6724
448537,12609
448541,0
448554,7955
448555,6121
448567,0
448576,0
448578,6716
448584,5771
448617,11845
448625,0
448633,4287
448635,7799
448636,7485
448642,6496
448665,5689
448672,6188
448693,0
448697,8207
448717,10296
448720,6570
448721,6891
448724,4881
448725,6810
448738,5532
448741,4551
448744,0
448746,10964
448747,3309
448748,0
448759,6839
448761,7319
448768,9225
448775,5399
448784,0
448807,2327
448855,5766
448867,8307
448873,0
448875,0
448877,5975
448879,7772
448881,6634
448893,9041
448900,4528
448930,5475
448935,0
448950,6219
448968,8291
448974,5624
448979,4484
448981,7395
448984,0
448993,0
448997,6708
449010,7533
449033,8396
449041,5657
449046,0
449054,13908
449058,8768
449060,5517
449062,5009
449064,6404
449069,4117
449077,5449
449080,4870
449104,7581
449114,9011
449118,5589
449133,4384
449135,6524
449138,10515
449150,4874
449154,9227
449159,6057
449167,5852
449173,7802
449174,3611
449192,5299
449207,5247
449209,0
449214,9691
449230,5048
449232,6335
449259,6080
449262,3906
449277,5091
449280,8721
449312,6660
449327,5573
449335,6712
449344,5958
449354,4562
449399,0
449413,4321
449421,10057
449425,17816
449438,7445
449442,0
449449,16181
449460,8055
449462,9160
449468,3353
449469,13884
449470,5035
449475,7069
449493,0
449510,6531
449535,5894
449550,0
449559,8717
449567,6317
449570,6275
449582,9066
449622,8409
449629,0
449648,4359
449656,0
449658,7064
449667,3270
449671,9049
449681,4862
449687,9434
449690,0
449696,8296
449698,7881
449699,8314
449708,0
449730,10300
449738,3840
449740,8104
449741,4735
449753,6737
449773,0
449845,4707
449850,7480
449867,0
449870,6204
449877,5597
449879,5940
449882,0
449885,11615
449889,9539
449892,9019
449895,4094
449922,4810
449942,7028
449950,7982
449953,5917
449984,6752
449992,7825
450005,7583
450023,0
450026,6638
450037,7740
450057,9784
450058,5624
450059,5712
450065,0
450067,0
450070,13705
450078,8107
450085,9555
450091,0
450092,6182
450094,0
450101,11337
450117,2673
450153,9561
450189,7146
450191,7953
450201,0
450215,0
450221,6801
450229,0
450236,0
450251,7977
450254,11148
450276,0
450281,4975
450298,5473
450306,5171
450310,3799
450320,5319
450323,4516
450324,6848
450352,3728
450370,5983
450380,3222
450428,13615
450442,7796
450461,6613
450462,4918
450467,0
450475,6622
450487,7388
450501,5859
450509,5508
450511,7798
450520,7805
450536,10050
450547,0
450555,7525
450560,0
450575,5296
450582,3370
450595,0
450601,2662
450602,8706
450605,5949
450622,8369
450634,8611
450652,4782
450677,5804
450679,0
450683,4970
450707,10927
450715,4762
450717,3565
450721,9716
450722,7504
450728,4724
450738,7414
450745,7040
450758,12005
450768,2542
450774,5705
450800,5501
450804,5167
450805,0
450811,0
450812,6473
450825,4736
450829,19779
450830,0
450845,9118
450864,4969
450880,6186
450885,0
450887,0
450922,0
450947,0
450950,5491
450962,0
450972,8301
450978,13442
450989,9083
450990,0
450992,3694
451008,5937
451016,7823
451024,11476
451025,8327
451042,6850
451052,0
451061,5775
451064,9957
451069,6096
451072,8480
451075,6028
451084,6551
451092,8806
451098,6618
451117,2739
451120,8170
451121,0
451122,8204
451126,12239
451135,2770
451147,9611
451152,5289
451192,0
451198,7496
451224,8849
451231,8104
451244,9667
451278,0
451291,12608
451312,6171
451318,6781
451383,7840
451388,3111
451392,0
451395,6157
451396,4749
451418,10221
451432,9217
451439,9526
451469,0
451471,16596
451517,7754
451518,3841
451525,4076
451547,6188
451548,5617
451554,20364
451559,7091
451567,7158
451574,5715
451575,4942
451586,8497
451597,5972
451601,9975
451603,5220
451633,4747
451637,4163
451653,5918
451665,0
451676,6026
451680,6866
451685,7517
451726,6381
451735,8169
451743,11866
451753,8906
451798,4914
451812,3949
451816,4120
451856,3970
451863,4519
451868,5779
451871,0
451877,0
451888,11001
451893,0
451897,15553
451929,7334
451934,3097
451937,6120
451938,0
451940,12464
451945,6867
451956,5639
451963,10359
451988,5603
451997,0
451998,4613
452012,3709
452025,0
452032,0
452049,13232
452061,3570
452069,0
452074,9040
452077,7164
452079,0
452090,10584
452095,6316
452099,4875
452120,6587
452130,17668
452132,0
452143,9613
452182,5659
452185,6161
452191,5160
452195,7594
452206,6910
452210,5255
452221,5899
452228,10154
452246,9513
452290,7779
452294,6097
452297,4616
452302,0
452304,5545
452308,7804
452310,16371
452321,8099
452347,10515
452348,7357
452352,6248
452373,0
452379,0
452396,6857
452412,5647
452437,27983
452439,5000
452442,6112
452444,7610
452451,5355
452454,3528
452463,4943
452471,0
452479,2750
452482,5883
452493,0
452494,5168
452509,5288
452530,4386
452556,0
452567,7308
452568,6496
452588,8046
452637,7946
452662,6522
452672,0
452685,6579
452686,5199
452718,6330
452722,5389
452737,5348
452738,4285
452740,1371
452770,0
452771,11356
452778,7061
452805,5403
452840,6263
452847,7053
452868,5288
452871,7519
452872,2901
452880,3096
452884,5703
452885,0
452892,0
452909,8612
452941,5400
452947,14039
452956,6860
452961,5934
452963,0
452975,0
452990,6401
453005,7521
453006,5309
453009,10381
453035,6821
453069,7638
453071,6226
453098,0
453110,7518
453116,6514
453129,4645
453142,8832
453164,3234
453166,6581
453194,0
453203,3915
453204,5491
453213,7484
453216,5293
453217,5818
453233,4559
453243,5621
453249,7409
453253,9090
453283,9011
453284,5616
453290,5820
453304,4197
453333,8784
453347,5959
453349,7100
453358,10723
453363,8049
453369,5548
453370,9723
453375,5109
453389,0
453393,11098
453397,4276
453416,9886
453422,10379
453428,17897
453430,17393
453439,0
453451,6197
453452,0
453460,6033
453462,4801
453473,7242
453487,5604
453495,0
453509,0
453519,8089
453532,0
453555,3424
453556,8444
453561,7804
453575,6597
453600,8809
453603,8227
453608,10837
453614,6512
453618,8945
453619,6283
453629,9115
453634,7470
453640,6085
453647,6978
453654,4612
453659,7070
453662,7839
453663,5790
453667,6383
453668,10508
453670,5843
453675,7928
453681,15591
453684,4613
453688,0
453704,4456
453710,6392
453718,7733
453726,4652
453734,8285
453740,6862
453744,7724
453748,0
453754,6444
453756,0
453771,4744
453786,0
453791,3530
453800,0
453825,6290
453827,6358
453858,5264
453869,6806
453871,0
453872,4892
453879,4979
453902,11591
453912,6589
453930,4784
453948,8491
453955,0
453977,6599
453986,4202
453992,9320
454007,6563
454014,8874
454015,0
454023,6530
454025,2119
454035,6069
454037,7469
454046,7378
454062,4636
454068,10383
454070,13096
454113,5448
454121,0
454140,10531
454141,5006
454142,7033
454167,9366
454168,0
454204,2816
454207,0
454214,6617
454235,5735
454240,6652
454260,8177
454268,7532
454304,10851
454314,9485
454323,3292
454328,7368
454333,17979
454334,7282
454343,0
454373,5780
454405,14297
454406,9964
454409,0
454454,0
454459,0
454483,13375
454509,5722
454512,2346
454514,8340
454516,7859
454535,8518
454536,4405
454555,5787
454562,7553
454565,4714
454573,3539
454596,4608
454630,8543
454646,8405
454647,3678
454652,8612
454695,7365
454708,0
454709,4625
454710,0
454713,5158
454729,4828
454730,0
454757,8311
454788,0
454796,7569
454797,5051
454813,3751
454835,6277
454844,0
454855,2716
454858,0
454870,6214
454873,5615
454876,4652
454888,6650
454892,5519
454896,8686
454897,6031
454900,0
454910,8023
454950,2989
454951,8742
454980,7163
454996,6672
455003,5822
455006,4808
455033,6718
455053,8840
455060,10828
455076,6801
455083,6341
455092,5547
455097,0
455116,8205
455124,7231
455141,0
455145,13283
455146,6370
455150,7048
455170,0
455174,8348
455181,4948
455205,8672
455208,5766
455227,6765
455255,13625
455257,9684
455278,6550
455281,0
455300,5698
455308,0
455317,0
455318,8234
455331,6722
455332,0
455338,4224
455339,8120
455364,2663
455369,9184
455413,8536
455442,7524
455446,0
455459,5067
455483,4073
455487,4102
455490,0
455491,7394
455494,13228
455518,2277
455525,7903
455539,9404
455555,4721
455559,7939
455570,13711
455576,5405
455577,8738
455603,8217
455606,0
455650,7427
455655,5760
455671,6705
455673,4852
455674,5796
455679,6352
455696,6734
455698,13682
455709,0
455711,7590
455737,6821
455739,8139
455776,4364
455777,5610
455800,0
455807,0
455820,0
455823,3725
455825,5675
455831,6273
455858,6813
455877,0
455886,6894
455897,7200
455898,4742
455907,8646
455913,4160
455919,6990
455931,4360
455958,4435
455962,12990
455964,4054
455969,0
455992,10715
456009,0
456019,6946
456044,3474
456049,4926
456051,4694
456076,6105
456078,0
456079,10551
456090,7255
456113,5249
456121,4816
456131,3239
456141,4166
456144,7088
456150,8939
456189,0
456191,8134
456192,8235
456195,5477
456196,6721
456197,6852
456198,0
456201,4363
456207,0
456213,6040
456220,11294
456221,5353
456231,14886
456232,6401
456251,10844
456255,4360
456261,9910
456281,14141
456284,9626
456288,7953
456306,9187
456307,7258
456312,9367
456319,7562
456320,8027
456327,7068
456330,4513
456343,9292
456344,5811
456348,6349
456354,9546
456359,5406
456362,0
456363,5081
456365,3306
456371,0
456375,5510
456379,7186
456381,5573
456386,6138
456396,3381
456417,7347
456444,9491
456447,2031
456448,0
456450,5571
456461,3642
456463,4802
456467,0
456493,8021
456504,8131
456530,10038
456544,9315
456551,7212
456552,9747
456556,4583
456557,7054
456564,6101
456566,6989
456593,6475
456601,7073
456609,5190
456619,0
456623,8079
456638,5602
456642,5302
456643,8886
456645,6744
456646,0
456655,3482
456657,7644
456671,5434
456672,0
456685,0
456693,4962
456704,5288
456731,8172
456737,6552
456751,5118
456761,10631
456768,8944
456802,5257
456818,9777
456821,11159
456829,11660
456833,2615
456850,9576
456852,4764
456867,7970
456896,2291
456904,8722
456907,6035
456908,14062
456931,8144
456939,5312
457001,9115
457025,11188
457026,5620
457047,6437
457059,3002
457066,0
457098,6428
457115,7622
457138,7526
457143,22479
457146,7383
457149,5576
457167,9045
457188,4116
457191,5994
457216,10656
457231,9519
457236,9252
457239,7553
457247,1833
457259,8200
457261,8006
457264,0
457292,0
457296,6913
457308,0
457335,7660
457339,8055
457359,0
457368,0
457384,5349
457425,3062
457429,13318
457432,8350
457445,6074
457447,6965
457455,4044
457464,5340
457468,0
457477,9257
457503,6436
457507,4287
457516,7969
457519,7559
457525,5202
457532,5819
457537,0
457543,5223
457558,7312
457575,0
457586,2433
457587,7381
457603,1512
457618,9495
457623,0
457628,2025
457638,9533
457646,0
457654,0
457678,5544
457682,4305
457690,11108
457693,0
457705,5501
457707,5756
457721,0
457722,0
457724,5423
457735,8330
457741,6873
457744,0
457750,8843
457761,5977
457771,0
457777,9506
457783,7720
457801,5750
457814,6981
457816,5348
457827,6541
457829,0
457849,14277
457851,5768
457865,4266
457867,0
457869,5098
457882,7843
457888,6374
457892,4919
457896,4885
457901,5983
457902,9200
457924,3510
457942,4650
457945,4646
457963,8994
457976,6736
457981,7708
457997,10707
457999,2037
458004,0
458012,5747
458021,3161
458029,3707
458050,8989
458053,0
458058,1939
458060,7085
458064,0
458065,7265
458097,6771
458104,8381
458140,8846
458149,6209
458170,2647
458214,0
458220,6828
458223,0
458234,9209
458237,4115
458248,6747
458249,3819
458266,0
458268,0
458278,4724
458285,11061
458298,0
458300,9961
458302,4753
458308,8368
458328,4022
458329,6207
458348,8049
458363,8166
458370,6434
458384,9275
458386,2914
458395,0
458411,5279
458414,6012
458419,5153
458424,4191
458427,3335
458433,10145
458434,9868
458447,8388
458459,9480
458484,0
458500,7989
458509,10044
458510,18523
458511,14026
458514,6098
458523,7251
458524,8138
458527,0
458530,0
458556,7433
458559,9334
458563,7240
458568,0
458571,9914
458576,8120
458578,2562
458582,8541
458588,6816
458590,6755
458595,6361
458609,12168
458616,0
458636,8333
458639,5353
458642,8347
458647,4711
458651,4559
458652,6885
458661,6836
458662,6209
458665,4225
458672,3945
458679,0
458683,6352
458696,7922
458705,4527
458719,4884
458740,4127
458747,6559
458751,0
458766,0
458769,0
458779,6735
458804,3894
458809,8132
458810,11974
458811,3959
458812,9338
458830,0
458834,4724
458836,4390
458838,5107
458840,5499
458841,6531
458861,6345
458862,10152
458863,0
458869,7145
458876,0
458879,7830
458882,5277
458903,6963
458910,5494
458923,9429
458926,9678
458932,8472
458936,6126
458940,5437
458968,0
458978,5473
458982,12152
458992,6242
459001,8166
459029,5802
459034,9697
459036,6779
459039,5991
459060,5293
459063,0
459064,5012
459066,6922
459068,7482
459092,6537
459114,4103
459117,7162
459149,1200
459152,7951
459167,8536
459170,11396
459196,8614
459200,4267
459201,12186
459208,5342
459225,3728
459280,2685
459281,5177
459304,0
459306,7478
459333,3902
459352,4122
459369,4966
459374,6393
459378,0
459387,5779
459394,8934
459403,5124
459418,4804
459420,6667
459437,7857
459439,3382
459445,5205
459446,6682
459466,8257
459479,3034
459482,7059
459489,6646
459506,2601
459507,7328
459526,0
459527,2676
459558,16856
459595,3435
459598,0
459601,6129
459643,13983
459644,6895
459651,0
459669,5489
459670,4233
459676,7758
459681,4521
459700,5309
459730,8561
459756,5380
459797,11850
459800,8686
459808,3599
459826,6591
459847,6980
459861,8168
459864,0
459872,5645
459890,0
459898,6390
459902,4116
459920,0
459926,6119
459928,7719
459929,0
459936,4811
459947,4869
459950,5337
460005,6099
460007,3891
460013,4757
460018,0
460025,4497
460028,3677
460029,10874
460051,0
460057,10790
460059,8367
460069,0
460082,8896
460084,4214
460090,4435
460092,3852
460110,13935
460114,6486
460116,7459
460120,7053
460122,5873
460128,5333
460135,0
460153,8371
460154,5273
460162,6782
460169,5065
460178,4527
460185,3929
460186,6887
460193,7057
460216,4858
460219,6112
460222,4124
460228,0
460231,0
460234,5887
460240,10995
460253,6529
460254,4891
460260,7299
460262,0
460279,8161
460292,0
460306,5617
460308,5102
460318,1369
460326,9001
460330,10743
460336,6568
460337,0
460367,8287
460369,9147
460377,3088
460382,6282
460397,3283
460405,9602
460407,8360
460425,7999
460444,0
460459,0
460469,3819
460471,6178
460473,9948
460475,0
460478,6683
460481,9662
460486,5607
460499,7098
460501,7377
460508,6285
460511,2942
460527,4970
460533,3952
460543,3118
460551,0
460563,5248
460567,0
460607,5116
460615,4749
460616,0
460617,0
460622,1379
460633,6098
460643,8760
460645,8158
460651,7062
460674,2454
460677,5347
460703,3538
460718,3579
460740,5809
460748,4975
460767,4826
460771,0
460774,0
460784,3876
460797,6550
460808,8429
460836,3766
460840,0
460844,7326
460847,8850
460850,0
460860,8809
460885,3240
460898,9542
460901,4901
460931,6440
460938,5889
460962,10749
461005,9080
461013,6813
461037,16608
461048,4070
461053,0
461057,0
461069,5780
461070,4643
461090,2733
461092,0
461095,9094
461096,7589
461103,7112
461111,0
461113,10334
461145,0
461146,6992
461175,0
461177,6423
461182,4501
461184,6570
461204,7186
461216,4005
461231,6563
461241,4195
461262,6434
461265,8325
461284,10746
461302,20488
461310,0
461328,0
461344,5994
461349,10756
461362,5814
461439,6235
461441,5552
461448,19600
461452,5565
461455,0
461459,6224
461461,10278
461479,5402
461508,5640
461510,7487
461521,15393
461530,12848
461542,0
461552,0
461560,5345
461563,6443
461570,7009
461571,10402
461579,8402
461580,10101
461588,7914
461621,5490
461624,9547
461631,9194
461642,0
461652,14720
461656,9300
461674,5494
461688,8932
461698,12554
461702,9144
461703,4283
461718,7569
461724,7852
461730,3925
461738,4248
461740,6014
461749,3901
461754,6626
461769,3220
461770,0
461786,3399
461797,5888
461803,7699
461804,7163
461809,10206
461818,14613
461826,5234
461829,12092
461852,2724
461862,4922
461892,16569
461899,3833
461903,0
461911,15581
461922,6017
461930,5977
461934,0
461939,8814
461942,20610
461947,7647
461960,0
461986,4235
461992,7819
461993,7359
461995,10096
462012,5691
462013,8035
462051,5466
462069,7160
462086,5695
462087,9614
462096,5267
462108,8181
462113,9430
462116,0
462155,6495
462160,10054
462179,5601
462185,6279
462189,4113
462192,4192
462195,3604
462201,2958
462223,5712
462227,7328
462248,8942
462253,5861
462254,0
462269,6327
462291,5343
462293,5252
462311,5885
462324,8652
462351,6293
462366,5596
462370,12179
462371,7921
462384,9954
462411,8345
462412,6324
462431,8986
462435,5066
462446,0
462453,5709
462470,5200
462475,5899
462483,3002
462495,4681
462501,4999
462507,9742
462509,5801
462515,4837
462516,4476
462519,6764
462521,0
462524,0
462548,5113
462560,3933
462562,1315
462581,5783
462584,0
462597,0
462598,4814
462600,0
462603,5236
462606,11811
462633,6512
462635,5136
462636,7464
462640,6880
462665,0
462671,6940
462689,4052
462701,7278
462702,10364
462706,4623
462758,10312
462762,4950
462777,1513
462779,0
462789,5205
462799,5553
462803,5973
462831,4635
462832,4691
462834,7026
462872,3878
462876,7715
462881,0
462888,5772
462893,8339
462915,0
462935,6597
462957,11867
462982,6402
462990,6099
463002,6955
463012,3803
463013,0
463018,6218
463042,3769
463052,11634
463055,0
463068,6115
463076,7585
463083,6650
463084,4226
463091,8387
463117,4060
463120,11064
463136,6016
463141,0
463147,5226
463159,11189
463166,5630
463187,0
463188,7083
463193,6826
463198,5884
463203,9340
463207,13773
463213,0
463226,14873
463229,0
463232,6150
463239,9471
463262,11971
463268,8501
463276,5219
463307,7313
463318,11842
463322,22918
463323,5006
463337,4687
463339,4383
463346,5172
463367,6623
463379,6274
463381,4897
463382,3867
463399,6921
463403,7532
463404,9660
463411,0
463421,6394
463428,0
463429,4559
463432,4206
463439,5532
463442,4054
463457,6615
463463,5858
463465,0
463504,0
463516,8707
463526,0
463536,2770
463546,5655
463549,0
463555,6348
463564,6673
463565,5872
463566,7305
463580,9921
463609,0
463614,9268
463617,4974
463638,0
463641,5530
463650,12251
463651,6682
463668,0
463673,3808
463688,5957
463717,16645
463733,0
463735,5361
463747,13219
463750,5146
463753,0
463756,0
463757,5386
463758,5613
463760,4239
463763,3230
463773,0
463774,8837
463796,8175
463799,6155
463804,6090
463805,5916
463815,7364
463819,4916
463822,4531
463829,6095
463830,4516
463847,7171
463886,7750
463901,10107
463908,0
463911,5009
463913,9418
463924,10066
463928,10027
463930,4358
463933,5992
463938,14122
463948,3105
463955,5423
463957,0
463965,3958
463972,4593
463979,7807
463986,11531
463993,5756
464000,9233
464012,0
464032,0
464044,0
464076,0
464093,6342
464130,6949
464142,4586
464145,0
464165,8230
464175,7413
464177,6940
464192,9954
464202,0
464205,8518
464241,6813
464248,5072
464256,0
464261,0
464265,12732
464285,1137
464294,4795
464330,4597
464341,5548
464347,0
464361,7644
464362,3874
464367,6393
464370,8231
464373,0
464387,6840
464407,7045
464417,9874
464425,11909
464439,6250
464443,3947
464465,0
464468,7867
464475,0
464519,9713
464522,3406
464523,8465
464548,3708
464556,8814
464571,4980
464584,5335
464594,4393
464602,8056
464607,3978
464612,5450
464616,5350
464623,6739
464628,6391
464635,3770
464648,7262
464650,0
464665,4323
464673,4645
464676,8220
464678,10138
464687,7570
464688,9521
464690,7377
464694,4108
464698,4904
464702,16459
464704,6442
464707,0
464720,10208
464722,0
464726,3651
464760,15246
464770,6834
464777,4063
464794,13415
464800,6510
464802,16978
464805,8452
464816,0
464823,12234
464843,5104
464857,7314
464861,4942
464863,3759
464875,10123
464889,4241
464892,3940
464907,6739
464911,0
464917,4732
464922,4584
464938,5108
464946,2956
464953,9837
464956,6758
465000,0
465011,11082
465028,9046
465043,11881
465046,9059
465049,8026
465094,7214
465097,10158
465119,13113
465121,0
465144,4938
465148,7761
465150,0
465157,12799
465167,6866
465178,0
465181,3716
465192,4272
465195,4584
465198,3990
465202,8041
465218,0
465219,0
465221,5658
465238,9383
465252,4634
465258,19271
465290,0
465303,0
465306,4517
465315,6361
465320,5007
465328,5930
465356,8344
465357,16334
465369,8412
465374,9228
465383,8719
465392,4615
465399,0
465400,8212
465409,5648
465423,5180
465430,9053
465470,8174
465487,4108
465502,0
465505,9255
465507,7344
465526,0
465529,6927
465530,7536
465532,5003
465537,7367
465538,0
465544,0
465560,6011
465570,9324
465576,7268
465581,6296
465604,5906
465624,6708
465631,5616
465635,6085
465660,4282
465675,8007
465683,4560
465692,10287
465704,2602
465719,7890
465722,3425
465748,12652
465752,6031
465766,1981
465771,6800
465779,7113
465781,6357
465782,7864
465802,5170
465808,6360
465826,13068
465830,9299
465843,8695
465848,3185
465854,0
465865,9490
465873,6314
465892,3641
465945,7502
465955,8127
465961,5043
465964,15250
465984,3992
465993,6758
466009,5805
466025,6257
466032,5908
466036,0
466039,8324
466056,5594
466081,6216
466091,23818
466102,9028
466131,14255
466141,2076
466150,3135
466155,5861
466171,10070
466198,9868
466200,0
466208,6962
466213,5624
466220,5906
466226,3177
466227,4425
466229,7638
466234,0
466237,4611
466262,4750
466268,0
466272,4326
466275,8864
466277,0
466286,5811
466287,0
466294,6539
466309,4787
466313,6114
466322,6875
466338,0
466340,0
466343,6167
466351,12338
466365,5765
466366,5839
466384,5095
466408,0
466410,5699
466420,5140
466432,5893
466446,4865
466450,0
466464,4551
466483,8058
466487,6000
466489,4941
466491,7695
466493,4858
466495,4760
466500,5589
466522,6877
466523,6919
466536,4734
466538,12516
466541,5413
466566,10788
466582,6128
466585,5765
466587,3294
466589,0
466593,9121
466604,4191
466608,7497
466625,7235
466626,8320
466647,5632
466654,5977
466687,0
466704,0
466711,4096
466720,4861
466724,5875
466725,5260
466734,5450
466751,4794
466768,4633
466772,4711
466778,4664
466782,6505
466796,5098
466799,3171
466821,0
466839,7078
466841,0
466850,10831
466851,7082
466865,5742
466873,17894
466887,11802
466893,12601
466922,5935
466924,5592
466936,6209
466939,4514
466941,5837
466954,8762
466958,7505
466959,2858
466962,5666
466966,4699
466975,8745
466984,3083
467012,13792
467014,6526
467021,5674
467030,4952
467053,7438
467056,0
467070,4471
467084,7518
467086,7728
467093,0
467098,13016
467133,6160
467140,0
467144,0
467148,6877
467165,6387
467170,6124
467219,6488
467237,4759
467249,5623
467261,11317
467286,0
467295,5590
467302,7943
467306,3832
467314,6424
467319,0
467325,0
467331,18190
467343,6243
467354,3808
467355,4513
467356,4970
467371,0
467377,11875
467386,14161
467388,15235
467390,7799
467393,0
467398,5908
467400,9570
467406,0
467409,0
467418,7432
467473,4999
467476,4906
467481,7865
467487,3851
467489,6581
467490,3899
467505,8232
467514,0
467520,8365
467525,15548
467527,6721
467537,7739
467541,3357
467550,8460
467553,5943
467555,5200
467569,11961
467572,8973
467585,13321
467593,0
467603,5385
467612,0
467624,8073
467631,3535
467641,6247
467644,5487
467646,4110
467660,0
467668,0
467669,0
467680,7183
467682,14616
467691,4093
467692,8610
467702,3839
467708,8877
467723,0
467740,6794
467747,0
467758,1429
467765,4502
467773,5213
467778,11856
467788,7031
467790,7629
467822,3907
467832,5697
467845,5824
467849,14808
467857,8500
467868,11930
467875,3406
467894,0
467901,5834
467903,5869
467906,2255
467907,11560
467913,10972
467935,7331
467937,6354
467942,5427
467953,6062
467972,0
467980,5708
467987,6371
468014,0
468024,3220
468025,6449
468030,5684
468037,5826
468041,0
468052,6998
468057,7559
468076,0
468082,10590
468089,3782
468100,6943
468110,4841
468116,7627
468148,6117
468155,4821
468156,3876
468162,19195
468183,8029
468184,5192
468196,0
468207,8805
468214,9667
468216,0
468221,4655
468226,9624
468245,0
468255,4995
468256,3203
468289,0
468294,8346
468297,0
468299,10533
468303,4180
468306,6024
468319,6036
468326,6183
468331,7078
468357,7542
468362,6350
468382,8485
468389,2699
468416,7972
468421,4689
468429,5294
468434,13735
468436,0
468444,7932
468454,7479
468460,9365
468480,5451
468491,5867
468510,4595
468511,10256
468514,8338
468515,7873
468517,5926
468527,4459
468531,5674
468545,9079
468554,7151
468565,14437
468566,8279
468619,5685
468620,5593
468622,0
468628,6751
468631,4122
468643,6919
468651,6838
468655,9422
468667,9545
468677,7093
468691,5322
468699,9067
468719,0
468725,6655
468726,3970
468729,5077
468737,8506
468745,8181
468750,0
468752,11541
468784,7056
468792,6954
468804,5351
468810,0
468819,8739
468832,12529
468833,5905
468877,5842
468891,8496
468908,0
468913,13806
468919,7787
468922,7411
468935,4621
468942,10204
468957,3647
468960,3711
468965,4093
468966,4177
468969,6891
468982,13167
468989,10362
468996,4425
468997,7620
469009,7425
469013,6800
469037,5837
469038,3902
469039,0
469043,0
469045,8504
469050,0
469071,3197
469092,10880
469102,10517
469104,5467
469122,6736
469127,5847
469134,9751
469137,0
469143,13554
469152,8530
469170,3740
469173,6910
469177,6227
469178,8661
469181,0
469184,8266
469191,3697
469218,6690
469220,4094
469223,5865
469225,4679
469233,0
469244,7952
469256,6253
469260,0
469286,4377
469311,7731
469332,7172
469341,8877
469349,5257
469353,8728
469361,0
469362,8091
469381,3363
469406,11746
469431,3753
469435,8183
469437,6167
469438,6531
469439,3928
469447,8247
469465,0
469466,3968
469490,0
469502,6053
469528,4873
469543,4389
469573,8636
469577,6780
469582,7052
469593,5865
469609,4306
469647,5601
469674,0
469707,7611
469708,4985
469717,7396
469721,11435
469722,7744
469737,4376
469741,5996
469749,8031
469759,7536
469779,0
469782,13010
469794,7066
469847,7266
469862,0
469872,8292
469874,9859
469875,6081
469877,4117
469878,13983
469908,10280
469911,0
469914,0
469915,7333
469916,4387
469920,8166
469932,5606
469976,11680
469980,8733
469981,10704
470004,0
470028,0
470032,6063
470038,7085
470040,0
470047,6371
470055,8456
470060,9448
470102,0
470108,4029
470111,12462
470112,0
470125,7291
470135,6619
470144,0
470156,11573
470166,5107
470190,4005
470193,4864
470194,10453
470204,5334
470209,3596
470234,6708
470242,6292
470251,8165
470257,2500
470272,4495
470295,5891
470302,8532
470304,6907
470322,5348
470335,27691
470361,4367
470372,7025
470381,8241
470385,5443
470392,15105
470406,4631
470411,5550
470416,5941
470422,6804
470438,3022
470463,0
470469,15608
470479,8265
470483,4162
470494,4951
470501,4146
470508,5260
470513,5423
470529,5427
470531,19563
470535,10223
470565,0
470581,5086
470584,5875
470620,7145
470628,9372
470636,3715
470646,8122
470685,5876
470687,3348
470691,9739
470734,0
470749,7572
470756,7839
470764,4959
470769,0
470772,7014
470779,5930
470789,13330
470790,7539
470795,0
470813,0
470815,2296
470827,5306
470850,11421
470855,11842
470870,8091
470911,6873
470923,5203
470932,5941
470944,3477
470959,9612
470965,8336
470972,3717
470979,0
470987,11293
470998,0
471000,4750
471008,9361
471040,9902
471059,5350
471060,3600
471062,7011
471083,9687
471088,5952
471100,6924
471101,8841
471115,0
471119,7869
471126,4528
471137,8809
471140,3758
471155,2516
471159,5068
471163,4634
471166,7197
471170,0
471180,9178
471203,4988
471229,0
471232,8333
471235,7986
471238,4913
471248,4028
471264,15670
471268,0
471272,5317
471279,4871
471291,0
471296,0
471305,9371
471306,5793
471312,9315
471313,6102
471321,6668
471327,6639
471332,6486
471335,7781
471336,3571
471346,18279
471360,6230
471385,7574
471388,4555
471394,4631
471402,5660
471421,9544
471426,5320
471429,3789
471435,5896
471440,7201
471448,0
471452,4406
471459,10633
471470,7763
471471,6121
471472,5496
471473,6172
471483,0
471488,6197
471489,4110
471494,0
471495,4890
471498,9431
471513,6176
471516,17815
471521,0
471524,9987
471528,0
471545,8707
471578,6678
471591,5393
471609,5694
471616,4666
471617,4765
471619,5104
471624,11440
471625,7470
471632,0
471634,5563
471635,6272
471638,8228
471645,6259
471647,5229
471649,9686
471650,7021
471659,8749
471665,6016
471673,0
471694,5259
471695,23078
471700,4676
471703,0
471707,4848
471712,5140
471719,0
471723,6881
471729,6411
471740,4834
471747,4796
471754,0
471770,6771
471801,15462
471816,0
471833,7852
471845,0
471855,0
471879,7854
471903,5576
471904,0
471917,3972
471918,9030
471929,6388
471946,6987
471951,0
471952,6507
471962,11298
471976,9273
471979,7633
471985,5135
471989,7373
471994,0
471995,4682
471997,5962
472016,3602
472035,8715
472037,5507
472046,9856
472052,25749
472053,0
472054,6308
472057,6168
472059,5151
472071,6622
472078,0
472083,4952
472097,8926
472111,4252
472113,0
472114,19689
472118,6943
472124,5647
472129,9752
472148,8860
472151,4290
472154,11775
472198,3875
472199,0
472206,4048
472208,9423
472211,13187
472216,5565
472221,7945
472236,12047
472241,6302
472273,3819
472290,0
472291,0
472299,4909
472324,7034
472404,6227
472416,8369
472429,4295
472433,0
472434,0
472440,11957
472442,6033
472445,4003
472447,15542
472469,0
472481,9382
472494,3470
472496,6430
472503,7563
472514,1698
472519,6857
472523,3878
472524,10631
472535,3538
472552,6248
472553,7214
472614,3590
472627,6826
472644,4563
472656,6674
472657,7209
472658,8470
472670,7465
472692,6867
472711,10450
472737,6635
472738,7100
472750,14306
472753,6227
472773,0
472777,3529
472787,3652
472790,16210
472802,5580
472823,4513
472829,7606
472836,6938
472837,4020
472844,5425
472848,8724
472861,9536
472865,7712
472870,0
472874,6111
472875,6370
472884,6421
472886,8457
472894,8117
472934,4147
472954,10983
472957,0
472969,2854
472971,6728
472976,0
472980,6775
472989,4098
472995,0
473023,10162
473029,0
473032,4372
473033,10593
473037,3968
473038,5196
473043,6069
473044,6823
473055,7366
473057,9727
473058,0
473063,7689
473082,0
473083,6014
473094,0
473120,0
473138,9400
473140,4677
473145,0
473149,12427
473154,11139
473159,6682
473165,9496
473173,7439
473180,9301
473202,0
473223,4851
473234,5141
473271,7204
473272,0
473275,11529
473287,0
473302,11700
473304,3280
473323,9750
473328,7174
473330,5895
473362,5579
473371,0
473373,5884
473375,4281
473389,9383
473393,4868
473399,11958
473402,0
473406,4682
473415,5640
473438,6730
473439,5840
473448,8101
473450,10580
473455,5091
473458,5629
473468,6137
473482,7545
473491,0
473499,6672
473521,9723
473527,0
473554,3863
473558,5529
473569,7613
473579,4129
473580,3147
473581,5015
473593,6242
473647,4681
473677,0
473683,3350
473697,7941
473732,8106
473734,0
473737,8863
473745,4560
473756,9378
473776,7621
473780,5498
473817,4109
473825,4874
473828,0
473840,11709
473845,4797
473860,5787
473866,6843
473875,6510
473877,5186
473923,7499
473967,9812
473973,13850
473981,4462
473986,5222
473999,0
474007,8613
474026,7869
474035,0
474044,7187
474064,7095
474081,0
474117,26901
474139,7558
474142,4011
474144,4394
474160,8377
474161,5931
474174,5075
474177,7681
474184,5924
474190,2963
474237,12464
474239,7403
474241,10855
474242,9124
474246,9008
474247,5538
474250,5379
474265,0
474273,10771
474297,4910
474328,0
474329,10219
474347,3955
474357,9812
474365,4198
474385,6373
474390,7644
474404,9013
474413,3218
474442,0
474458,3916
474474,4365
474484,5776
474490,7326
474492,12401
474493,7018
474498,0
474504,5355
474506,0
474513,4452
474516,12970
474521,8444
474535,8725
474543,6302
474544,10001
474552,7412
474553,11307
474558,6977
474561,8704
474575,5994
474576,4096
474595,5321
474600,8843
474604,8469
474635,0
474638,6370
474641,8189
474659,5222
474662,11784
474669,5072
474706,4017
474721,8706
474722,4847
474725,2657
474729,11671
474731,4515
474735,8224
474760,7920
474791,0
474796,5287
474798,3923
474805,0
474806,7893
474825,4428
474832,0
474842,4307
474855,4797
474857,3892
474867,5021
474872,3456
474881,6104
474882,0
474923,5278
474925,7509
474944,9080
474945,6079
474954,6724
474964,0
474971,3749
474974,9759
474977,4792
475004,5498
475009,7705
475010,4313
475012,3676
475017,7676
475028,13150
475030,4139
475033,9046
475037,2854
475041,6381
475057,9343
475061,0
475070,5186
475076,4989
475083,5931
475087,5068
475092,9224
475110,0
475112,6601
475119,7767
475121,5781
475129,8795
475146,0
475160,0
475165,11049
475184,12251
475192,7725
475193,7865
475203,4569
475242,0
475245,12567
475262,6288
475264,0
475268,9881
475270,0
475285,6047
475308,0
475311,6594
475314,6253
475319,0
475325,14764
475328,4900
475332,8238
475334,7792
475338,5728
475343,4120
475361,4995
475380,7361
475390,7029
475397,6376
475398,0
475401,19135
475408,1570
475412,4925
475418,5593
475419,4255
475449,4204
475455,0
475464,0
475472,9297
475473,5062
475475,8375
475480,6458
475503,10592
475512,5246
475533,8443
475545,6947
475551,6565
475590,0
475632,0
475654,7682
475666,10098
475693,0
475699,7130
475727,7843
475728,7598
475729,3295
475730,10046
475731,7115
475737,4373
475739,12877
475745,7301
475765,9199
475767,0
475775,0
475785,0
475788,6013
475792,6795
475819,7259
475822,6462
475829,8620
475830,5926
475832,6904
475835,7292
475837,6667
475845,8899
475847,0
475854,4773
475861,3738
475866,13819
475868,3371
475873,12030
475874,2454
475875,9626
475878,0
475895,5089
475906,0
475913,7861
475918,0
475920,2720
475926,3877
475941,4501
475942,0
475954,6139
475958,4657
475974,4240
475982,8079
475992,4140
475999,6206
476004,8299
476018,10970
476047,6180
476053,3116
476058,5569
476063,0
476067,7350
476087,6257
476088,16775
476090,8757
476101,5977
476103,0
476115,5561
476118,7810
476119,5570
476121,3408
476129,7400
476139,0
476141,6956
476152,5632
476170,5991
476175,0
476194,13065
476200,4109
476203,11778
476213,8334
476230,0
476232,8739
476234,7758
476253,4265
476258,5034
476260,5282
476264,7805
476273,8283
476289,16012
476296,0
476312,8784
476320,7558
476339,7755
476343,3909
476363,0
476371,6199
476372,9381
476383,7451
476407,9544
476414,5842
476419,5107
476425,0
476456,6257
476461,5708
476483,3990
476484,6411
476487,6772
476501,5969
476505,8182
476511,5521
476513,0
476527,7845
476530,2922
476551,17446
476554,0
476582,5261
476623,5945
476647,5468
476666,5634
476671,8417
476672,0
476680,10032
476686,11050
476690,7499
476693,0
476718,27583
476733,5269
476734,8387
476750,0
476751,5318
476775,0
476789,0
476796,0
476799,0
476853,0
476855,5283
476901,4479
476904,0
476907,4101
476916,6767
476919,0
476925,7168
476930,5146
476944,3005
476948,8566
476949,7022
476956,6560
476964,12020
476966,2943
477015,6547
477018,12207
477023,6378
477050,5174
477056,0
477065,6830
477073,5407
477082,0
477084,6705
477090,0
477091,0
477092,4654
477107,10517
477111,4670
477117,6816
477149,8691
477154,7839
477155,0
477160,7915
477164,8231
477172,3447
477186,6128
477199,4044
477210,4549
477213,9020
477214,4864
477239,5539
477243,5531
477251,7605
477255,6622
477258,6927
477267,0
477285,8239
477292,4731
477300,6865
477302,13676
477304,3091
477330,6204
477340,6376
477346,0
477357,8708
477359,4412
477372,9782
477374,0
477377,11184
477379,4152
477385,8742
477403,8282
477414,10704
477422,0
477436,16808
477449,6546
477450,0
477457,0
477475,6218
477480,13368
477486,8075
477508,8116
477509,0
477514,10274
477567,0
477576,6219
477583,6002
477585,10959
477601,7883
477603,5087
477604,18551
477642,0
477649,0
477650,4615
477651,5302
477654,12727
477659,4314
477670,5300
477678,0
477684,5120
477691,4032
477717,0
477722,1338
477725,10848
477729,11032
477742,4573
477743,6658
477748,4188
477749,8221
477786,10630
477788,9388
477789,4978
477811,5491
477814,8300
477820,9237
477851,8856
477854,4499
477856,6189
477859,6892
477870,5169
477881,5238
477902,5238
477920,4554
477929,6223
477930,7877
477935,3273
477944,8905
477958,6420
477959,8030
477969,5759
477985,8484
477993,6952
478001,7734
478016,5282
478028,6186
478032,5188
478043,4542
478046,7215
478057,10746
478061,3167
478067,4499
478091,3280
478098,7163
478103,0
478111,5286
478115,5247
478120,0
478125,0
478131,6352
478137,8383
478158,15579
478161,6541
478180,0
478181,5882
478182,2870
478184,9084
478199,7697
478202,2851
478204,4408
478219,8331
478222,0
478227,16474
478242,9946
478250,3605
478257,3987
478263,7086
478293,6662
478316,12815
478325,5241
478350,7618
478353,4355
478362,3793
478365,6018
478367,5650
478399,9735
478409,0
478414,3682
478417,7063
478425,7480
478428,13311
478429,4443
478442,0
478463,0
478468,9296
478471,6237
478482,4301
478486,7123
478487,5184
478503,7022
478509,10075
478520,7601
478521,9176
478526,4564
478540,4910
478609,0
478619,5870
478624,0
478629,8583
478630,0
478643,6075
478687,5111
478690,7595
478706,6676
478713,11140
478752,0
478758,4853
478762,17805
478790,5884
478793,0
478802,3891
478804,8066
478807,0
478809,5964
478822,8072
478825,4295
478845,7617
478859,9538
478875,9667
478903,3825
478906,7528
478915,4604
478922,12504
478939,11349
478942,4768
478945,2357
478949,4698
478955,17037
478960,4439
478962,4444
478974,8712
478995,22743
478996,3699
479000,13125
479042,9800
479045,9219
479065,0
479075,2969
479087,2149
479096,7398
479100,11639
479113,0
479118,13203
479121,8614
479137,5275
479149,0
479154,8167
479161,6019
479172,7023
479188,0
479195,0
479223,0
479224,4094
479228,12086
479231,0
479248,4513
479276,3705
479278,5245
479283,7822
479298,0
479303,2151
479309,0
479327,0
479328,0
479344,11638
479345,3665
479348,0
479349,6314
479363,6905
479371,7361
479378,0
479394,5286
479407,0
479418,5310
479420,4648
479429,6295
479456,4285
479461,4571
479462,6558
479464,10023
479468,5269
479475,5000
479485,7637
479489,7065
479495,12911
479500,3542
479513,6600
479514,6507
479515,6889
479533,9445
479537,7822
479546,5187
479549,0
479562,0
479566,7414
479586,0
479592,8772
479593,6611
479605,4860
479608,7270
479614,3246
479620,7519
479634,3705
479648,0
479670,0
479673,0
479674,8504
479675,5539
479682,8456
479694,4849
479697,8671
479710,6759
479711,3696
479728,5142
479732,10797
479745,7579
479750,4254
479753,4878
479772,5406
479776,9606
479786,0
479794,4791
479804,5555
479822,0
479837,19535
479840,6913
479859,5673
479867,4840
479873,7138
479892,7029
479905,19555
479906,0
479908,7735
479916,10196
479921,0
479938,7470
479940,8006
479944,0
479947,9355
479965,11562
479994,12256
479996,0
480020,0
480029,0
480038,6840
480041,9753
480049,0
480055,5297
480071,5895
480085,6657
480090,6409
480092,5599
480093,18794
480108,10474
480136,7162
480140,0
480144,9519
480171,5683
480174,4986
480179,5994
480194,2751
480196,12962
480207,11425
480235,5136
480237,0
480240,5741
480245,8593
480254,2465
480261,6726
480266,0
480271,0
480277,2666
480290,5948
480292,8228
480295,3858
480301,4952
480304,5098
480307,6425
480311,4621
480315,5918
480328,8741
480343,6447
480353,6978
480371,8121
480378,5318
480391,4710
480393,13608
480409,7884
480422,5681
480426,6391
480449,10817
480452,0
480466,4905
480469,0
480474,5806
480476,0
480482,7244
480490,6232
480492,11783
480525,3961
480527,6306
480546,4269
480551,9472
480561,10596
480583,5629
480596,6733
480604,4632
480624,10608
480642,15604
480656,4406
480682,5788
480701,7062
480703,9073
480704,7763
480708,8192
480712,7408
480716,19303
480721,6119
480755,6169
480761,2314
480767,4498
480771,6348
480789,0
480790,7933
480833,7977
480838,0
480840,5298
480862,8024
480864,1277
480865,5814
480896,9409
480898,6432
480917,18005
480920,6364
480928,4852
480929,2923
480939,0
480940,3362
480953,6284
480963,4525
480968,12003
480986,0
481003,0
481034,0
481042,8551
481046,5112
481061,3601
481062,6341
481065,0
481077,3555
481084,2986
481098,7151
481110,3439
481139,6153
481147,0
481155,4095
481177,10368
481183,0
481199,10749
481205,7313
481212,5805
481213,0
481216,4657
481229,4165
481236,6138
481242,3354
481267,4705
481283,0
481290,0
481291,3030
481319,10154
481323,5747
481347,0
481352,0
481367,0
481380,0
481389,7426
481395,8897
481399,6071
481402,0
481403,4889
481411,5856
481425,0
481426,6793
481447,5693
481461,5594
481466,5929
481469,16037
481510,0
481513,6756
481517,0
481519,0
481520,0
481522,5786
481537,0
481540,11709
481546,6003
481555,0
481565,6154
481569,7855
481571,9224
481577,0
481578,7781
481587,8256
481593,6865
481597,10350
481598,0
481614,0
481621,8933
481633,5297
481640,4612
481697,5795
481706,6622
481718,2620
481720,7030
481726,7493
481727,8801
481728,5733
481757,6809
481769,0
481772,4697
481786,5126
481791,4838
481792,0
481794,6990
481795,4887
481819,10558
481821,12587
481825,0
481831,0
481841,3342
481847,5243
481855,8027
481913,4817
481915,9194
481918,8185
481920,12004
481928,18284
481961,0
481964,2350
481969,4223
481984,0
481994,0
481997,6731
482004,6912
482021,0
482034,9208
482066,5174
482068,7512
482072,7723
482097,0
482098,11373
482116,2928
482124,2565
482134,4102
482135,6031
482161,2199
482165,6470
482166,12590
482167,5359
482170,11398
482179,4709
482204,5626
482206,6603
482211,5556
482238,5086
482252,6969
482263,7000
482274,0
482278,5042
482283,11465
482287,4157
482295,6021
482298,3285
482309,0
482315,7248
482317,10958
482328,5903
482348,5312
482351,4547
482352,4874
482356,5060
482410,15550
482418,1734
482436,6443
482445,5845
482457,4982
482489,8011
482490,4963
482491,0
482492,11761
482493,8111
482553,5571
482558,0
482569,6440
482574,7552
482575,3225
482582,3455
482584,0
482606,7289
482608,6156
482627,22344
482635,7159
482636,7207
482639,10536
482640,5804
482647,8662
482660,0
482662,9526
482664,4315
482666,6698
482675,0
482699,7185
482709,4984
482730,7765
482734,0
482739,6980
482740,6506
482751,0
482761,6173
482777,6973
482794,0
482800,0
482802,8901
482804,4213
482806,3770
482809,6921
482810,9234
482821,5719
482827,0
482847,10627
482850,15284
482863,14315
482891,6907
482893,11147
482914,4028
482924,0
482927,11213
482929,9056
482931,4132
482934,9989
482950,4847
482962,5991
482966,2994
482969,7921
482974,7581
482977,0
482997,5776
483001,4379
483004,4201
483010,15177
483014,9567
483016,0
483036,5106
483039,3424
483040,10126
483041,7222
483053,6449
483054,10095
483056,0
483058,3987
483063,4593
483067,0
483072,6523
483084,5324
483104,4069
483115,6644
483116,6964
483146,0
483147,5585
483155,8743
483168,4854
483181,5874
483190,0
483193,6651
483209,6561
483211,6887
483224,4745
483232,6960
483265,0
483273,9177
483294,11130
483304,15058
483311,6951
483323,5619
483337,8367
483345,8337
483347,5400
483356,3862
483361,5138
483363,5118
483365,9340
483369,7218
483370,4534
483390,0
483392,8413
483421,5143
483427,0
483437,8027
483475,6928
483476,9691
483484,3892
483488,6795
483506,0
483507,5083
483535,2868
483544,3076
483556,9406
483564,4839
483567,0
483599,6341
483604,0
483606,5003
483614,6572
483615,11292
483623,5657
483645,6798
483680,5286
483691,0
483699,0
483703,0
483720,6171
483721,13172
483727,0
483730,5128
483743,5366
483762,6954
483765,0
483768,0
483779,2876
483791,0
483793,0
483801,5968
483805,11250
483818,5245
483829,5077
483851,4463
483858,6174
483870,5732
483878,10768
483886,7182
483894,8328
483895,4877
483897,5879
483907,4528
483955,4661
483976,6647
483993,3443
484001,0
484003,8541
484013,14965
484058,6363
484062,7553
484078,4229
484082,4290
484094,5461
484096,5455
484098,0
484102,0
484111,5029
484145,6543
484146,6723
484173,6702
484185,12809
484193,5158
484202,12133
484232,6601
484270,2557
484272,7486
484277,7399
484294,11617
484305,10111
484309,4558
484318,9645
484322,3169
484337,3461
484339,11685
484348,11639
484360,1510
484364,0
484372,6133
484375,2772
484376,6482
484408,0
484413,13120
484419,0
484432,12418
484433,5633
484444,6753
484464,0
484467,4925
484475,5915
484481,3913
484496,0
484506,7010
484510,7643
484525,9059
484526,6469
484527,11863
484535,5273
484571,5393
484591,11873
484594,5724
484609,6484
484627,3434
484638,7776
484641,6435
484643,9684
484652,4555
484655,4344
484660,8037
484662,4727
484677,8159
484682,7252
484713,6024
484719,9181
484747,0
484751,7572
484760,1215
484769,6237
484780,5287
484784,4529
484787,7157
484794,8763
484810,12703
484812,3769
484818,6927
484819,7228
484826,7384
484829,3618
484830,5177
484855,10159
484856,6470
484862,4731
484864,3641
484907,0
484918,4870
484930,7787
484951,17343
484966,6494
484993,11613
484998,5244
485017,5434
485021,10204
485039,7638
485054,4802
485083,5638
485089,11648
485103,3846
485111,8107
485118,5813
485128,7191
485134,6326
485154,10144
485165,0
485169,7485
485185,6051
485186,4047
485211,6088
485212,0
485213,8957
485215,4314
485224,0
485276,5909
485277,7512
485340,8684
485341,6893
485342,5153
485353,5568
485354,8446
485363,0
485391,6289
485419,0
485431,8586
485433,0
485436,9095
485455,3905
485456,9434
485473,6027
485487,3027
485501,0
485515,7166
485516,9568
485524,0
485542,9255
485545,0
485555,4693
485557,8481
485564,5439
485579,0
485580,6443
485590,7590
485616,5024
485617,4550
485622,5058
485623,12998
485627,5881
485629,11528
485630,4397
485638,9018
485640,3082
485645,8374
485676,0
485735,6965
485740,5710
485741,7961
485743,6243
485746,0
485755,8074
485765,5210
485769,10322
485788,0
485801,9928
485807,5684
485811,7409
485813,4378
485821,2904
485837,11324
485850,5152
485860,5291
485863,0
485872,0
485880,5715
485885,12285
485987,6797
486003,6358
486011,4551
486029,8688
486046,9154
486050,6078
486058,9123
486071,6972
486090,0
486109,0
486127,3711
486129,19208
486135,6209
486139,13101
486142,2894
486145,15048
486149,8436
486184,7380
486185,6495
486247,0
486250,6240
486260,6100
486264,7877
486265,0
486270,4838
486293,10701
486296,7373
486297,1432
486308,4150
486309,9095
486343,13869
486377,5884
486393,10427
486404,6370
486422,6451
486435,8795
486443,5937
486455,11384
486458,9648
486467,5607
486496,12305
486506,6202
486514,8587
486516,8301
486521,0
486527,7107
486538,5522
486546,0
486560,13089
486564,7552
486592,9261
486627,4338
486629,7799
486630,0
486633,5354
486639,7260
486650,6042
486654,0
486656,7603
486666,3778
486685,6389
486688,10318
486705,0
486721,6689
486732,0
486733,3482
486737,9053
486754,4239
486775,0
486779,9618
486800,0
486805,5020
486808,5553
486819,6565
486828,10960
486831,6987
486844,4262
486846,5164
486858,10364
486882,7873
486886,5911
486888,4225
486894,4602
486895,3708
486901,12903
486918,9610
486923,4362
486926,4977
486929,0
486945,0
486948,0
486956,9894
486965,0
486980,0
486984,5683
486989,4597
487004,6936
487025,19492
487035,4590
487052,4773
487059,5663
487072,9621
487115,6908
487118,2062
487134,10239
487148,4260
487151,4525
487154,2509
487164,5847
487189,0
487192,10345
487206,4951
487217,4663
487224,7837
487231,4733
487246,7561
487249,8738
487253,12359
487271,4608
487286,6068
487291,6317
487300,0
487308,8255
487327,7727
487328,7100
487330,9761
487335,10731
487336,6325
487340,0
487344,14191
487382,3941
487383,5286
487390,3007
487393,5834
487399,4143
487404,14951
487410,7121
487411,4659
487439,7422
487448,6139
487460,5986
487474,6960
487491,7560
487495,7114
487498,7724
487506,5147
487527,5377
487529,4424
487534,0
487539,11476
487558,5767
487573,6438
487577,5863
487591,4954
487594,3759
487599,3516
487607,6666
487622,3521
487642,3630
487650,0
487662,5897
487688,0
487690,8284
487719,4016
487722,6492
487736,5364
487737,7198
487743,5155
487752,3126
487755,5568
487767,4939
487777,0
487792,2931
487801,6254
487802,5360
487807,4622
487833,0
487845,5031
487847,6000
487854,0
487855,0
487856,0
487858,0
487859,6370
487871,4500
487881,7149
487882,5464
487886,4916
487887,6965
487896,5776
487900,7724
487909,5259
487923,10849
487928,9006
487936,0
487940,0
487943,0
487958,6810
487964,0
487967,3630
487993,4178
488007,10021
488008,0
488011,5275
488014,0
488027,3378
488028,3650
488031,0
488041,4971
488050,9258
488064,8006
488065,0
488070,4460
488146,0
488152,8348
488178,5761
488182,7512
488203,4269
488219,0
488227,0
488230,5505
488238,6532
488249,6171
488283,8801
488295,5076
488301,0
488311,0
488314,0
488317,5633
488323,9697
488336,4829
488347,4467
488360,4444
488375,0
488391,7223
488392,0
488396,5270
488408,0
488425,8408
488429,0
488431,5679
488437,6826
488444,2836
488464,5175
488498,6861
488503,8079
488521,0
488524,7699
488551,18920
488559,11431
488579,2714
488580,5578
488609,9140
488619,5423
488641,6461
488679,3497
488692,4048
488700,6087
488722,21977
488725,6064
488732,3602
488741,0
488762,7280
488769,0
488770,0
488778,6872
488785,7715
488789,6054
488809,7289
488827,10913
488845,7417
488848,5179
488852,6535
488871,0
488877,0
488878,13926
488885,6031
488887,0
488889,5188
488896,0
488898,6466
488911,0
488919,8754
488931,6826
488954,4151
488955,23076
488962,11350
488964,0
488969,8008
488977,6332
488983,0
488991,0
489039,0
489067,3121
489070,5680
489074,4969
489075,4544
489088,5711
489096,5321
489098,6877
489102,0
489103,4543
489106,13358
489111,7583
489127,7179
489131,5208
489145,20134
489156,6789
489167,2327
489179,6592
489190,14070
489204,8863
489216,5534
489217,6991
489227,5931
489233,6448
489241,6646
489248,6211
489264,0
489277,7336
489297,7749
489308,5182
489317,0
489332,4218
489344,5516
489347,3577
489352,1404
489359,4988
489370,0
489377,6571
489404,5235
489418,7630
489423,5013
489433,4536
489438,6343
489441,6390
489456,4890
489480,3711
489485,3341
489496,13724
489499,6813
489505,4745
489512,9009
489520,0
489530,9754
489533,0
489536,14242
489542,8056
489548,7193
489576,7901
489592,12391
489599,6289
489600,10296
489603,8363
489604,9718
489606,7194
489618,5475
489644,6057
489649,8216
489651,5687
489674,5351
489682,8623
489688,5428
489690,6400
489702,4726
489719,5674
489738,0
489755,8836
489771,0
489797,5031
489809,5923
489816,21135
489818,3740
489831,4514
489832,7161
489841,7434
489856,6355
489860,13266
489864,9323
489883,10683
489889,11815
489909,3049
489915,7922
489925,6488
489927,5633
489931,7840
489938,0
489952,0
489959,6846
489977,0
489981,5310
489986,6718
489989,4944
489992,5636
490003,5410
490009,5348
490014,5792
490026,2997
490035,8311
490042,7997
490043,9025
490045,0
490080,4477
490087,7337
490100,12671
490101,5366
490102,9891
490103,8166
490104,7251
490113,8882
490129,4205
490142,9062
490147,10098
490148,5963
490162,5395
490163,7298
490168,6458
490190,0
490204,0
490213,0
490230,6535
490240,9820
490247,5257
490252,6564
490266,11179
490273,0
490276,7294
490279,8704
490309,8382
490311,4789
490316,0
490319,7079
490340,0
490418,3579
490421,4763
490459,7461
490494,5898
490502,7451
490507,5486
490509,6704
490517,4107
490521,9194
490527,3811
490537,0
490538,7734
490541,0
490544,5712
490575,5668
490581,0
490582,4699
490586,8937
490594,9387
490604,7947
490618,5523
490646,0
490658,3539
490659,5855
490677,4518
490681,0
490688,4956
490699,3460
490701,0
490714,6585
490729,0
490734,5540
490751,5684
490759,6407
490777,7667
490780,9720
490783,7530
490786,0
490787,12953
490796,4449
490817,0
490845,0
490846,4960
490859,5120
490877,6997
490891,7693
490893,4047
490912,3586
490932,6754
490951,6142
490983,3816
490989,11198
490994,5174
491027,4445
491037,9717
491044,7366
491074,16378
491134,16317
491138,0
491142,11104
491162,5659
491180,9892
491215,5864
491226,9861
491239,5484
491286,10514
491298,0
491316,7114
491339,15643
491356,8275
491358,0
491365,13773
491368,4894
491377,0
491394,5026
491400,0
491402,7978
491416,0
491425,7656
491428,6182
491446,0
491447,8348
491454,7568
491458,3966
491459,6170
491475,4378
491484,5118
491489,5303
491518,7292
491551,3241
491564,2771
491575,4473
491579,5616
491597,5011
491601,4548
491607,4853
491623,9247
491633,0
491635,4081
491639,4384
491671,6704
491688,12906
491701,4388
491729,5161
491743,5803
491781,5119
491785,4486
491791,6112
491792,13294
491795,7895
491817,6135
491830,5418
491835,2938
491855,9650
491858,7962
491859,0
491863,8102
491877,0
491893,0
491898,5593
491900,0
491914,0
491921,6472
491924,9100
491927,5949
491928,9568
491932,8112
491939,7641
491942,6700
491948,5750
491971,0
491976,0
491981,8713
491985,3000
491999,8652
492008,4418
492019,0
492020,4902
492052,7030
492055,5923
492064,0
492065,6922
492067,8249
492106,5619
492115,0
492140,8075
492144,5198
492159,1977
492175,6690
492185,6634
492190,0
492194,6340
492213,5568
492215,6650
492230,9546
492232,10529
492233,5150
492237,7257
492257,7570
492259,6205
492263,7116
492266,4660
492273,5854
492294,6361
492301,2902
492307,7597
492315,5073
492316,10687
492319,0
492327,12444
492356,5025
492361,7075
492364,0
492373,0
492379,5757
492385,0
492391,8428
492410,7142
492411,7313
492415,11195
492426,0
492430,10832
492433,9098
492434,5857
492447,7349
492454,11791
492459,0
492465,6068
492472,9397
492480,9322
492484,5541
492487,0
492506,7948
492546,7048
492556,5011
492560,5176
492563,4482
492565,6739
492572,4704
492598,3659
492601,8020
492623,0
492624,4341
492628,12305
492641,6706
492642,7968
492643,6905
492646,8070
492647,0
492661,7009
492667,9071
492678,4516
492680,7579
492688,5970
492695,0
492708,6950
492721,5104
492733,0
492743,10309
492751,0
492762,9920
492776,4162
492782,7954
492784,9049
492801,4855
492807,3544
492813,6811
492817,4970
492822,14689
492823,5768
492826,6864
492845,6092
492853,7234
492856,9306
492858,12231
492873,6060
492885,4227
492889,10333
492891,6606
492904,6028
492930,5947
492942,6065
492953,5610
492995,4892
493003,10687
493039,7294
493074,6023
493079,6688
493102,4633
493104,4892
493111,0
493134,8835
493136,11375
493139,7087
493144,7723
493177,10773
493180,11654
493184,7921
493196,4864
493198,7939
493201,0
493235,0
493236,7160
493254,5233
493258,10648
493269,6210
493277,0
493287,5031
493304,0
493316,0
493321,11007
493325,0
493327,5268
493334,9673
493336,5764
493337,7238
493347,12013
493352,3506
493353,6661
493362,0
493366,0
493369,12375
493378,7948
493385,22093
493404,8635
493415,12551
493418,4532
493446,8089
493450,0
493452,8031
493453,2630
493454,3419
493456,10921
493457,5737
493490,8724
493491,6446
493492,8819
493499,5226
493510,0
493513,7748
493515,4312
493524,8146
493529,8280
493534,4965
493536,5107
493541,0
493545,8583
493564,5967
493568,7109
493569,6284
493572,4075
493579,6272
493582,4653
493593,7082
493609,16283
493611,6686
493628,4279
493635,4443
493644,5481
493645,4426
493659,3431
493675,0
493695,7055
493723,8845
493728,4485
493734,5373
493747,0
493762,4648
493772,0
493775,0
493833,0
493855,6014
493858,3751
493859,5046
493877,8801
493917,6255
493931,4736
493937,4859
493940,7950
493941,5752
493970,3526
493982,5864
494008,4425
494011,4719
494013,5634
494031,0
494071,8403
494089,6343
494103,7653
494104,4608
494118,4111
494120,7356
494121,6861
494151,6398
494176,5881
494193,6984
494204,4566
494215,9585
494227,7621
494229,5420
494230,7781
494235,9618
494237,0
494238,0
494254,9748
494260,10555
494261,5887
494265,7191
494267,7680
494275,0
494285,7448
494310,3081
494324,5479
494327,7137
494331,5110
494339,7335
494346,6353
494355,7988
494374,0
494411,5003
494413,4892
494416,0
494417,0
494423,6595
494447,2747
494448,6217
494457,7655
494473,15116
494475,8246
494478,5193
494486,7898
494496,5784
494504,0
494509,5394
494512,6286
494528,6833
494532,5375
494540,14144
494548,2661
494555,4326
494567,3623
494568,3034
494572,0
494577,6907
494584,7364
494585,6306
494587,5656
494589,4033
494596,9828
494607,2321
494622,4046
494640,0
494648,4957
494650,11795
494651,9260
494658,3245
494671,5006
494674,3759
494703,4215
494720,0
494722,5577
494727,0
494736,2643
494784,11286
494789,5085
494825,8749
494831,0
494835,5218
494845,4892
494869,6334
494871,3811
494889,5393
494930,4188
494935,5907
494943,8764
494945,8057
494954,3931
494961,6278
494962,10434
494990,0
494994,6556
495000,8402
495004,0
495006,7511
495007,2507
495014,0
495016,7191
495038,9027
495039,0
495040,6181
495043,8068
495071,0
495081,0
495088,8990
495089,6946
495116,5779
495121,0
495123,19714
495124,0
495125,6358
495128,5735
495142,8325
495152,4524
495153,5882
495197,0
495236,6443
495242,8922
495247,15634
495250,6478
495251,6475
495253,5315
495267,4398
495271,8777
495272,6383
495279,3554
495286,13405
495296,8542
495303,4868
495312,5237
495314,11003
495318,0
495324,3915
495327,6445
495333,5811
495335,12002
495340,5919
495360,10972
495366,1644
495377,13459
495378,6891
495380,5915
495381,5120
495382,11066
495395,7416
495408,8285
495409,14594
495413,4838
495431,4363
495437,14642
495439,8657
495444,8633
495455,8297
495459,14166
495476,5577
495491,9992
495503,0
495534,0
495544,3594
495557,4972
495583,0
495603,5724
495608,5806
495609,4340
495623,6402
495624,9148
495632,2777
495649,0
495652,6422
495667,9566
495684,4348
495704,6915
495722,6984
495729,5931
495743,7894
495748,5242
495752,5367
495761,4517
495774,7973
495786,2672
495791,0
495795,0
495811,17975
495819,6504
495833,7840
495859,8953
495864,0
495871,10972
495873,5812
495893,5199
495898,10733
495922,11489
495941,6732
495952,8714
495974,4664
495978,0
495984,7947
495986,6652
495991,6617
495998,0
496003,0
496005,5053
496020,7493
496038,8752
496039,6401
496040,6094
496049,6204
496058,9347
496063,7878
496073,5656
496101,4942
496105,5090
496118,6838
496129,5701
496144,14382
496149,5312
496163,4095
496164,5211
496182,0
496186,14719
496201,8001
496202,7765
496213,5833
496215,4841
496251,0
496263,0
496270,3501
496275,6460
496283,6291
496296,8976
496337,6761
496350,7822
496357,11826
496385,11403
496406,8486
496430,12795
496441,7581
496445,12791
496457,12841
496461,0
496462,6948
496471,8028
496499,5107
496503,5306
496507,0
496510,5538
496515,6266
496522,6581
496525,0
496555,4711
496565,0
496569,6063
496583,6386
496584,8528
496596,3495
496608,4944
496609,9217
496613,5526
496629,7286
496631,6279
496637,9611
496645,17031
496675,8708
496677,7164
496681,3913
496689,8792
496700,0
496721,4653
496722,6379
496724,4342
496745,0
496762,8999
496773,7098
496786,5986
496788,10857
496789,4575
496799,0
496800,0
496803,0
496809,9466
496833,2670
496865,8948
496873,5692
496879,0
496941,8948
496946,5218
496954,8427
496955,4190
496968,5419
496976,0
496999,5711
497025,0
497033,5057
497050,5247
497063,13941
497072,3079
497086,5503
497088,8866
497090,8880
497098,11357
497103,0
497113,11369
497114,5102
497122,6284
497125,8169
497137,12883
497144,7479
497163,6677
497173,6238
497178,0
497211,0
497222,4367
497223,6559
497240,7917
497248,2910
497258,9641
497275,6358
497278,4432
497281,11097
497283,7546
497297,10372
497310,5151
497326,5252
497342,5769
497343,8764
497351,7162
497355,6829
497359,6998
497382,11738
497387,6776
497388,4218
497406,6590
497416,7670
497418,0
497421,14202
497426,5228
497430,0
497432,13048
497437,4839
497445,5219
497453,0
497479,6296
497483,8450
497485,3405
497502,5588
497510,0
497543,6395
497568,10626
497572,5216
497614,5380
497615,8580
497634,10288
497636,8451
497637,7094
497651,5780
497676,7758
497679,5270
497694,0
497695,6178
497696,6932
497715,5897
497722,5665
497724,7050
497733,4233
497756,0
497757,6656
497763,16737
497775,11665
497791,5218
497792,5607
497815,4489
497830,4544
497837,4276
497844,5125
497849,5965
497857,3792
497862,9363
497872,12362
497873,3933
497881,4399
497892,0
497894,10706
497932,7026
497954,5963
497963,5999
497965,9120
497973,10196
497986,0
497990,0
497997,6423
498010,4542
498014,13680
498018,10907
498019,6302
498027,6322
498037,5903
498042,6574
498047,4958
498055,5971
498071,3385
498080,6423
498085,5759
498090,4684
498091,3619
498095,8034
498112,6390
498138,6631
498150,0
498154,3869
498156,3408
498188,7039
498189,9807
498211,0
498224,2307
498232,0
498236,0
498240,4474
498249,16618
498259,6895
498260,8561
498271,6143
498273,6800
498275,4596
498280,4156
498319,6282
498324,6024
498328,4498
498333,4741
498362,14128
498368,0
498392,6144
498393,5466
498394,5776
498400,6007
498401,3718
498411,11936
498425,0
498445,8295
498447,7077
498451,1962
498462,4944
498471,4593
498477,3547
498484,3527
498489,11009
498493,5796
498498,17627
498515,4463
498517,5347
498518,5152
498519,7732
498522,2386
498536,8540
498555,2019
498584,13278
498602,5985
498620,3722
498640,4772
498642,8151
498647,5808
498648,4499
498664,6371
498669,5752
498673,0
498676,0
498677,7611
498679,7749
498686,3970
498687,6215
498692,6490
498702,0
498712,9599
498752,6610
498755,7597
498758,12406
498763,0
498766,7970
498770,11650
498774,8760
498775,3686
498779,4059
498785,0
498787,4945
498802,10882
498806,11929
498810,7410
498827,0
498828,6034
498838,6344
498869,5553
498873,0
498880,6270
498882,6524
498888,3532
498889,7852
498908,0
498921,13586
498941,4094
498942,0
498970,5260
498974,0
498982,6285
498999,5778
499002,4049
499006,2700
499009,0
499022,4494
499027,0
499049,5687
499063,5987
499075,5423
499092,5588
499137,4655
499139,4595
499144,4022
499146,8437
499148,2907
499156,7155
499160,8914
499165,8369
499179,6193
499182,6641
499187,8460
499200,5050
499205,6540
499220,4450
499229,0
499243,0
499254,5475
499269,8297
499271,7038
499274,16905
499292,7357
499294,14533
499295,5543
499303,12828
499325,9258
499326,0
499339,0
499345,5053
499351,7014
499352,3077
499355,0
499376,0
499383,0
499396,6087
499406,12826
499411,8017
499416,6379
499417,13393
499418,0
499435,8322
499449,6927
499471,13371
499473,0
499485,4761
499491,14699
499496,3971
499499,8376
499535,11185
499545,4585
499556,0
499570,8410
499587,2850
499596,7939
499610,10450
499629,5285
499647,6348
499670,0
499695,10700
499697,9224
499700,6849
499706,9189
499708,7315
499727,0
499731,6692
499737,0
499750,7581
499758,11198
499760,4058
499769,8407
499783,5276
499788,0
499799,16544
499831,10537
499832,13506
499834,6227
499846,7413
499852,10130
499853,6847
499860,5401
499864,0
499891,0
499894,6933
499897,4870
499900,7382
499912,6358
499922,0
499925,6669
499928,6634
499951,2778
499966,7658
499990,5940
499993,4861
500002,0
500008,10652
500019,5026
500035,18335
500051,0
500070,5154
500089,4863
500100,6484
500104,4353
500114,8020
500119,5887
500126,8051
500130,0
500135,4610
500137,0
500139,0
500151,7123
500155,0
500185,8293
500191,5565
500203,7124
500217,3182
500223,3042
500225,0
500228,6622
500236,8102
500246,6736
500252,0
500264,8794
500269,0
500294,5100
500308,0
500338,7516
500371,4794
500382,8555
500388,4475
500406,4735
500421,7958
500422,4740
500423,4923
500445,0
500446,0
500451,0
500460,5615
500463,19602
500472,0
500477,6113
500488,6691
500501,6065
500511,5942
500518,10556
500531,7689
500538,6959
500539,6356
500560,5195
500566,5274
500570,0
500575,0
500576,17267
500586,6759
500589,4165
500595,4900
500600,0
500606,4929
500626,8195
500633,0
500647,7183
500657,5977
500661,4697
500668,4292
500673,10512
500674,5914
500685,10152
500686,6149
500698,6115
500699,5541
500703,7707
500708,6750
500718,0
500729,5720
500738,6587
500739,8271
500743,7395
500750,4297
500758,5757
500760,7006
500763,9819
500774,4902
500790,5410
500795,8642
500801,5659
500840,11565
500852,4750
500861,9125
500863,8281
500868,15843
500877,6943
500882,16221
500883,11333
500897,5532
500912,5885
500916,12085
500920,3519
500930,4467
500937,4289
500949,7801
500962,6606
500968,0
500975,11820
500977,0
500983,4433
500984,5231
501007,7430
501020,0
501042,2656
501044,8366
501059,5748
501083,0
501085,4754
501094,4207
501100,8248
501113,4054
501114,4503
501125,0
501136,0
501137,12470
501154,5496
501160,6603
501165,4941
501185,5834
501195,0
501203,6308
501204,13924
501216,12304
501223,6795
501226,7424
501254,6785
501262,6756
501278,7368
501280,7685
501284,4504
501288,3895
501297,4702
501301,0
501303,4869
501309,12469
501312,4110
501316,9041
501346,6390
501359,6066
501360,5521
501362,5808
501366,0
501383,1940
501390,7104
501391,9246
501406,0
501409,7538
501410,6524
501426,6037
501470,7539
501482,5269
501492,4420
501502,7415
501503,3977
501521,7593
501526,8407
501547,11315
501561,7782
501565,8425
501587,7061
501590,4429
501611,7273
501613,8183
501628,5059
501666,6624
501670,4138
501690,3928
501705,0
501719,5350
501722,2041
501739,6991
501745,3864
501752,7712
501753,4315
501757,4374
501766,0
501778,3653
501785,6013
501791,5199
501792,7245
501799,0
501809,7501
501833,4586
501839,7688
501842,17899
501846,7298
501862,7068
501872,7000
501898,8960
501905,2934
501916,7237
501932,10458
501934,0
501947,4579
501949,5256
501970,3712
501990,7475
502034,8582
502049,8494
502066,8256
502073,5868
502074,7017
502093,8058
502097,12616
502123,5585
502138,10512
502152,8353
502169,3169
502184,8082
502195,0
502203,6955
502209,0
502252,7079
502273,4793
502277,13456
502310,0
502324,0
502325,3049
502339,8726
502345,4648
502360,0
502365,5724
502370,5410
502377,4944
502411,4809
502415,8807
502446,8537
502447,2879
502457,10856
502458,5697
502476,4805
502489,3615
502497,4643
502500,2999
502508,3029
502517,4996
502528,5769
502542,4538
502588,6630
502596,6342
502603,0
502614,8319
502620,5699
502639,0
502642,8344
502643,7860
502646,8709
502649,5600
502652,9992
502660,14455
502664,6835
502671,6265
502673,6222
502681,5063
502683,3847
502687,6338
502691,3599
502709,8495
502723,0
502742,6390
502746,7425
502748,8827
502753,2988
502758,9681
502772,15902
502786,8080
502788,6100
502789,6143
502797,3849
502805,0
502813,6043
502823,10710
502826,10046
502837,9534
502853,0
502855,6102
502868,0
502870,7482
502891,6450
502892,11885
502903,0
502908,8359
502910,9906
502912,6078
502914,0
502918,0
502919,0
502930,8715
502937,9127
502942,6320
502957,4767
502964,11362
502973,10963
502976,7366
502978,4100
502985,8197
502992,6058
503007,9573
503017,4017
503030,12286
503033,5220
503073,4213
503087,0
503092,3887
503095,5846
503127,3643
503128,7819
503171,9024
503174,13060
503176,5537
503187,7046
503228,11883
503235,6481
503262,5724
503263,4881
503272,0
503275,5986
503283,6624
503300,4970
503316,5045
503321,5197
503328,7941
503330,4485
503338,9981
503345,9336
503346,7149
503361,4929
503384,3711
503388,6562
503398,3987
503401,5606
503419,0
503445,8697
503452,3972
503467,9825
503479,9238
503489,4610
503505,5603
503518,14105
503532,3778
503540,7246
503558,13413
503570,8620
503578,9040
503610,6846
503611,6076
503612,6269
503637,7703
503639,10506
503650,4779
503657,0
503658,7056
503662,5363
503673,13995
503677,0
503682,4296
503692,6789
503700,9420
503712,6500
503726,0
503737,4633
503739,5411
503754,7308
503789,9745
503796,5212
503798,0
503827,5616
503842,5131
503857,0
503865,7792
503867,0
503869,0
503886,5893
503890,6678
503926,3424
503930,7335
503940,3273
503959,3007
503970,0
503990,3662
503995,8341
504008,7049
504020,5546
504025,8163
504026,0
504032,5809
504039,7470
504045,7139
504056,2910
504080,1359
504097,4041
504108,8643
504114,0
504116,7139
504121,6719
504137,6851
504138,0
504148,5571
504156,0
504164,4408
504168,12503
504177,5281
504208,0
504210,0
504215,5802
504216,10570
504219,6053
504235,6104
504243,16079
504244,7438
504249,10072
504251,5905
504258,8740
504266,4788
504270,0
504278,4908
504283,5592
504288,8473
504289,6005
504298,7612
504299,6926
504300,0
504303,0
504311,0
504348,11773
504352,6255
504354,3957
504360,4711
504363,3425
504384,6748
504386,0
504392,4428
504400,5002
504403,5140
504404,5225
504432,5430
504450,5315
504451,7584
504457,4585
504465,6852
504476,0
504481,4761
504507,6961
504516,5795
504526,5272
504527,6503
504532,4085
504545,5416
504552,6974
504585,0
504586,8104
504588,7690
504597,7186
504600,5949
504605,4320
504615,7229
504634,20373
504653,5020
504661,6176
504663,3118
504665,0
504667,7444
504674,0
504678,6188
504682,8220
504708,9034
504710,3886
504712,6835
504722,0
504724,11347
504729,5883
504740,2690
504751,5113
504761,0
504765,2504
504770,0
504772,6209
504788,7329
504789,6533
504803,8114
504817,4602
504825,0
504831,3983
504841,8828
504844,2807
504847,4881
504851,0
504864,6012
504865,0
504869,10715
504880,0
504891,7391
504903,4068
504918,7879
504927,7689
504959,6129
504990,7612
504993,5308
504996,4389
505013,0
505023,5320
505043,7086
505056,8155
505066,6710
505067,3474
505086,4769
505087,3347
505093,2665
505102,0
505108,5949
505115,8088
505155,7039
505165,0
505178,7727
505182,5038
505200,6129
505214,5940
505216,4356
505233,4892
505236,6245
505244,0
505246,4678
505249,6051
505254,7882
505282,10518
505285,2273
505341,14248
505346,3824
505348,10290
505351,6740
505358,0
505369,12749
505375,1969
505389,6324
505393,4932
505394,3333
505407,8341
505414,6448
505442,3065
505464,7721
505479,0
505482,7464
505485,6441
505508,0
505518,0
505562,3180
505567,0
505587,3152
505609,9904
505628,3768
505658,0
505670,0
505676,4940
505678,6860
505682,5451
505692,3660
505725,4715
505770,10335
505782,4668
505798,5731
505805,0
505806,7359
505807,0
505819,8166
505823,12351
505848,7286
505849,6680
505850,4655
505852,7317
505861,5733
505871,10464
505881,6370
505886,7205
505888,4820
505894,9353
505907,3535
505912,2645
505933,3520
505939,0
505945,6279
505947,17971
505951,5998
505966,6932
505971,0
505976,6437
505980,9447
505986,7079
506000,4839
506004,6205
506010,0
506032,4778
506039,8431
506053,4346
506081,2870
506102,5264
506117,5419
506118,0
506130,4256
506138,4576
506152,4478
506158,0
506165,12932
506188,0
506194,8733
506205,6547
506232,6841
506240,6692
506241,7242
506279,5900
506286,2138
506309,4685
506330,9415
506333,3568
506334,6991
506339,0
506344,6364
506346,4440
506351,11604
506371,0
506389,4911
506398,7637
506412,6515
506416,2642
506426,6681
506431,9243
506436,7158
506439,0
506441,5490
506449,7412
506457,7149
506462,10691
506497,7389
506502,8455
506509,4580
506513,10520
506530,10410
506541,7173
506543,5073
506544,0
506553,10019
506557,9477
506561,0
506564,5493
506576,7807
506587,6509
506589,5841
506593,6211
506600,3133
506622,8044
506636,4146
506637,4423
506639,4945
506640,7119
506643,0
506651,6928
506662,6688
506681,4151
506695,7159
506707,5288
506716,3533
506726,5053
506745,9586
506746,8198
506751,7175
506753,2344
506761,11345
506766,3068
506795,4441
506798,0
506805,8206
506813,7144
506814,3895
506828,4121
506830,0
506839,5973
506857,8843
506869,8908
506873,2981
506898,0
506900,5385
506911,7180
506914,7177
506935,4780
506946,6328
506960,6300
506968,9421
506970,6260
506986,4192
506995,8427
506997,5595
507006,16056
507007,9327
507041,3291
507061,16179
507063,9527
507064,5667
507067,7152
507075,0
507076,6639
507088,4563
507105,5646
507108,3848
507112,2682
507113,4204
507123,4699
507148,4568
507152,9417
507153,7709
507162,5936
507175,0
507183,7527
507193,11157
507201,0
507205,10039
507212,4129
507213,4950
507217,6124
507219,7855
507227,6419
507230,7348
507245,5998
507261,10974
507266,7433
507275,4739
507289,5631
507296,7723
507319,0
507329,7080
507334,0
507343,5744
507346,10532
507350,0
507355,5062
507362,3860
507378,0
507388,0
507389,4151
507393,0
507396,6150
507403,8169
507405,4390
507412,8220
507427,11024
507482,7716
507492,3641
507502,9507
507510,6056
507528,0
507538,5470
507544,5775
507556,0
507558,0
507571,4417
507600,10634
507608,5181
507609,0
507617,8845
507618,4386
507657,8438
507662,6747
507747,9820
507756,7031
507770,0
507771,6836
507778,8174
507785,3750
507786,4966
507806,7482
507825,0
507848,6347
507851,5591
507852,4807
507865,7508
507869,6236
507880,0
507894,10645
507907,4990
507912,8952
507920,4686
507928,5634
507930,0
507931,5751
507935,5966
507938,9637
507939,6869
507945,0
507962,7585
507977,4816
507996,7371
508018,4067
508041,5245
508077,0
508090,6958
508096,5428
508101,5273
508117,0
508126,8088
508129,8407
508136,0
508153,8106
508164,4105
508178,11954
508196,0
508200,8489
508206,6352
508229,5439
508239,5610
508243,0
508253,0
508260,4053
508262,6159
508265,6166
508289,0
508291,5777
508327,0
508351,5546
508360,6014
508364,8455
508383,4794
508398,7461
508442,7662
508449,0
508450,11156
508453,0
508462,4874
508476,12582
508484,0
508486,5819
508507,4294
508513,4120
508515,3739
508523,6256
508524,5125
508564,7267
508584,5885
508590,9250
508591,4986
508606,3159
508611,5828
508628,0
508631,4400
508636,0
508638,6044
508644,4817
508645,6867
508657,6817
508668,6341
508669,4806
508694,10285
508695,16137
508697,7560
508724,8749
508746,10201
508756,5703
508774,8852
508775,0
508796,18559
508806,4090
508826,0
508830,4853
508840,5515
508847,0
508851,0
508856,0
508875,5742
508882,5044
508897,6245
508900,5625
508901,4501
508906,13336
508910,5651
508919,8829
508920,4843
508930,6590
508931,10228
508936,0
508965,4379
508966,4488
508969,7489
508972,8822
508973,7489
508987,5093
508988,7551
508992,6516
509010,6559
509064,0
509076,7984
509081,6498
509098,4687
509099,0
509107,2429
509122,8095
509132,0
509147,3534
509159,5332
509162,8202
509168,0
509170,6977
509175,8989
509176,0
509195,10277
509202,7650
509217,5145
509220,6225
509224,6398
509227,3246
509234,9075
509258,10783
509263,3551
509264,6228
509265,0
509267,7278
509273,7283
509276,6399
509286,4717
509294,8457
509301,5331
509317,6637
509342,4390
509352,11098
509362,7702
509374,9042
509386,4792
509405,3840
509418,4339
509428,5091
509434,0
509437,6945
509447,6762
509449,6531
509453,7219
509459,0
509463,5173
509476,12229
509478,0
509482,6968
509499,5140
509533,0
509540,3187
509548,6803
509556,0
509565,10981
509573,4324
509582,6618
509584,7571
509587,9706
509588,6518
509609,4082
509610,8667
509624,0
509645,9688
509660,6751
509667,4998
509675,0
509681,4491
509701,5603
509723,6451
509726,8470
509729,7436
509760,7080
509768,11022
509777,7894
509781,6154
509787,5421
509802,7312
509805,4906
509818,8770
509820,5841
509825,3821
509826,0
509848,7695
509855,4276
509859,6120
509860,7509
509864,0
509870,3910
509873,9884
509895,8638
509910,6993
509921,4668
509927,4668
509947,7563
509952,4539
509965,7866
509973,9013
510011,15295
510014,13982
510018,9365
510023,8869
510034,6497
510045,4351
510066,10644
510093,7391
510103,4698
510104,7492
510105,5698
510109,9460
510130,6983
510133,5003
510137,6729
510140,5810
510143,8953
510146,5584
510150,3039
510159,6632
510163,13998
510188,6806
510193,0
510197,11299
510201,7420
510227,3996
510236,11377
510241,9293
510253,10011
510257,0
510283,7940
510289,6472
510290,3528
510294,4225
510298,0
510331,4193
510333,9561
510335,6630
510341,7649
510346,4946
510353,13611
510354,0
510360,4785
510365,3974
510369,6344
510375,4874
510379,4685
510387,2864
510393,9933
510454,9054
510457,5184
510462,5483
510465,9595
510466,6420
510470,9556
510475,4025
510481,0
510513,4516
510515,6813
510519,4672
510528,0
510537,5869
510542,6873
510547,3935
510549,3664
510598,16650
510615,9388
510632,5528
510633,3657
510669,7848
510683,0
510687,4154
510711,0
510718,8598
510719,4730
510726,8536
510732,6748
510746,4976
510765,1820
510769,10417
510773,4896
510776,0
510778,0
510794,0
510813,24983
510817,7520
510818,6755
510830,0
510854,3734
510874,0
510882,3243
510884,6275
510885,10679
510886,5328
510898,5976
510909,0
510940,0
510941,0
510946,4395
510947,5286
510950,5128
510958,4936
510959,5881
510961,9881
510989,0
510992,7680
510994,13513
510997,6928
511026,4140
511047,12261
511049,6656
511061,9935
511062,6121
511069,6686
511076,9271
511085,2484
511110,0
511113,4658
511133,0
511136,5674
511150,7203
511152,11263
511154,4337
511155,5881
511159,0
511164,5760
511168,0
511169,10672
511174,6651
511184,7656
511215,0
511217,14252
511218,0
511220,5323
511226,10444
511235,1991
511254,3014
511266,4547
511284,22907
511287,4332
511292,6986
511306,0
511315,9124
511319,4573
511321,4336
511322,9454
511327,0
511328,2090
511329,8073
511338,5913
511362,7736
511369,8375
511383,5144
511387,12037
511406,0
511409,9792
511422,6832
511446,6635
511450,0
511475,7724
511476,9882
511511,5139
511535,5071
511565,0
511580,5378
511581,3292
511583,5681
511585,4564
511586,11173
511588,5817
511593,4761
511596,0
511609,6714
511613,8559
511626,5092
511630,0
511634,7421
511640,8322
511657,6669
511676,7714
511679,9412
511702,2766
511789,5241
511793,8530
511798,7646
511822,4949
511838,6505
511842,0
511845,8041
511862,0
511863,6682
511874,9175
511883,6480
511884,6959
511894,4937
511896,4208
511903,3991
511911,4357
511916,7278
511921,6100
511922,0
511924,6269
511935,4501
511951,6674
511952,8043
511954,4078
511955,6665
511960,12034
511961,4478
511969,5280
511972,7759
511974,6649
511983,4681
512005,5852
512015,7783
512020,0
512027,0
512028,7299
512031,3617
512033,6048
512037,0
512053,6491
512067,9942
512081,11831
512111,3696
512125,12074
512128,4629
512140,3698
512151,4895
512154,7736
512159,10724
512160,9149
512167,5943
512183,10522
512188,6479
512195,3678
512205,8816
512232,5254
512237,6136
512238,3862
512243,9858
512252,7841
512265,10030
512269,11413
512270,0
512297,7198
512319,5144
512350,7070
512358,7841
512361,6950
512384,6748
512385,3640
512403,7583
512406,10507
512432,7346
512446,5960
512454,5182
512455,0
512461,4905
512463,7056
512483,6206
512496,1952
512513,5648
512521,8517
512522,11935
512534,0
512556,5244
512560,4800
512561,5922
512573,6216
512587,4763
512612,11916
512622,9852
512629,0
512644,9966
512669,0
512693,3720
512700,10457
512702,8881
512706,14990
512715,0
512716,6786
512722,5339
512727,5117
512737,7309
512740,5794
512746,7225
512748,0
512757,9672
512776,6678
512777,0
512784,6178
512786,5925
512799,10394
512802,10332
512814,0
512818,0
512819,3430
512828,6558
512837,7159
512856,4807
512876,4913
512883,8793
512894,3227
512896,4959
512918,4074
512931,4129
512933,7193
512939,3814
512949,4775
512951,5623
512964,7683
512982,5187
512984,5764
513039,5092
513052,17154
513061,11359
513072,9739
513083,6848
513085,13109
513088,7420
513098,6198
513100,6327
513117,8170
513123,6962
513156,6740
513161,9367
513162,6876
513172,2931
513200,4976
513202,8606
513214,8227
513221,4482
513245,11474
513255,10165
513266,9062
513270,7461
513274,8182
513294,6013
513313,6412
513314,7169
513323,6040
513339,4596
513348,5144
513375,8797
513386,7993
513393,2875
513410,3936
513414,0
513415,7139
513421,10750
513436,3517
513446,9281
513457,16667
513458,4852
513469,7253
513492,5696
513493,5557
513506,0
513507,19884
513513,2964
513525,8148
513537,16303
513543,7680
513545,6243
513548,6729
513560,4176
513567,7610
513579,9363
513582,9904
513598,7157
513629,2990
513631,12725
513636,7465
513662,7392
513666,12203
513670,6337
513674,6763
513678,7188
513689,4985
513691,0
513694,9499
513705,6538
513713,8403
513722,5414
513726,0
513740,9597
513742,0
513766,7759
513797,0
513800,5241
513803,4957
513804,7172
513805,0
513809,18412
513820,0
513832,9124
513840,5876
513855,12085
513858,8662
513861,9639
513904,4991
513905,10105
513906,6997
513911,10835
513920,9043
513925,6494
513939,7718
513940,0
513956,7832
513964,7667
513968,6381
513975,7569
513979,6394
513985,6207
514012,6184
514014,6786
514017,0
514022,7806
514028,9646
514029,5834
514034,10036
514043,8078
514044,4762
514052,4069
514074,3774
514089,7540
514090,3400
514093,7569
514105,5298
514113,4653
514122,5999
514130,4620
514135,0
514140,6428
514151,0
514163,4283
514198,6229
514205,6380
514208,3882
514217,5520
514226,6616
514228,7170
514232,12840
514233,8004
514238,4405
514239,5682
514242,7405
514245,5758
514250,0
514258,0
514265,6475
514269,5928
514278,8006
514283,4596
514300,6358
514326,4060
514328,5270
514356,7901
514367,4896
514369,0
514378,9927
514384,6387
514389,4984
514396,3656
514404,4841
514412,7348
514414,10590
514427,0
514433,5615
514437,0
514445,11779
514458,9699
514467,6111
514508,7019
514514,0
514516,3119
514517,3095
514523,9657
514533,5080
514537,2990
514558,6512
514576,0
514580,0
514586,7543
514595,7143
514610,3779
514642,3445
514654,9166
514664,6946
514686,7730
514692,5844
514714,6713
514718,5860
514728,7235
514736,4095
514742,9290
514747,0
514752,5698
514758,4701
514760,3499
514765,0
514785,5827
514805,11350
514809,9492
514840,9123
514852,6235
514863,0
514864,0
514900,10985
514904,2942
514920,6152
514940,9756
514949,7799
514955,5521
514961,9371
514992,12038
514994,4775
515001,0
515018,7882
515033,0
515035,10345
515036,6394
515068,8718
515101,8799
515102,0
515110,4712
515122,7746
515131,4852
515133,6096
515137,8243
515154,3711
515173,7172
515183,0
515191,5418
515198,7129
515200,5512
515208,8859
515212,9083
515213,6002
515215,4963
515221,7148
515227,5606
515228,3681
515235,8020
515239,3600
515251,0
515254,0
515264,6744
515276,4731
515279,6012
515285,9178
515292,8398
515295,5554
515318,4475
515328,6515
515329,3209
515336,5795
515349,5612
515351,13664
515354,6876
515357,4751
515361,0
515366,7909
515373,0
515374,6147
515377,0
515394,5897
515415,6187
515444,6628
515468,4027
515472,3108
515490,0
515519,4121
515531,7305
515550,0
515568,5798
515570,8879
515571,5492
515574,5676
515576,5471
515586,5877
515588,5911
515593,0
515614,3883
515620,8112
515624,0
515629,7662
515635,3575
515638,5016
515647,4333
515649,9888
515658,0
515664,0
515669,5080
515680,7174
515704,0
515705,0
515730,5048
515733,0
515742,7936
515757,5991
515775,8530
515789,5591
515811,11101
515822,0
515855,0
515870,5677
515877,0
515889,8689
515895,2998
515898,8225
515899,17715
515917,4726
515930,6499
515940,3845
515956,6024
515978,6674
515982,12605
515985,7456
515996,7543
516013,2620
516014,7711
516016,8059
516017,0
516026,7695
516043,0
516057,5872
516059,6779
516069,0
516089,2598
516092,0
516094,6341
516095,9430
516098,0
516115,0
516131,9872
516150,0
516158,12119
516171,0
516176,0
516194,12438
516199,11124
516211,5002
516234,0
516245,5051
516253,7935
516267,6248
516276,7488
516278,4578
516289,11278
516301,5580
516319,5105
516349,0
516350,3480
516357,7454
516362,5267
516365,4240
516368,9422
516380,0
516381,4974
516391,6902
516401,4837
516402,9896
516412,14853
516415,3916
516432,0
516438,4432
516444,5973
516449,8416
516450,7120
516456,9396
516458,11094
516464,5411
516465,5527
516519,3437
516520,11839
516522,6666
516527,5223
516548,0
516558,5462
516566,9402
516568,3599
516585,9028
516587,3393
516589,5348
516596,6022
516601,8557
516605,11388
516607,10941
516611,0
516625,9377
516626,5047
516638,0
516648,0
516653,4361
516657,4946
516666,7245
516680,0
516694,0
516700,6613
516709,10827
516719,7163
516721,5867
516725,10297
516740,6049
516756,3632
516763,5711
516770,3207
516788,18094
516793,4314
516797,5676
516800,5523
516807,9641
516813,11065
516818,0
516826,4616
516832,7376
516842,4649
516866,8858
516877,4936
516880,0
516881,5148
516894,4805
516897,6438
516903,0
516921,2484
516938,0
516955,4513
516957,6488
516968,5933
516999,6411
517001,14937
517011,8517
517032,9205
517033,4245
517037,6268
517039,5976
517040,7483
517055,0
517069,9806
517071,11504
517078,6003
517087,7369
517089,11240
517092,5482
517113,13433
517121,0
517124,6371
517136,3947
517144,0
517152,12337
517155,10958
517169,5596
517172,3217
517181,6107
517190,10391
517191,6762
517203,4303
517205,7345
517208,5156
517214,0
517218,5432
517246,13345
517250,6899
517254,4105
517257,5020
517261,8255
517274,7995
517286,10993
517306,0
517310,12921
517323,3468
517324,6284
517329,4261
517332,4836
517337,5249
517340,0
517343,7240
517345,8759
517354,2574
517364,3783
517374,7972
517376,4168
517383,0
517409,4229
517417,16668
517419,5590
517423,6625
517444,0
517454,7284
517491,8524
517492,4346
517502,0
517512,0
517514,0
517521,0
517523,10572
517530,5584
517543,22885
517570,0
517576,5822
517589,0
517596,6690
517604,11994
517607,8861
517608,10390
517609,9132
517625,8162
517630,8221
517638,0
517655,10466
517658,10848
517670,6966
517696,6333
517697,5905
517700,10951
517702,5477
517721,10671
517728,3659
517735,4382
517749,8012
517780,10351
517787,3632
517807,4042
517820,4909
517823,7256
517829,5115
517834,6502
517854,11766
517860,7590
517875,6758
517891,6748
517917,7787
517927,10781
517934,8859
517937,8949
517956,9890
517978,0
517981,9571
518002,3385
518005,3855
518025,12927
518038,6883
518050,6257
518060,0
518061,4674
518079,17690
518084,0
518089,0
518092,4926
518101,5423
518108,5670
518109,19324
518115,3475
518129,6877
518159,7254
518167,7740
518178,5595
518187,2483
518189,5355
518190,3626
518192,6482
518201,0
518220,5004
518225,4379
518226,7662
518229,5929
518245,9759
518246,6575
518267,7251
518299,6441
518309,6750
518332,0
518373,6812
518386,6162
518391,12249
518398,9189
518416,7317
518423,10422
518426,7125
518460,0
518463,3625
518467,2173
518493,5875
518523,3827
518524,7516
518528,9657
518533,7877
518537,5475
518545,0
518550,1941
518557,10596
518570,2977
518571,9687
518602,0
518621,0
518626,0
518648,8424
518650,0
518667,0
518674,6871
518691,9669
518696,6941
518697,8403
518720,12157
518722,6302
518727,0
518738,6032
518739,3168
518747,5634
518767,4111
518794,0
518807,6303
518822,0
518827,13343
518839,0
518853,0
518883,4766
518895,6478
518916,7444
518925,6659
518940,5948
518953,5797
518955,9603
518965,4757
518969,5159
518972,3612
518981,5556
518992,1086
519005,0
519012,4823
519026,5343
519037,4725
519038,5771
519041,2192
519043,2524
519086,4899
519096,2640
519111,10138
519126,6691
519128,6754
519131,7825
519133,7572
519145,4054
519148,0
519167,5159
519170,5902
519188,7693
519193,5588
519197,7407
519201,5263
519211,4879
519214,5872
519238,0
519252,2401
519258,7556
519260,7532
519288,5814
519291,6714
519299,5771
519301,6050
519311,7016
519323,2908
519339,0
519342,9182
519344,6725
519354,2925
519377,7848
519387,7666
519396,0
519405,15720
519408,7241
519447,0
519452,3585
519457,11371
519491,22559
519496,5309
519502,0
519512,13054
519516,5684
519523,9376
519527,10677
519532,5725
519536,3986
519540,5109
519541,9122
519542,5028
519547,5617
519563,4315
519570,7807
519574,5077
519587,9051
519596,4859
519603,7050
519608,0
519612,7994
519613,0
519619,0
519623,5223
519637,3827
519658,9397
519677,7461
519687,15119
519697,8101
519722,6363
519732,8272
519747,10111
519751,5917
519764,10833
519766,0
519774,0
519777,5003
519789,9627
519800,7016
519846,7597
519858,5209
519864,7373
519867,4078
519882,5848
519887,4460
519897,7063
519912,4975
519914,7239
519922,0
519924,7611
519927,5806
519934,6988
519937,6183
519939,8949
519945,10468
519963,8592
519967,0
519968,5419
519982,0
519990,0
519995,7701
519996,9477
520001,5682
520018,0
520020,7263
520025,6487
520053,4035
520065,0
520082,7833
520084,0
520086,5739
520090,13426
520091,6733
520114,5612
520130,8319
520135,11471
520151,6359
520152,0
520153,6724
520156,0
520160,0
520163,3606
520176,3217
520179,6199
520183,7028
520194,6620
520206,4920
520209,9905
520238,2996
520241,5288
520244,4489
520255,11608
520256,7495
520257,12147
520262,10520
520263,8729
520283,0
520291,5219
520293,7187
520295,11704
520296,5129
520325,4311
520327,4854
520343,4694
520356,0
520437,7925
520444,3473
520450,4578
520463,2485
520470,7731
520474,9356
520477,8239
520484,0
520486,9436
520496,5706
520502,7946
520566,8233
520587,6511
520592,4807
520595,13769
520603,9940
520609,7635
520620,12913
520630,5752
520634,0
520635,6915
520637,3087
520652,0
520659,4759
520661,5394
520673,8171
520680,8626
520698,0
520707,10621
520741,4164
520748,4702
520763,4982
520766,0
520771,5580
520780,5231
520791,2109
520817,10332
520823,0
520824,18579
520831,9973
520858,3689
520865,2537
520892,5432
520910,7380
520921,3188
520925,10503
520934,9104
520936,5919
520937,0
520954,3519
520963,4611
520973,10296
520995,5575
521003,5961
521009,7019
521010,6953
521011,15428
521015,5322
521045,6599
521049,9057
521051,6510
521058,4296
521077,3771
521079,5912
521082,7205
521096,0
521101,0
521116,5385
521133,0
521151,3463
521152,2520
521153,6964
521178,0
521180,2938
521187,10945
521200,17881
521205,0
521210,0
521233,5541
521243,5920
521253,7447
521269,6810
521270,11734
521287,5856
521299,0
521302,6511
521306,0
521318,6049
521323,5417
521324,5397
521339,3593
521342,6718
521356,6770
521363,10244
521367,9165
521371,9039
521377,7977
521393,7279
521418,7202
521439,0
521444,7449
521455,0
521461,6345
521481,6181
521482,11927
521485,4166
521493,3357
521508,7469
521517,8200
521518,4769
521523,7367
521539,5648
521548,7520
521563,5685
521564,9001
521565,10457
521585,0
521598,0
521602,5648
521608,7753
521621,7160
521634,9435
521642,0
521647,3189
521649,6047
521663,5126
521667,3896
521673,6096
521679,9095
521704,5088
521722,9645
521726,0
521728,3093
521729,5650
521745,4687
521750,7105
521753,6280
521759,5640
521781,10337
521804,0
521805,6973
521808,11140
521810,6684
521816,13115
521826,0
521850,7282
521869,3353
521870,6106
521872,4745
521876,7385
521892,10467
521900,7599
521902,7676
521907,0
521927,5703
521944,5712
521946,3588
521953,4923
521961,0
521973,13996
521974,6256
521977,0
521990,3659
522000,5499
522009,8213
522011,10020
522016,9589
522097,3925
522099,3295
522106,9518
522110,10615
522135,4345
522141,0
522159,8873
522172,12122
522195,7778
522224,6831
522231,0
522243,4008
522263,6409
522264,0
522293,8022
522297,8519
522308,9388
522315,9657
522320,8233
522327,0
522332,5875
522338,8928
522340,2632
522342,10622
522348,0
522354,5735
522370,14626
522404,4655
522409,7395
522413,0
522415,4162
522430,7070
522433,12100
522472,0
522473,6474
522481,6589
522486,7494
522494,9015
522498,4340
522520,7345
522524,4572
522528,7329
522531,0
522582,5708
522584,3763
522601,6546
522613,8183
522618,21467
522619,5568
522623,5347
522645,4918
522649,0
522654,8631
522655,6889
522661,0
522668,0
522683,13698
522684,15451
522694,8396
522698,8396
522707,7463
522713,13032
522726,6415
522728,7055
522729,10867
522753,4486
522764,6025
522787,8149
522802,8670
522803,19175
522804,0
522805,4408
522818,8091
522830,8304
522837,4710
522857,6006
522866,7110
522874,4224
522877,5294
522885,5757
522894,8774
522899,8055
522909,8898
522938,4305
522948,0
522950,0
522951,8910
522954,6643
522979,4228
522981,7676
522986,0
522990,0
523018,4840
523032,0
523035,10954
523063,0
523080,6235
523087,6204
523097,10605
523104,8005
523106,5377
523124,0
523126,0
523128,9355
523136,3297
523156,4685
523160,5054
523188,14313
523195,6363
523203,6926
523211,9005
523217,3551
523227,7061
523230,0
523233,6107
523244,10049
523251,6538
523258,0
523270,0
523271,6760
523282,4808
523300,0
523301,9535
523326,6592
523356,7660
523368,6881
523382,11424
523401,0
523404,5487
523410,5054
523413,7639
523421,7628
523428,9790
523433,5365
523435,0
523447,6167
523449,6851
523450,0
523451,7709
523469,0
523481,7692
523504,0
523515,14530
523522,5114
523531,9503
523534,8106
523539,5537
523540,5055
523554,6633
523562,9961
523563,7371
523565,4104
523568,4548
523572,10100
523585,5880
523602,0
523604,5204
523617,12242
523622,7396
523624,6460
523630,3284
523631,9641
523640,7668
523641,6505
523642,8577
523646,0
523647,0
523668,6764
523669,6535
523678,0
523679,7997
523694,7065
523703,6135
523709,7713
523720,0
523726,0
523733,5456
523741,5956
523743,8881
523750,9908
523751,2815
523756,7651
523765,3759
523793,6890
523800,10324
523803,8069
523809,4835
523811,6370
523845,4749
523847,3605
523849,7787
523872,6303
523879,9234
523886,8476
523896,7596
523913,8741
523926,8734
523942,6585
523960,0
523961,0
523967,9061
523968,5179
523980,4233
523992,14783
523998,4495
524006,6177
524058,5708
524072,6085
524078,5333
524082,4958
524083,0
524084,4592
524109,4822
524111,11049
524127,0
524130,0
524131,4461
524165,14520
524202,5018
524220,5662
524237,5628
524245,3539
524255,4225
524258,0
524269,0
524280,7042
524284,0
524285,4888
524287,5105
524299,4289
524304,4671
524310,7764
524317,0
524323,5605
524327,5576
524355,6764
524365,10298
524382,3961
524403,8247
524404,6196
524415,5519
524421,0
524429,4607
524430,3057
524439,4478
524455,6504
524473,5095
524475,6951
524482,6795
524484,5298
524486,4681
524497,3812
524498,4918
524502,7942
524511,7849
524526,5508
524529,5032
524553,4361
524571,6953
524575,3986
524591,4325
524599,5828
524604,4377
524615,6285
524616,4441
524627,3719
524630,8179
524639,7283
524641,4351
524654,6108
524660,0
524681,0
524725,5172
524730,6402
524736,6865
524745,6366
524756,9269
524757,9386
524788,7794
524792,5964
524815,7062
524832,11193
524833,5525
524843,6498
524848,8220
524867,5087
524883,5258
524895,2655
524921,0
524930,5210
524935,8447
524955,10734
524978,0
524988,6001
524997,6767
525003,10564
525009,6923
525044,6879
525050,0
525059,5967
525069,0
525072,7828
525076,7658
525085,7081
525087,5257
525099,7028
525107,7989
525112,6316
525116,4746
525143,3604
525146,12674
525167,4496
525191,9291
525223,4815
525235,14923
525244,6318
525250,0
525258,5140
525276,3559
525290,9418
525294,0
525295,15732
525297,9759
525329,9443
525333,0
525353,6755
525377,2671
525386,8478
525390,9462
525391,7042
525403,8321
525413,6181
525416,8523
525422,11911
525429,5247
525443,7482
525447,6352
525469,3418
525497,6279
525502,5802
525506,4402
525532,6771
525552,5775
525565,6416
525568,7438
525585,5314
525611,5715
525614,8598
525621,7543
525636,7424
525651,6537
525657,13422
525666,5637
525699,4345
525707,0
525712,0
525713,4950
525722,0
525730,0
525732,10794
525760,7016
525763,0
525767,7645
525785,6718
525790,4609
525793,10356
525798,9559
525807,6072
525812,6028
525841,8010
525842,4543
525845,6437
525858,5540
525862,0
525863,7043
525865,6998
525874,3673
525876,0
525884,5670
525894,6215
525929,4358
525942,0
525946,5228
525961,0
525972,7153
525994,2607
525997,5063
526003,4398
526010,9197
526028,6042
526032,9225
526054,6033
526059,5224
526063,6210
526070,10455
526084,5035
526093,2708
526094,5936
526095,7704
526102,4703
526126,8136
526128,6469
526140,8531
526144,7875
526147,10754
526154,10490
526161,5486
526172,5939
526198,0
526209,14731
526229,11711
526232,4622
526234,7928
526270,7175
526273,0
526285,0
526297,0
526320,5441
526327,4443
526334,6258
526336,0
526344,3866
526355,6127
526357,8454
526369,7340
526371,0
526386,7326
526402,4405
526409,8946
526414,6864
526418,4893
526421,2631
526422,8551
526424,3966
526438,6807
526447,6054
526462,5676
526469,3955
526475,4106
526515,5292
526537,0
526564,5878
526577,0
526586,0
526589,5190
526594,6295
526604,2172
526619,7302
526620,8261
526621,6310
526623,7080
526627,0
526630,19623
526637,8161
526648,5421
526650,14861
526654,9965
526675,7565
526682,6017
526742,7833
526751,7415
526756,7073
526764,6662
526790,8716
526800,0
526806,7616
526823,0
526833,0
526849,6499
526851,4207
526861,8342
526864,8988
526873,5539
526885,5161
526886,4316
526897,5836
526908,0
526921,4976
526932,5180
526933,7631
526966,5097
526968,4220
526975,2313
526985,11150
526986,3810
527001,7249
527002,5368
527009,11915
527017,8039
527032,3468
527043,4014
527044,0
527048,3600
527072,0
527083,7157
527097,4643
527121,10068
527122,3769
527151,4209
527162,3609
527172,3889
527181,12404
527188,5254
527189,3921
527217,0
527239,5441
527240,0
527250,8080
527252,6677
527267,11625
527274,2625
527282,7835
527284,0
527290,0
527324,0
527325,7536
527339,4030
527343,8052
527388,4983
527404,0
527417,7474
527421,4813
527424,8646
527445,0
527447,6609
527465,6499
527482,5454
527485,6303
527486,0
527498,6099
527503,0
527504,14638
527507,0
527513,7504
527523,3501
527525,8381
527527,0
527529,5644
527581,4164
527593,7955
527597,5246
527612,0
527629,7553
527651,0
527667,6419
527688,5694
527689,3208
527704,18892
527706,5249
527707,7050
527714,9348
527774,13083
527788,5235
527796,5457
527798,0
527799,9783
527800,16194
527833,4274
527834,0
527837,0
527841,6994
527850,3080
527867,2697
527885,0
527887,6633
527893,3789
527909,7143
527914,6790
527926,15306
527940,6650
527946,6682
527947,9456
527964,5157
527983,7633
527988,8454
527996,12936
527999,7856
528003,0
528015,6030
528024,0
528025,5152
528040,2710
528057,7107
528060,8003
528070,7960
528071,7616
528076,3450
528094,7310
528130,0
528150,3992
528153,6734
528157,0
528169,7006
528171,5988
528174,11087
528180,8250
528188,9075
528263,5033
528267,7129
528273,5734
528274,0
528293,6917
528303,4902
528316,5920
528326,4332
528327,7233
528328,0
528348,9556
528355,12557
528358,5909
528359,7195
528363,4839
528364,7627
528386,5920
528387,8287
528396,8365
528406,0
528409,6366
528416,3596
528427,0
528442,9495
528446,9361
528447,6186
528448,5688
528454,0
528465,11726
528477,5757
528492,6579
528495,5344
528530,5142
528534,3427
528544,7167
528546,0
528559,5894
528561,10006
528573,6145
528582,4817
528598,7361
528605,4782
528607,12015
528609,19740
528610,5926
528620,5610
528624,5914
528634,8087
528636,0
528640,8855
528691,0
528702,11056
528723,9319
528724,5229
528727,2678
528736,9374
528742,9391
528767,4518
528770,9283
528782,2166
528799,6656
528822,9005
528833,0
528839,6980
528840,4921
528856,3438
528865,5373
528883,3061
528886,10605
528909,3894
528926,21493
528932,0
528933,4135
528935,0
528949,4950
528951,14852
528952,11418
528953,6151
528957,0
528961,16654
528969,7093
528973,15306
528985,7953
528990,10310
529011,9654
529019,5650
529026,13363
529029,10310
529033,5220
529039,5518
529042,0
529051,10194
529056,3694
529064,13748
529072,7448
529074,0
529077,0
529079,5841
529091,7486
529093,7077
529102,6022
529117,14665
529118,5817
529126,4526
529136,0
529141,6602
529147,10653
529165,5400
529173,5135
529177,5201
529179,6497
529182,8018
529208,5619
529219,0
529238,2459
529239,11620
529243,0
529287,4732
529290,5494
529341,7318
529344,0
529351,0
529359,13002
529367,7147
529373,4092
529375,6311
529377,8922
529382,6426
529383,0
529400,9750
529404,2543
529409,0
529433,0
529442,6888
529473,13162
529477,3974
529517,5892
529527,0
529537,7158
529540,4817
529548,6266
529551,2846
529557,6258
529561,5085
529565,6610
529591,15815
529614,4686
529625,2627
529632,4554
529674,5607
529678,3166
529683,9211
529686,4304
529707,3963
529712,4622
529730,0
529731,6493
529732,5905
529747,5036
529753,10175
529757,5457
529763,10099
529776,5720
529785,7550
529792,5354
529818,15824
529871,6628
529882,4012
529915,5489
529923,5851
529927,6569
529942,10083
529944,6469
529951,7129
529989,5847
529998,3035
530004,8448
530020,8686
530022,0
530030,2564
530037,8781
530053,4966
530063,4807
530068,3537
530074,7048
530097,6260
530098,7740
530103,4390
530112,6852
530126,7393
530151,3435
530163,3981
530167,0
530205,7851
530206,9425
530213,5957
530223,5204
530247,9253
530250,5602
530268,7551
530275,13507
530294,5397
530298,9789
530300,6124
530301,0
530314,7229
530338,0
530357,7132
530358,0
530360,2594
530375,3846
530390,8592
530418,6153
530430,4671
530439,0
530441,8466
530459,7215
530470,7234
530472,6398
530489,4466
530490,10343
530491,9511
530498,5642
530539,15191
530551,7280
530554,9719
530573,0
530576,7304
530582,0
530588,5455
530604,6561
530608,7870
530625,0
530628,8758
530642,14504
530658,7480
530683,9941
530727,3708
530737,7150
530741,9260
530746,4898
530757,10460
530760,5215
530778,0
530806,9305
530827,10578
530850,4350
530868,6857
530893,9894
530895,6063
530898,6754
530901,6119
530917,3636
530924,11013
530932,8270
530944,8501
530971,9658
530995,5502
531006,7708
531012,0
531052,10195
531075,6364
531082,0
531085,7539
531099,6030
531103,4223
531109,7345
531120,8346
531130,11245
531132,5360
531135,6202
531157,4947
531182,4710
531195,5857
531209,7849
531231,7084
531251,8750
531259,5800
531296,2757
531299,12615
531304,9669
531306,2826
531311,8408
531336,3990
531341,0
531369,10389
531370,0
531372,4489
531379,10283
531384,5470
531400,0
531442,11740
531446,8385
531461,5076
531484,6892
531494,7216
531500,7829
531534,3648
531535,5483
531542,3088
531544,4074
531564,2977
531587,6144
531592,7667
531598,17406
531613,5170
531642,6420
531653,4849
531659,5914
531671,10423
531672,0
531678,7900
531701,0
531703,7035
531708,7254
531717,9947
531723,7841
531743,6318
531746,3719
531747,5048
531748,7131
531750,5680
531751,6565
531770,8541
531776,5806
531786,8293
531792,4452
531806,0
531812,7840
531823,0
531830,5523
531836,9866
531852,15388
531861,5513
531863,5281
531868,7176
531875,4823
531886,4892
531900,2202
531911,10221
531913,4720
531932,4573
531933,6996
531946,3038
531954,11456
531962,0
531969,7983
531981,9470
531991,9213
531998,7745
532003,0
532016,10652
532037,6020
532042,1494
532045,7700
532055,16016
532079,6197
532100,0
532108,6178
532121,0
532132,12316
532141,12207
532149,4158
532151,3875
532152,4077
532157,0
532171,0
532192,6902
532201,5328
532204,15727
532207,6563
532226,4311
532232,5193
532239,0
532243,5841
532249,4965
532269,7510
532273,5100
532289,5629
532297,3080
532299,5506
532308,0
532310,7727
532318,9297
532322,10905
532332,6836
532334,9814
532340,11781
532348,3623
532366,12012
532376,5059
532380,6297
532391,7628
532400,6940
532401,8992
532405,6845
532416,4473
532427,5212
532438,0
532446,5874
532450,3214
532466,8929
532480,10827
532488,6286
532493,6871
532501,0
532524,10345
532525,9071
532529,8743
532531,4236
532535,5832
532536,6778
532542,4781
532549,9011
532550,0
532589,4537
532591,7578
532594,4748
532602,5115
532604,4541
532605,0
532636,2490
532649,5723
532656,0
532665,9405
532686,8193
532688,0
532696,5438
532700,2871
532714,6308
532724,5763
532731,7469
532732,5741
532737,0
532738,6627
532750,9222
532751,12493
532759,5676
532764,6349
532765,8885
532766,4035
532778,14035
532825,11557
532831,0
532838,0
532839,7046
532859,6850
532874,6737
532881,4813
532890,7417
532892,6069
532896,0
532917,3909
532920,8682
532930,4201
532933,1750
532971,7082
532973,6862
532978,8073
532995,0
532997,6437
533000,0
533006,7029
533007,9873
533012,12441
533021,4159
533043,5293
533052,3926
533058,10580
533062,5344
533066,4269
533073,10699
533090,9577
533095,6731
533096,4769
533103,0
533132,6653
533137,5004
533144,6235
533156,12944
533160,10454
533161,5694
533164,5627
533178,3423
533180,0
533192,8112
533199,8917
533227,4924
533234,6586
533239,5068
533240,11939
533244,4523
533245,6653
533273,0
533274,11613
533275,7279
533299,5460
533308,0
533310,0
533311,8292
533312,10042
533325,9204
533333,4706
533337,6004
533339,5945
533344,5631
533347,4633
533348,9160
533350,3743
533353,5648
533376,0
533381,0
533388,2935
533403,4638
533413,12680
533436,7302
533448,6987
533453,21874
533460,6869
533466,7905
533467,6891
533507,4187
533516,7066
533520,0
533521,6482
533526,7685
533535,8161
533537,8753
533544,9791
533551,8534
533554,7665
533555,6885
533569,6478
533602,7144
533617,3437
533630,11732
533651,8965
533660,11489
533667,6060
533670,2981
533697,6730
533701,18409
533707,4855
533720,5000
533726,6709
533731,0
533738,5635
533751,4189
533752,4315
533758,7449
533765,6071
533770,3173
533773,5755
533774,9096
533798,6150
533800,5053
533802,6072
533823,3775
533833,5911
533859,4695
533865,5356
533867,2456
533877,0
533880,6712
533881,0
533891,0
533902,5850
533933,11506
533936,0
533958,12127
533982,4743
533986,7353
534000,8129
534013,4591
534027,0
534032,6967
534098,3712
534100,4462
534117,6748
534120,8310
534128,0
534146,6547
534147,6233
534157,5890
534167,0
534183,3923
534202,9256
534221,0
534228,12763
534230,4772
534277,0
534296,7346
534304,5133
534324,7837
534328,6840
534330,0
534331,7042
534338,0
534350,5893
534352,12073
534356,9038
534380,0
534394,6313
534397,8938
534424,9116
534450,7494
534471,0
534474,4879
534483,8087
534485,7724
534486,0
534488,5329
534493,6378
534496,4799
534503,0
534504,0
534517,8540
534519,5408
534540,11132
534542,5792
534553,7221
534557,5293
534589,5287
534594,8384
534599,3793
534608,4391
534628,3786
534639,6126
534650,8274
534657,5880
534666,6585
534678,17391
534679,0
534680,9214
534687,4113
534689,6909
534712,11380
534722,9146
534752,5987
534769,4959
534777,3846
534785,0
534808,0
534811,8319
534860,0
534862,12106
534882,6821
534885,6525
534888,8326
534902,6843
534904,0
534911,4681
534919,9636
534940,10911
534964,8859
534967,4621
534969,6925
534982,2017
534986,12011
535000,5568
535014,0
535024,8735
535037,0
535043,0
535044,7665
535045,7144
535046,7129
535071,7268
535104,5279
535110,5853
535146,4177
535147,3542
535165,6600
535166,4479
535167,3619
535173,9512
535196,5701
535199,11240
535205,12834
535207,6860
535226,6357
535231,1250
535232,8934
535235,0
535237,8266
535241,16539
535254,5808
535271,8519
535273,5314
535286,4313
535315,3617
535319,8681
535330,0
535335,11626
535343,11605
535355,9555
535374,6154
535390,9457
535392,3935
535405,7450
535408,0
535412,3760
535421,4287
535425,5559
535437,7026
535438,17161
535440,5595
535451,0
535454,0
535463,6218
535469,5558
535473,5209
535474,11126
535483,5890
535510,10099
535526,0
535542,8044
535567,6406
535571,11378
535599,11080
535601,5309
535607,4908
535612,4588
535634,5637
535636,8827
535642,4695
535652,7337
535660,7615
535665,10179
535672,4777
535684,9738
535688,0
535702,5569
535713,3521
535714,6720
535716,7393
535717,6828
535740,8435
535748,7169
535770,7567
535773,8028
535778,0
535781,2064
535784,0
535787,0
535790,0
535795,8486
535798,10501
535802,2364
535808,0
535809,2822
535829,3756
535845,9386
535852,8653
535856,4711
535880,4270
535894,8468
535895,8513
535904,5767
535907,0
535913,8535
535915,6608
535918,6845
535921,7164
535945,5144
535974,4773
535981,0
535982,10720
535986,5240
536018,5732
536023,4025
536036,4627
536038,9185
536039,3502
536041,4588
536054,6441
536056,5914
536058,9323
536130,9581
536135,8199
536136,0
536153,0
536161,0
536164,4855
536172,6222
536173,11255
536183,0
536198,6205
536234,10274
536235,6259
536237,0
536241,6596
536263,5754
536275,7651
536297,0
536304,6415
536305,8137
536326,6571
536337,0
536345,7236
536352,9902
536382,4706
536398,13932
536419,6497
536435,6127
536436,2178
536444,4305
536452,5882
536453,9754
536457,5017
536458,5621
536478,10250
536492,7406
536494,8585
536507,0
536513,0
536522,9647
536527,6173
536541,0
536543,3403
536551,5301
536566,5903
536592,0
536609,10549
536611,2680
536633,7893
536644,5682
536663,8499
536669,6395
536696,6534
536739,6322
536748,5190
536752,0
536757,6597
536769,4350
536795,4097
536797,8202
536811,3067
536813,0
536815,5413
536821,3055
536830,5595
536834,9717
536842,8854
536857,8349
536883,5229
536887,5434
536917,6738
536918,7048
536919,3271
536950,5624
536961,8933
536962,0
536995,0
536999,5103
537022,5313
537027,8534
537033,5772
537034,4363
537036,7560
537044,6078
537048,0
537058,2851
537070,0
537073,3729
537080,8507
537092,5109
537103,5622
537105,0
537111,3843
537112,12317
537134,5876
537136,6154
537142,5374
537143,5848
537145,7257
537148,6430
537217,6022
537218,9680
537233,4708
537255,5191
537265,10268
537280,8398
537287,0
537291,9905
537312,5067
537318,5486
537324,0
537328,0
537340,13474
537345,0
537351,7544
537394,0
537400,7043
537419,4237
537429,7357
537432,5033
537441,3485
537445,6934
537459,8594
537481,2732
537485,7405
537495,3550
537504,0
537512,10071
537534,7306
537553,3815
537554,9465
537558,0
537560,3262
537562,14109
537566,4952
537569,6397
537575,6500
537585,0
537589,0
537590,0
537601,0
537602,6373
537607,11539
537631,5858
537635,5574
537636,5886
537639,0
537641,4265
537643,0
537653,7064
537667,4162
537671,14484
537674,0
537675,4871
537677,0
537684,6390
537688,6307
537699,5680
537702,5648
537738,7354
537739,12224
537742,8833
537778,11220
537780,5733
537793,0
537808,5152
537818,0
537827,6919
537835,5777
537853,6074
537856,9029
537860,6181
537878,0
537881,0
537916,5047
537947,8266
537953,0
537967,6132
538004,4379
538005,10312
538038,0
538046,7631
538047,5275
538067,6999
538069,0
538082,3103
538104,7330
538110,7050
538136,8493
538152,4821
538153,0
538190,7809
538203,4170
538204,5370
538218,6605
538235,0
538247,3509
538264,9530
538272,7250
538276,5208
538286,7788
538290,6794
538300,5406
538313,4159
538314,7240
538335,3630
538345,9758
538350,9736
538357,10234
538370,6590
538375,5119
538390,5727
538393,0
538398,9610
538412,6768
538418,5121
538421,10047
538428,6774
538430,0
538466,8848
538493,0
538503,3821
538523,0
538527,8750
538538,9325
538545,10338
538553,0
538562,5039
538564,0
538566,6813
538571,3527
538582,9282
538591,0
538592,7282
538598,8162
538601,0
538605,0
538607,4415
538616,8794
538624,2479
538626,3919
538645,11140
538646,6949
538651,4739
538666,3984
538675,4503
538683,9406
538685,5259
538705,4691
538716,7774
538717,5110
538719,4000
538721,7633
538739,11192
538755,5622
538758,6374
538779,7948
538786,6070
538789,7167
538794,0
538818,9362
538848,0
538856,8234
538860,0
538866,4156
538872,0
538873,7391
538878,7452
538903,6396
538920,11399
538933,4942
538966,11876
538972,0
538981,10892
538984,5768
539009,0
539023,4836
539024,0
539025,6035
539032,9224
539037,5704
539047,6428
539051,4495
539053,3327
539070,9170
539072,4825
539081,6173
539100,0
539104,0
539123,0
539130,0
539134,8004
539136,5649
539140,0
539150,6657
539157,6029
539160,5512
539191,5099
539193,7736
539202,5843
539206,7388
539227,8855
539235,10037
539251,4660
539252,0
539259,0
539266,12216
539270,7971
539279,5640
539292,4284
539309,5817
539327,11171
539329,4703
539340,4841
539347,7585
539355,5834
539365,0
539375,6480
539388,6402
539403,6764
539431,4364
539432,7228
539445,6044
539462,0
539467,5750
539473,7195
539476,4338
539479,9687
539497,4425
539500,6393
539506,3291
539514,8059
539540,6899
539572,6612
539573,1777
539575,14733
539577,5762
539586,0
539621,9875
539631,4417
539649,4607
539659,3640
539663,7702
539675,8292
539682,7387
539688,7242
539694,8491
539705,5551
539708,4316
539719,14145
539738,2448
539747,6366
539758,12566
539763,4784
539780,0
539798,0
539800,7569
539815,7290
539821,6964
539842,9015
539843,2992
539853,5690
539855,0
539888,5987
539893,16854
539900,6417
539920,4213
539929,7540
539951,10244
539959,0
539990,0
539991,7597
540010,4118
540011,5982
540035,9249
540045,6178
540079,10164
540100,0
540107,0
540109,10022
540127,6558
540136,8782
540143,9455
540174,0
540215,9445
540228,11785
540229,1127
540230,6160
540231,0
540233,3139
540239,10516
540240,3743
540252,3911
540255,0
540298,0
540310,0
540362,9925
540363,0
540392,4400
540397,6099
540423,6854
540439,6824
540441,0
540445,4936
540449,0
540452,0
540461,6001
540467,7094
540481,0
540497,0
540499,5828
540502,5440
540507,0
540511,3803
540545,4799
540552,7892
540578,7159
540583,7577
540600,4591
540607,0
540611,0
540612,2719
540626,0
540646,0
540651,5915
540657,7357
540664,9974
540666,0
540677,0
540703,0
540719,5822
540721,7216
540725,6142
540736,11246
540737,8729
540739,8632
540745,6882
540746,5143
540747,8649
540748,0
540784,6470
540785,17745
540805,7797
540832,5006
540837,3731
540854,5443
540864,4457
540874,0
540897,6088
540908,23723
540911,4585
540924,4217
540943,10640
540946,0
540961,20611
540963,0
540968,0
540977,5957
541009,7804
541015,5956
541019,6327
541021,6082
541027,7587
541032,0
541041,0
541065,0
541066,0
541072,0
541087,6493
541094,5698
541112,5943
541113,4415
541117,6367
541126,6485
541136,6821
541146,5276
541154,6471
541165,5815
541187,0
541195,0
541212,9391
541238,18318
541269,6436
541272,6313
541290,7347
541302,6060
541320,4342
541328,5248
541329,4445
541330,8331
541331,9794
541340,5498
541359,8330
541385,4879
541397,12823
541415,9310
541416,6117
541420,4693
541428,12718
541439,0
541442,4097
541452,9121
541460,0
541466,17877
541483,8551
541494,0
541514,4668
541534,5453
541537,4485
541545,6903
541550,21805
541557,13044
541604,6577
541611,0
541623,10280
541699,3316
541713,6231
541756,4199
541761,0
541767,0
541783,0
541812,8690
541816,11089
541830,0
541836,0
541843,6737
541848,6674
541851,6542
541864,5405
541882,10981
541891,4995
541902,4922
541916,7828
541917,4429
541932,5625
541941,8825
542003,4347
542012,6138
542015,0
542031,8178
542050,8639
542054,7657
542057,4100
542062,0
542066,4437
542072,9433
542077,3659
542079,7063
542097,4300
542099,7002
542142,9573
542166,9453
542175,16189
542183,7742
542193,2574
542194,6071
542195,5512
542201,9830
542213,0
542217,6263
542243,4828
542246,6339
542248,5692
542253,6805
542258,6761
542261,3075
542272,0
542279,7573
542282,7466
542285,4047
542286,0
542287,10066
542305,3019
542307,7951
542330,0
542385,6957
542397,4874
542401,8749
542410,4723
542412,5109
542424,5625
542438,4130
542443,5721
542461,6258
542465,9966
542477,7697
542482,0
542485,0
542489,9533
542496,9181
542498,0
542530,6988
542533,7355
542541,6713
542550,6681
542553,0
542559,7399
542560,0
542570,7089
542586,6851
542589,4379
542601,4652
542609,5767
542646,6611
542651,6961
542661,5270
542666,5797
542680,6350
542691,0
542695,5048
542698,0
542705,6950
542721,6825
542729,4446
542731,13369
542735,5234
542753,7896
542763,5906
542772,5663
542778,9193
542780,6580
542793,4976
542807,6583
542812,5841
542813,6479
542824,4602
542851,6970
542858,13122
542860,8113
542885,8386
542889,0
542913,11145
542919,3196
542936,5702
542938,8772
542962,4927
542964,5426
542979,6741
542981,4207
542983,13289
543004,9335
543005,7763
543009,10362
543014,7178
543020,8913
543029,7100
543051,7011
543076,6289
543078,7217
543082,6738
543086,4273
543092,4354
543099,9940
543107,7348
543119,7030
543148,13296
543151,6947
543161,6172
543164,0
543167,5370
543172,14610
543193,21632
543200,7149
543205,6602
543216,7300
543218,7734
543235,6626
543247,6698
543249,10508
543268,10623
543272,0
543278,9590
543282,0
543296,7648
543298,7937
543299,4690
543309,0
543315,3009
543328,3377
543343,7895
543352,9304
543355,4309
543375,3569
543400,4224
543402,2653
543404,10365
543406,0
543423,7273
543430,9541
543460,9497
543462,0
543466,8083
543470,7009
543471,0
543477,5295
543482,0
543487,3551
543493,7916
543494,0
543504,5288
543524,0
543530,5619
543544,3604
543549,5051
543568,0
543573,0
543575,9273
543577,6254
543582,5990
543595,6891
543598,6641
543608,10009
543616,4316
543621,5219
543628,6468
543636,2333
543638,5680
543640,0
543642,4733
543662,7001
543663,5254
543664,5165
543690,9017
543695,6828
543721,6745
543729,2980
543742,8597
543744,0
543771,0
543775,10890
543785,6152
543792,9193
543802,7129
543812,3872
543821,2849
543846,7806
543858,5644
543888,0
543903,4280
543916,10849
543926,0
543939,7718
543944,19050
543945,7275
543950,8178
543959,4759
543961,7533
543968,7449
543991,8158
544003,11534
544035,0
544045,1879
544052,5437
544061,6788
544081,0
544083,6734
544084,0
544097,2234
544114,4390
544115,5296
544147,0
544152,7290
544157,8239
544178,10550
544180,7924
544182,13749
544195,7883
544199,9272
544201,3350
544211,3970
544213,6286
544223,3911
544271,4432
544283,796
544297,5727
544300,0
544301,7225
544306,5589
544307,0
544323,6328
544337,5174
544352,5700
544363,4814
544382,5391
544398,6052
544434,9948
544438,0
544440,9218
544463,0
544508,12410
544514,5788
544517,6686
544557,5567
544562,9401
544567,4632
544571,7501
544598,5161
544600,0
544608,0
544609,0
544622,6583
544637,0
544638,7904
544647,5983
544651,5248
544654,3539
544661,9532
544667,4384
544676,12912
544678,7593
544688,8310
544695,14362
544710,7065
544721,7168
544726,0
544729,10698
544730,12073
544731,6504
544741,2361
544754,7462
544760,7818
544762,6136
544773,5492
544795,8483
544817,0
544819,6062
544820,4525
544832,5245
544841,0
544865,13148
544895,8669
544901,6553
544912,14319
544916,9376
544934,4580
544942,6407
544947,0
544974,7266
544981,5845
544986,1659
544989,7641
545006,6660
545011,0
545026,10908
545071,4883
545090,6577
545091,6102
545103,4828
545104,5296
545105,0
545121,4095
545161,0
545184,3544
545199,7556
545208,7785
545232,5877
545237,9600
545238,3157
545245,6624
545247,7360
545249,7323
545258,4400
545268,0
545284,8883
545290,7167
545327,0
545328,5348
545331,6726
545343,6543
545344,0
545347,7591
545354,10195
545360,4595
545374,7036
545389,4867
545390,4980
545402,6124
545407,0
545424,6824
545435,10408
545439,7003
545444,3879
545464,10623
545468,4737
545469,5091
545471,3878
545472,6378
545482,0
545517,5496
545522,8641
545523,7750
545534,6394
545541,2684
545549,11616
545557,5741
545562,5372
545565,3073
545582,0
545585,3099
545588,2827
545589,4491
545593,5571
545596,6629
545601,5235
545609,0
545610,7694
545617,6302
545628,7870
545641,15691
545645,4083
545657,0
545683,0
545687,3445
545689,0
545693,4619
545698,13573
545699,0
545723,0
545729,0
545730,10360
545759,8406
545761,4062
545804,5838
545810,8161
545840,7842
545845,5119
545852,9386
545854,12952
545881,0
545891,9461
545895,4909
545910,0
545918,3853
545946,8272
545950,0
545953,4839
545963,11143
545975,0
545997,9116
546007,0
546020,6880
546025,5646
546034,13557
546040,3266
546046,6961
546076,3505
546104,2646
546114,6476
546116,8400
546122,5475
546125,4209
546145,6850
546150,9129
546158,5783
546165,11022
546172,5422
546189,0
546197,12022
546202,4064
546216,3806
546220,5227
546222,5200
546236,6193
546248,8941
546251,5395
546254,4565
546259,3753
546278,0
546291,8630
546298,9640
546300,9477
546307,7718
546323,2752
546325,7490
546343,3020
546346,0
546350,6510
546357,5411
546359,3833
546367,8416
546388,0
546394,12268
546422,3372
546431,8271
546432,3976
546437,6617
546441,0
546449,5168
546451,3602
546456,0
546458,7522
546484,5973
546522,6233
546523,3333
546529,4289
546544,8926
546547,3728
546562,0
546569,3883
546584,0
546610,7722
546632,6383
546647,8390
546648,5497
546666,6547
546681,3794
546684,5448
546687,5328
546695,0
546709,5634
546729,6513
546734,3727
546775,0
546781,5982
546784,5922
546793,6036
546806,4323
546816,0
546847,7773
546851,4636
546875,0
546913,0
546947,0
546952,9255
546957,3872
546962,5447
546968,4740
546975,8658
546987,6241
547010,5984
547012,8091
547017,3709
547018,6427
547020,8573
547025,0
547044,7841
547046,8831
547053,5489
547057,6690
547058,4479
547059,16093
547067,6871
547070,6920
547081,5511
547100,0
547102,6462
547117,7223
547121,10960
547135,7998
547143,3892
547161,0
547175,3332
547176,6800
547186,4990
547204,6979
547212,5372
547231,11458
547261,0
547272,0
547273,11797
547290,5630
547327,5746
547349,5634
547353,10307
547356,5831
547362,7372
547406,7487
547408,10993
547424,7833
547447,4944
547467,7201
547470,9534
547484,7116
547488,2856
547494,0
547499,12471
547500,7755
547522,10244
547523,6751
547541,0
547543,8913
547549,8403
547559,0
547578,8483
547603,8232
547620,13014
547643,5543
547654,3772
547659,2497
547666,6273
547671,3586
547678,8933
547689,11237
547704,0
547709,5658
547711,4135
547713,6380
547714,7357
547722,0
547737,4157
547747,3889
547755,2910
547756,0
547761,8321
547775,8357
547794,7159
547800,4461
547807,5522
547825,3996
547843,4313
547852,3593
547874,4402
547875,4618
547877,3899
547879,7929
547885,0
547890,8606
547892,8735
547895,6882
547901,8001
547920,6824
547930,4374
547936,4449
547960,6390
547966,7797
547985,19814
547987,0
547988,4293
548013,12871
548018,2389
548038,3745
548043,5304
548046,4292
548051,6318
548068,3834
548075,0
548079,6827
548085,10611
548094,7402
548105,4005
548107,0
548109,7962
548110,10528
548131,5781
548143,6004
548165,5452
548178,7241
548195,7082
548224,4356
548225,5308
548241,7141
548259,7369
548275,5507
548286,5948
548297,5763
548312,5999
548315,0
548338,9790
548360,6780
548396,5999
548406,10061
548407,5954
548410,0
548417,6536
548422,9202
548427,9211
548435,15501
548442,0
548443,7025
548451,5077
548456,6709
548474,0
548515,7839
548520,7236
548526,5121
548529,0
548533,0
548552,4144
548556,16367
548600,3507
548624,6862
548629,5600
548634,9751
548637,11478
548659,9069
548687,0
548696,8823
548709,0
548714,1810
548734,20102
548749,6671
548754,7835
548781,5601
548818,4750
548829,0
548830,11510
548838,6157
548841,3657
548845,6588
548850,9225
548864,0
548867,9548
548873,4206
548876,7852
548914,6423
548925,7860
548928,7463
548938,0
548956,5653
548965,7566
548966,0
548972,5715
548981,3641
548988,5506
549014,0
549016,0
549026,7283
549030,6517
549039,7376
549051,0
549054,0
549055,4870
549067,0
549069,6525
549076,11492
549077,5611
549083,7698
549093,3652
549101,4594
549106,5146
549109,6662
549110,5820
549120,0
549129,11055
549138,4547
549145,4347
549157,5108
549167,3711
549189,7726
549193,0
549197,6315
549213,6416
549216,0
549225,7547
549230,0
549235,7707
549244,5606
549251,9438
549254,5723
549257,8496
549263,6688
549275,9468
549277,16384
549279,0
549288,9980
549303,6058
549344,0
549356,4751
549369,6577
549381,9974
549400,8563
549413,6071
549420,5216
549422,10919
549444,0
549451,6143
549465,4204
549475,12819
549491,7595
549499,7365
549502,6805
549504,0
549520,12012
549540,9036
549550,6890
549561,4664
549565,11810
549573,0
549577,7359
549585,4046
549591,6984
549596,8797
549601,9850
549634,7265
549648,5644
549652,9995
549662,7897
549663,6417
549672,4758
549677,17289
549680,2872
549688,0
549704,5804
549705,3248
549709,9793
549725,6841
549751,4290
549788,3355
549790,4292
549800,7386
549805,5472
549807,4658
549827,7638
549846,3597
549849,5775
549851,8205
549852,5327
549857,0
549880,4406
549910,14372
549928,0
549946,8407
549959,7290
549965,6975
549973,6038
549977,5518
549992,0
549998,7329
550010,6375
550016,0
550028,8730
550061,5500
550081,0
550094,0
550100,14489
550101,6879
550108,0
550117,6689
550124,6624
550128,7574
550131,4446
550150,4616
550165,0
550166,6615
550171,3942
550186,4223
550196,9134
550200,6354
550205,9150
550213,5421
550219,0
550226,3786
550243,0
550267,0
550298,9404
550300,3911
550307,5108
550352,9210
550354,5226
550368,7368
550396,4075
550436,0
550461,5866
550472,8005
550486,8858
550518,6965
550522,7817
550553,4203
550561,5370
550564,5879
550566,0
550572,9974
550576,5025
550581,13100
550585,5161
550593,11927
550598,0
550608,9199
550612,6377
550613,5718
550643,7031
550649,0
550668,7524
550670,7491
550672,10372
550677,12180
550680,7200
550701,0
550717,5459
550718,4618
550737,9194
550760,7415
550763,5960
550766,6028
550772,5147
550783,9234
550810,5829
550813,16123
550816,5507
550822,5542
550834,5861
550836,5626
550838,7737
550839,7895
550856,4696
550868,2809
550892,7012
550898,7410
550916,17150
550931,6351
550940,8102
550941,4580
550942,7225
550958,13009
550974,5537
550976,7386
550992,8593
551000,0
551019,6222
551020,6531
551037,3017
551039,10715
551042,9506
551045,3306
551064,0
551067,4485
551084,0
551087,4934
551116,0
551119,0
551122,7224
551125,2723
551130,0
551140,6699
551172,5815
551174,9769
551178,0
551179,7115
551216,8119
551223,5803
551263,0
551272,5968
551276,5856
551321,11239
551327,5164
551343,0
551356,3731
551360,9116
551363,11315
551373,6526
551376,4696
551399,5352
551402,0
551424,12748
551431,2591
551434,4788
551436,3072
551444,4595
551458,8029
551462,17778
551483,0
551492,0
551493,6362
551496,3550
551500,5100
551505,7886
551510,0
551517,0
551520,6324
551521,4169
551522,0
551529,6768
551538,5281
551540,0
551542,0
551552,6221
551583,7845
551591,7767
551593,3909
551606,0
551620,3919
551634,6640
551647,0
551694,5761
551712,10629
551714,4370
551718,9986
551724,5623
551735,5139
551736,4391
551764,6550
551765,5622
551778,5242
551794,6255
551798,4965
551810,8422
551812,7527
551813,5681
551815,0
551819,0
551830,0
551839,4529
551848,7119
551850,4841
551853,5396
551874,0
551885,0
551894,4115
551897,5224
551900,0
551902,0
551906,14690
551925,6719
551935,11937
551938,0
551952,10122
551957,6530
551965,4849
551979,10953
551986,4124
551987,9576
552007,5100
552029,0
552035,0
552036,5905
552039,0
552048,6552
552076,0
552079,0
552080,4594
552083,4990
552107,3933
552121,5840
552124,5437
552160,9184
552168,7245
552186,6492
552195,7350
552213,5265
552234,8803
552239,7540
552252,5057
552261,7177
552267,6523
552284,7178
552292,0
552305,5712
552309,13055
552312,5491
552313,4510
552322,4493
552340,2153
552345,9050
552358,0
552367,7503
552373,9448
552379,0
552393,3964
552403,14753
552407,4660
552416,6212
552419,3420
552426,14020
552429,5191
552451,9432
552464,0
552466,5549
552501,5813
552510,4973
552516,11105
552552,1393
552561,4757
552563,7004
552569,4463
552586,7823
552596,9541
552598,5144
552605,4181
552608,6804
552618,7214
552623,5765
552635,8963
552648,9728
552689,9614
552690,1939
552693,5824
552726,4965
552740,0
552747,4571
552749,0
552762,8936
552768,7152
552790,6782
552796,4481
552797,0
552810,0
552832,6428
552840,4829
552846,0
552850,5525
552851,0
552856,6916
552857,7192
552862,7719
552867,4518
552871,0
552876,0
552893,5356
552907,0
552911,4724
552919,6355
552943,6204
552981,7599
553015,2320
553035,0
553036,5687
553044,6530
553059,8598
553069,0
553073,6363
553096,0
553100,0
553107,4442
553113,14471
553123,9986
553130,0
553132,7797
553141,0
553149,4513
553150,4453
553158,8479
553162,5377
553172,3680
553182,12069
553184,3825
553193,4654
553201,11885
553227,8563
553239,4277
553257,0
553258,16891
553259,7006
553298,4802
553301,8305
553304,6765
553329,4114
553337,13268
553340,8327
553347,3660
553352,3113
553357,5873
553370,6347
553376,9857
553378,4867
553392,13788
553417,5458
553424,4588
553427,6602
553429,0
553431,6188
553438,6102
553468,8127
553469,0
553481,4965
553487,6588
553495,7452
553505,0
553535,5753
553536,0
553554,2814
553569,6269
553574,7546
553597,0
553622,8537
553623,14697
553641,8205
553647,4512
553650,7222
553658,4208
553676,14290
553689,0
553692,11837
553693,5307
553698,0
553703,6470
553717,6951
553720,5097
553730,0
553739,2003
553752,3848
553756,7166
553775,7701
553782,7511
553788,5751
553799,0
553804,7936
553821,9389
553847,0
553848,6629
553860,5335
553870,4389
553872,8565
553893,6830
553896,7369
553905,8821
553910,7028
553915,5762
553931,24389
553939,16406
553941,8163
553943,7026
553986,2786
554007,5933
554008,0
554017,8453
554024,6110
554026,8165
554031,0
554034,4499
554038,8359
554039,3813
554047,7553
554057,5395
554062,5634
554068,4720
554089,15363
554105,5376
554121,4136
554125,9061
554140,4689
554143,2483
554156,0
554159,7319
554164,0
554167,7524
554188,4247
554191,4199
554192,5723
554198,4447
554220,4155
554234,0
554251,6646
554303,0
554307,3608
554321,7440
554331,9624
554342,0
554343,5971
554373,0
554375,8443
554397,0
554400,0
554405,6287
554406,5703
554407,10174
554418,20962
554419,5139
554421,3491
554422,6674
554433,8473
554446,4230
554448,6046
554459,2572
554466,8358
554477,6083
554479,8167
554480,5744
554515,7597
554531,0
554554,4568
554556,0
554570,0
554571,3927
554580,8747
554584,0
554590,7053
554598,19895
554605,4295
554608,3165
554612,6118
554625,7338
554630,8299
554632,3436
554633,7619
554662,15734
554672,7474
554687,5972
554693,10596
554696,3954
554704,0
554721,1677
554738,9810
554743,4903
554745,4911
554751,3082
554752,5133
554753,7276
554760,9024
554767,5561
554776,4423
554782,3689
554801,2568
554803,7774
554810,3366
554811,0
554820,0
554826,0
554828,0
554866,5597
554876,0
554877,0
554880,0
554883,6860
554891,5688
554905,12158
554917,0
554918,8675
554935,3702
554936,6503
554950,0
554958,2092
554959,8800
554960,2133
554973,10407
554974,14012
554976,10565
554994,8400
554997,1779
555020,6453
555028,1982
555052,5738
555062,0
555072,7130
555105,7242
555112,7737
555129,12051
555134,7751
555139,6517
555140,6339
555142,7284
555165,9429
555167,0
555170,12273
555177,4893
555179,4143
555182,7375
555197,7287
555222,11099
555236,6475
555264,4777
555265,8340
555285,0
555295,0
555297,6956
555326,5415
555344,3095
555347,10525
555349,0
555361,3528
555367,0
555368,0
555370,8774
555381,5873
555385,5608
555387,5708
555388,6239
555395,4171
555397,7820
555402,3047
555414,4523
555431,6274
555437,10865
555470,10356
555471,7729
555488,5533
555490,6656
555507,0
555513,8998
555516,7062
555517,5725
555521,4674
555525,7179
555545,7007
555565,10174
555567,0
555568,5500
555582,3857
555600,6740
555601,5241
555611,8755
555619,0
555626,9417
555634,8734
555640,4809
555642,0
555643,5204
555664,5528
555699,7559
555700,5970
555712,4758
555714,4474
555720,5126
555725,4811
555729,5236
555732,6518
555736,0
555755,0
555804,0
555805,8389
555832,0
555836,7637
555853,8581
555856,5732
555859,5258
555877,5642
555879,8053
555892,1516
555894,5842
555900,2207
555923,3059
555925,10241
555926,8110
555939,0
555946,4404
555960,4398
555962,5010
555963,5328
555964,0
555966,5506
555995,7122
556003,6713
556004,5282
556015,4298
556016,8942
556021,7283
556025,3868
556032,8854
556034,8360
556045,6956
556050,7705
556055,12135
556075,10224
556078,20085
556095,0
556104,7778
556113,7774
556118,9324
556124,5002
556131,10312
556136,0
556146,5787
556147,4717
556160,6221
556164,5404
556175,6025
556182,5434
556184,6383
556243,5627
556248,8007
556251,4646
556257,7135
556258,7863
556261,0
556263,3569
556266,9457
556268,8574
556274,7890
556291,13165
556299,6713
556305,3266
556320,5026
556321,0
556323,15887
556325,4655
556340,6613
556342,10298
556346,21297
556355,5877
556357,4678
556360,0
556385,2400
556398,6960
556399,5377
556416,7158
556420,4971
556446,3813
556457,6282
556471,6760
556475,9252
556499,6565
556502,7378
556513,3708
556523,0
556528,3266
556531,3756
556532,2542
556535,11583
556540,0
556544,6641
556547,7106
556563,5597
556568,6545
556577,9248
556584,0
556588,0
556590,0
556606,7576
556609,8843
556612,15201
556615,7713
556619,3680
556633,7703
556671,0
556681,8508
556687,0
556700,8611
556713,9138
556719,11100
556733,3152
556749,0
556750,4392
556771,14449
556773,20798
556778,13144
556786,8030
556789,6084
556804,6244
556811,3789
556819,12741
556825,9250
556832,5593
556838,5183
556848,4215
556851,3431
556883,0
556891,4584
556897,7307
556901,8318
556910,5078
556919,0
556929,2928
556930,10379
556940,7345
556942,4988
556943,6272
556944,11897
556949,7937
556961,10140
556967,10295
556975,5130
556980,6002
556983,6424
556985,6828
556999,5218
557003,0
557014,6075
557024,6080
557026,7628
557057,5806
557059,6451
557061,3545
557063,5013
557089,0
557096,6872
557098,3892
557113,6164
557129,6999
557148,5908
557159,8623
557163,8465
557167,0
557168,6242
557173,6172
557179,8519
557201,7134
557208,5759
557212,6471
557229,0
557237,0
557252,8871
557271,5795
557281,3347
557282,4561
557287,7930
557288,2999
557292,5317
557296,0
557305,11661
557310,4968
557330,3578
557331,4480
557354,0
557361,8614
557366,0
557368,8392
557371,5260
557380,0
557391,3895
557395,0
557416,7861
557430,7361
557436,2724
557444,3585
557445,0
557452,9009
557455,0
557458,11708
557459,6774
557471,15657
557498,4498
557506,7371
557508,4256
557521,6518
557527,11968
557579,5360
557584,0
557607,11285
557608,13023
557634,5181
557646,0
557657,8819
557678,4645
557685,3132
557718,2799
557732,9190
557751,3356
557753,5382
557758,10388
557762,9117
557765,5858
557779,6648
557782,5341
557791,0
557793,4538
557798,4686
557804,6172
557809,5830
557814,0
557821,1285
557825,4550
557839,0
557846,7047
557864,3061
557872,5360
557885,5857
557890,5730
557898,6501
557909,4815
557913,7333
557926,8037
557931,8738
557951,8837
557972,0
557978,0
557991,4968
558010,10141
558020,3613
558028,8164
558029,2852
558036,9090
558041,0
558049,10713
558051,6405
558060,5570
558061,8161
558069,17458
558071,6777
558073,4681
558082,4239
558097,0
558101,4737
558123,4479
558134,0
558141,6792
558143,3894
558151,6091
558154,0
558172,5584
558175,6784
558193,3889
558201,9054
558212,6068
558220,9143
558234,0
558249,0
558254,0
558269,8988
558282,0
558286,2798
558341,8027
558350,4124
558360,7731
558364,0
558383,9522
558398,6605
558401,0
558405,4425
558416,6176
558417,6536
558430,6644
558464,0
558466,5272
558468,0
558484,7972
558485,5620
558516,7682
558527,0
558540,3280
558541,8544
558548,6986
558549,0
558581,4291
558590,3856
558618,4915
558633,8196
558635,6959
558636,8885
558649,0
558657,0
558658,8109
558664,6414
558669,8278
558672,5274
558680,6030
558692,7959
558706,5143
558715,11126
558722,4159
558725,8402
558731,5909
558744,0
558753,7225
558764,9842
558770,4804
558777,6263
558780,0
558781,4903
558782,6672
558796,8108
558797,0
558808,6325
558833,8099
558837,7758
558838,7407
558839,7866
558852,5680
558854,0
558909,7090
558940,21768
558941,6731
558965,11842
558967,7588
558976,9598
558981,8130
559018,5207
559019,7042
559029,0
559042,4447
559044,5768
559046,0
559050,3656
559051,8550
559058,7970
559063,0
559090,8031
559096,8020
559101,4812
559109,9719
559115,6054
559121,4469
559133,5663
559143,5125
559152,7894
559161,6353
559172,4979
559174,0
559184,6002
559188,9159
559192,4910
559204,5593
559220,7054
559222,7373
559225,14747
559240,6926
559241,4943
559250,13067
559275,0
559278,7512
559299,9880
559303,13444
559316,6406
559319,0
559324,2193
559329,0
559336,10426
559346,0
559348,6718
559367,0
559382,5270
559384,5084
559388,6142
559398,6764
559402,5258
559405,5008
559409,5920
559419,9626
559431,12651
559433,2417
559441,9573
559474,2492
559485,4166
559515,0
559520,16206
559529,4543
559544,5982
559551,5615
559555,12120
559580,3413
559590,7480
559601,6315
559609,4906
559612,3512
559614,5405
559618,7267
559627,3689
559630,3587
559651,6448
559664,8171
559687,6514
559688,6398
559709,7766
559719,2749
559737,7969
559739,0
559741,0
559744,7924
559745,2655
559752,3250
559756,8140
559768,0
559775,0
559781,0
559784,4538
559796,8365
559800,8127
559815,7447
559821,5269
559824,7321
559827,6266
559840,6768
559844,7106
559865,6862
559872,0
559878,0
559881,6220
559890,7044
559891,3853
559900,3152
559902,9276
559908,4619
559913,5346
559916,4111
559942,7898
559953,0
559966,5510
559997,4664
560005,9510
560008,4767
560010,4947
560033,8042
560036,6894
560039,1616
560044,12107
560056,0
560064,9948
560069,3082
560100,4792
560121,7748
560141,8204
560149,8244
560157,7287
560159,7765
560180,5193
560183,0
560195,0
560203,4491
560206,12985
560213,5005
560219,0
560225,0
560237,7756
560238,0
560246,4015
560247,5034
560256,6214
560262,5372
560267,7826
560269,6691
560283,5295
560293,0
560300,7558
560330,8375
560346,5592
560350,3339
560361,5112
560364,6157
560367,5724
560400,13977
560409,0
560411,0
560413,15816
560417,6046
560419,5475
560421,4837
560423,6268
560435,9625
560448,0
560450,4814
560457,5635
560458,0
560459,5202
560462,8066
560463,6674
560482,0
560489,0
560495,0
560507,0
560528,10337
560531,6966
560534,5308
560552,8267
560571,8608
560579,13693
560582,5844
560604,5441
560606,9366
560632,4895
560635,4844
560636,7016
560637,5106
560655,0
560672,0
560674,5802
560675,6699
560678,7527
560688,6141
560692,7989
560712,6626
560716,4286
560735,0
560743,5312
560746,8888
560761,3840
560771,11178
560777,0
560785,5302
560793,6005
560815,8887
560817,4342
560818,4944
560848,6365
560851,5379
560856,7493
560900,0
560911,0
560918,13202
560933,0
560951,5782
560956,0
560968,8363
560969,0
560977,10321
560982,5619
560983,6762
560985,4821
560994,1774
560996,8439
561014,5086
561020,7354
561028,6239
561029,0
561034,8356
561047,5847
561048,7245
561073,5756
561080,0
561096,0
561100,8924
561129,11021
561139,0
561171,6291
561174,5384
561177,6244
561192,4474
561204,0
561205,17209
561213,4219
561227,7924
561228,5617
561229,0
561244,3347
561260,0
561263,4506
561265,0
561283,4606
561299,8249
561308,19124
561326,8649
561371,0
561382,10592
561389,0
561394,0
561417,6667
561423,3133
561433,10158
561438,0
561448,9752
561460,5392
561464,4125
561466,0
561471,13349
561482,8954
561485,6662
561499,0
561510,9304
561523,0
561528,8691
561530,5246
561533,1983
561544,4846
561556,7886
561566,7445
561567,7958
561573,10005
561574,6890
561579,5711
561580,11294
561583,11633
561591,7333
561610,0
561612,4604
561616,7190
561624,0
561631,13061
561637,4932
561649,0
561659,4503
561675,0
561686,5049
561698,2298
561701,5332
561702,5373
561708,2359
561709,7714
561712,0
561713,11680
561714,0
561728,3636
561732,7137
561735,8718
561746,5594
561752,0
561764,4135
561786,12969
561788,6572
561798,4553
561799,5793
561819,9220
561822,0
561845,7116
561846,7641
561851,7056
561858,0
561876,6689
561890,6648
561895,4314
561910,3241
561911,0
561922,0
561923,8585
561924,6787
561926,5353
561960,6860
561973,3442
561980,7247
561997,5541
562006,4256
562016,3751
562026,8469
562027,3017
562042,6026
562044,9587
562047,10417
562072,13543
562090,0
562094,5126
562103,0
562134,10699
562161,5133
562162,0
562169,4784
562193,928
562196,4870
562201,10007
562207,0
562208,11273
562209,9195
562218,7531
562220,5109
562227,0
562245,9683
562249,13316
562252,5527
562276,0
562278,6210
562289,5939
562297,8845
562315,3113
562317,0
562321,6705
562325,3386
562326,5042
562331,7966
562349,9559
562354,6617
562364,9754
562391,5145
562393,10063
562395,6237
562403,7908
562412,0
562461,3774
562465,0
562478,4893
562482,5308
562486,7341
562496,4138
562498,0
562512,8668
562513,4506
562521,4702
562525,8267
562540,0
562543,6351
562548,12368
562552,5091
562583,11983
562584,0
562594,6218
562605,4922
562618,3529
562622,0
562624,8580
562630,7296
562644,0
562667,8966
562684,8512
562690,5980
562695,5488
562696,8230
562711,6430
562719,3091
562743,4375
562745,4243
562746,5683
562750,0
562757,8378
562758,6666
562763,10661
562764,0
562765,10861
562773,4778
562802,0
562805,0
562817,16018
562833,10531
562840,4781
562846,7773
562860,6399
562877,4105
562886,14669
562914,3267
562925,4742
562929,4635
562930,8901
562950,13281
562968,6975
562977,7527
562991,6097
562993,0
562996,8166
563016,6150
563019,7364
563045,0
563050,0
563051,0
563078,6937
563090,8929
563105,0
563110,9544
563113,6548
563120,9434
563128,7601
563176,10302
563177,3284
563178,6042
563198,5001
563199,5959
563205,7116
563221,5187
563227,7475
563231,4863
563251,6299
563279,7325
563283,7935
563301,17614
563313,0
563327,6997
563328,4335
563334,3744
563351,0
563363,10801
563391,6254
563397,4769
563407,4430
563418,5615
563430,5894
563462,4052
563474,6961
563477,4441
563482,3778
563488,0
563498,5275
563500,5168
563504,5057
563506,6713
563513,7757
563557,8603
563576,3908
563591,5018
563599,0
563608,8839
563609,4133
563628,7188
563630,10497
563637,8450
563644,4927
563646,9110
563674,11075
563682,9294
563685,8186
563692,0
563697,5736
563700,11907
563702,5831
563715,6179
563720,3166
563737,0
563738,6616
563741,5452
563743,0
563778,1726
563782,3742
563793,3077
563811,7565
563848,0
563850,4458
563876,5871
563883,8943
563900,5095
563906,5899
563928,5771
563932,5564
563934,4806
563937,6502
563941,13478
563944,0
563951,3934
564003,8633
564005,4789
564027,7692
564059,6216
564071,5538
564075,0
564079,7060
564080,7037
564088,4639
564095,0
564102,6267
564103,14044
564110,7661
564140,5624
564163,8382
564169,12217
564178,6060
564186,5713
564189,10174
564194,3346
564198,2244
564206,0
564217,9314
564230,3714
564235,5969
564247,0
564262,10959
564269,9082
564279,7990
564290,5336
564303,3928
564306,4405
564318,0
564320,10401
564331,9533
564337,7778
564343,7791
564349,11094
564367,0
564387,4760
564397,6841
564398,3684
564411,2944
564413,4374
564417,10461
564447,0
564449,0
564450,3620
564471,9867
564475,4294
564487,4633
564509,4937
564510,5797
564512,0
564519,5454
564526,6836
564534,7877
564540,0
564552,4695
564560,7234
564568,0
564571,0
564582,5803
564584,9587
564603,0
564607,0
564608,10274
564640,7099
564642,10028
564656,0
564686,16787
564687,6684
564690,5815
564695,0
564699,4048
564707,5607
564711,3157
564750,0
564755,8340
564758,17210
564796,6963
564797,0
564799,0
564828,4618
564834,3877
564845,6254
564861,4708
564867,6891
564880,8212
564887,8554
564891,8238
564902,10361
564913,7938
564914,6296
564921,7576
564923,4943
564932,8826
564938,1931
564939,8211
564947,0
564949,0
564951,0
564954,9712
564960,0
564970,0
564973,6139
564977,5389
564984,0
564988,8056
564997,7234
565012,6344
565019,0
565026,3778
565037,6669
565038,0
565060,3288
565068,4088
565087,7177
565101,0
565104,7562
565110,0
565113,0
565114,3751
565117,7188
565130,10539
565135,5840
565140,5695
565149,15207
565150,3186
565157,0
565163,8048
565189,0
565190,7750
565204,0
565205,10214
565207,9315
565223,5835
565224,7725
565225,7189
565226,6861
565232,3708
565240,8023
565248,6018
565255,0
565268,6470
565273,0
565275,7953
565276,10727
565289,2756
565293,3493
565299,2312
565302,5548
565315,6536
565321,0
565327,4108
565337,5913
565338,7309
565339,10451
565366,2651
565368,4537
565381,7490
565383,10759
565389,8710
565390,5541
565406,0
565409,1963
565435,0
565444,10705
565454,6228
565463,0
565472,14830
565479,6153
565485,5382
565487,6432
565509,7876
565520,4517
565533,9621
565552,0
565561,5355
565567,3669
565578,0
565580,4636
565588,0
565600,7483
565607,6814
565608,2836
565613,0
565616,5804
565626,4258
565630,5302
565634,6707
565648,7832
565650,10226
565655,0
565666,5664
565668,8014
565676,9906
565690,6214
565692,5205
565704,6169
565729,14046
565737,4683
565754,3934
565775,0
565785,0
565790,0
565791,11301
565799,5316
565802,5756
565837,9872
565844,7621
565857,0
565861,5244
565875,7174
565876,7563
565881,6309
565922,0
565940,7208
565941,5480
565942,6112
565943,4576
565954,0
565960,14605
565969,11868
565971,10904
565981,0
565988,8402
565995,8176
566038,7184
566044,7275
566061,11792
566072,20109
566074,4749
566077,5929
566092,0
566094,6935
566103,6741
566113,0
566114,5070
566137,11696
566139,5436
566145,7842
566160,6470
566179,9202
566212,0
566251,8550
566256,4948
566259,9888
566262,7939
566267,8940
566284,10685
566293,5072
566296,4722
566306,0
566311,6735
566314,6450
566316,0
566318,4664
566327,3666
566328,5116
566339,4978
566341,6709
566347,5546
566352,3619
566356,3402
566380,3795
566383,7564
566385,0
566413,0
566424,5620
566425,0
566429,3546
566462,2815
566478,11026
566485,19559
566488,5024
566494,0
566522,4890
566540,0
566544,3864
566546,4093
566562,6983
566563,7818
566565,9065
566575,9468
566577,9695
566597,6405
566609,4987
566615,8734
566623,4240
566627,9530
566628,4339
566630,5662
566639,4730
566649,8187
566663,9687
566685,9676
566692,7770
566702,5510
566706,8667
566745,0
566752,0
566772,0
566785,4497
566793,0
566800,3993
566814,7002
566821,13364
566822,0
566841,5174
566884,5777
566889,7522
566891,5759
566895,8802
566916,5164
566927,7008
566950,8030
566961,6484
566975,5612
566985,6033
566993,5027
567012,4530
567014,4426
567030,6720
567032,5660
567039,20768
567040,0
567059,9175
567061,6667
567062,6319
567068,5070
567080,9249
567087,5605
567102,3405
567103,3392
567108,4136
567114,8592
567122,5167
567124,9448
567134,0
567135,8957
567136,14193
567137,4577
567152,9887
567162,6918
567165,2974
567173,7566
567194,4363
567210,8271
567219,6331
567228,7427
567233,6170
567249,5928
567262,7070
567266,7364
567274,6409
567282,0
567283,0
567298,17721
567300,7369
567325,2978
567333,8890
567337,4216
567338,6594
567353,7092
567384,8121
567392,5715
567406,8588
567411,7307
567420,8527
567421,6435
567425,6831
567427,0
567437,0
567440,4141
567444,3330
567473,5308
567480,5410
567506,0
567508,0
567510,8396
567521,9359
567526,2851
567528,6711
567539,6291
567543,3728
567566,5784
567575,15597
567600,12042
567610,5779
567612,6425
567624,10907
567632,7270
567654,6759
567658,7983
567661,8247
567662,6030
567674,6989
567682,2934
567687,5949
567702,3319
567703,2493
567719,7453
567733,5976
567737,6937
567739,8305
567743,0
567752,6038
567754,7125
567772,0
567779,0
567780,0
567782,0
567783,8713
567786,7301
567791,0
567794,0
567824,0
567848,6421
567851,7255
567863,10065
567864,9494
567882,3950
567902,4708
567912,7236
567914,7759
567922,5517
567940,10118
567962,0
567969,5749
567979,14728
567980,7448
567983,0
567986,4063
567987,13715
567988,7348
567990,4313
567993,4160
568001,0
568008,0
568028,11837
568034,4731
568038,4894
568044,6666
568046,7879
568050,4118
568073,0
568106,4902
568108,7077
568119,5709
568125,6190
568140,10360
568150,0
568155,0
568158,5236
568167,7679
568169,8344
568183,5548
568207,0
568242,5426
568248,9050
568260,6086
568269,6047
568270,6829
568278,3633
568287,3994
568307,5703
568312,0
568323,5305
568333,7136
568342,5796
568351,0
568358,4238
568360,3742
568369,7010
568380,0
568383,0
568391,0
568402,6239
568423,5424
568439,0
568459,8457
568468,13059
568469,0
568471,8288
568486,7685
568504,6218
568508,7434
568537,5903
568541,10729
568543,4502
568557,5163
568590,6862
568592,0
568605,3441
568625,7300
568627,0
568640,4564
568671,6358
568672,8254
568692,5383
568704,4269
568719,7328
568726,8622
568756,6240
568805,6043
568869,3273
568874,6488
568877,8713
568896,0
568898,7073
568914,6089
568917,8595
568925,0
568934,9527
568961,5101
568963,0
568995,9996
569001,3258
569023,7635
569043,0
569051,0
569066,6969
569073,2876
569076,0
569087,5325
569104,6155
569112,4471
569115,4622
569117,7691
569131,5235
569138,2638
569179,0
569194,4803
569203,2784
569206,6809
569207,5592
569212,6720
569225,9792
569232,3975
569244,7919
569252,8305
569256,13618
569261,6655
569269,2585
569281,4826
569287,13146
569296,5442
569307,9040
569328,2995
569335,12730
569343,5984
569358,0
569363,4698
569386,0
569387,6865
569391,2420
569394,0
569405,9277
569420,6490
569443,9896
569449,7354
569451,0
569456,5147
569459,5675
569463,0
569472,7744
569484,5061
569494,4663
569497,9832
569505,6158
569520,7915
569549,6511
569561,5081
569572,13055
569581,7268
569607,5844
569609,10306
569614,7134
569626,7503
569630,3347
569639,3886
569646,4031
569650,5909
569669,5301
569694,0
569697,19465
569705,12566
569709,4627
569720,4746
569750,2779
569753,4885
569763,0
569769,6496
569775,5312
569778,8972
569794,5967
569795,0
569800,8489
569820,6757
569855,0
569858,3532
569878,7259
569886,5749
569926,5081
569933,0
569939,0
569944,0
569946,0
569948,7043
569953,6365
569954,12087
569957,5658
569973,7827
569978,6412
569995,4397
570000,11681
570007,16100
570011,5027
570014,8510
570037,6108
570046,10137
570066,6678
570077,0
570087,2248
570088,8967
570107,0
570114,3315
570121,7681
570124,8954
570134,8102
570153,0
570155,0
570158,5981
570180,12855
570185,0
570186,7161
570195,9741
570203,4203
570208,9007
570210,3762
570230,1938
570237,3347
570246,4496
570249,9233
570255,6713
570263,5901
570274,11542
570303,5444
570337,8857
570339,10575
570340,6439
570341,9344
570342,0
570347,4904
570354,8096
570357,3374
570368,0
570369,0
570374,0
570393,9975
570395,0
570403,4700
570418,5848
570428,3402
570451,9126
570482,0
570506,0
570510,5494
570522,11620
570535,5796
570538,14895
570541,4867
570549,8640
570553,5257
570554,0
570560,5271
570561,0
570564,6615
570571,6186
570572,6088
570575,10539
570587,8386
570599,9405
570617,9092
570618,16141
570633,0
570641,9430
570666,4207
570672,4824
570680,7017
570690,5881
570694,4964
570707,8080
570712,10394
570722,11098
570728,3157
570732,8701
570736,5916
570737,8431
570751,0
570770,0
570772,6717
570786,9663
570790,5707
570796,8969
570798,0
570830,4997
570842,6900
570844,10745
570849,6347
570865,3585
570872,3089
570877,0
570879,7564
570880,0
570883,6780
570899,8182
570902,5400
570913,6956
570932,5261
570942,4591
570946,7506
570948,4156
570952,7467
570957,8414
570987,0
571006,5642
571013,0
571020,6279
571047,10029
571049,0
571061,5415
571072,6028
571080,6887
571085,0
571087,8299
571093,4024
571094,6692
571101,9134
571106,4883
571122,7210
571124,3693
571132,8681
571139,0
571143,0
571147,5069
571165,3361
571178,4848
571193,7690
571195,0
571196,9772
571197,0
571204,5687
571205,6026
571210,5151
571220,11559
571237,3840
571247,0
571250,4669
571266,4847
571274,0
571331,9152
571357,6666
571363,5709
571364,6215
571383,5883
571388,9562
571392,5076
571394,6680
571406,0
571407,9638
571417,0
571428,7981
571433,0
571441,0
571453,5513
571472,6799
571486,4905
571489,0
571497,5945
571499,0
571500,5621
571526,7356
571539,6807
571544,5560
571545,0
571550,5973
571555,4972
571556,9454
571559,1880
571585,7642
571587,10322
571588,8763
571605,0
571630,6311
571651,6186
571681,7955
571690,5458
571693,7411
571696,7084
571703,4302
571708,7422
571730,7192
571737,7662
571739,6865
571743,5527
571758,8870
571765,4714
571767,7048
571769,5100
571802,5242
571810,4111
571836,5051
571874,7376
571875,8256
571896,0
571925,8764
571931,5963
571934,6651
571944,5954
571951,9626
571959,10622
571962,4615
571963,4855
571971,0
571974,8182
571975,7843
571994,0
571995,7529
571997,4582
572001,4070
572006,0
572018,16205
572028,0
572029,4392
572031,9096
572062,4881
572071,9423
572100,0
572107,7923
572110,7581
572115,4400
572132,4426
572136,12104
572140,5920
572148,5376
572149,5636
572151,5490
572152,6255
572159,6037
572160,2954
572168,3197
572172,10621
572180,7754
572205,0
572214,10143
572217,9090
572219,5923
572220,7357
572234,3881
572244,6406
572247,4054
572269,8593
572287,4207
572304,5503
572315,5876
572332,3886
572333,8531
572349,5133
572367,6944
572380,5743
572385,12255
572390,10974
572393,6694
572402,6293
572419,0
572423,0
572424,10199
572470,0
572475,8909
572481,5322
572505,4772
572512,5715
572572,12177
572579,4961
572584,0
572595,5606
572618,6390
572623,0
572642,8398
572653,7335
572657,7004
572659,4387
572670,4804
572671,3787
572690,6946
572700,3735
572701,0
572706,4115
572711,0
572715,4235
572732,8834
572739,0
572746,0
572760,5379
572771,4983
572780,5574
572781,7534
572793,2374
572802,0
572822,0
572825,6095
572837,12660
572860,8383
572884,5373
572887,14174
572889,7911
572897,6169
572898,6596
572917,0
572918,3953
572923,5010
572931,11709
572936,9367
572939,5631
572944,12898
572946,5863
572954,4882
572981,0
572987,5805
572999,5923
573028,4950
573037,4591
573049,7099
573051,6140
573054,5508
573059,0
573061,0
573062,5365
573066,0
573075,5043
573090,5084
573095,8535
573121,3426
573155,6120
573159,7143
573165,6297
573184,8563
573202,6387
573207,3072
573212,8282
573214,0
573221,0
573231,9023
573243,6369
573247,6390
573249,0
573252,6773
573260,5590
573262,8118
573263,3869
573272,0
573303,5276
573321,4477
573323,4307
573324,6956
573356,8355
573358,5041
573387,0
573410,10640
573417,4570
573456,3369
573465,5641
573468,7788
573473,4808
573477,14461
573479,5570
573491,6697
573504,6056
573510,6690
573518,5421
573535,6886
573542,5625
573548,0
573550,6705
573554,5061
573568,6018
573587,6408
573619,8411
573626,3103
573636,9024
573654,0
573655,0
573673,11400
573681,3831
573690,7941
573701,6528
573712,5287
573714,8255
573715,9597
573721,4713
573735,9112
573740,0
573744,7677
573762,7033
573776,3547
573792,6929
573794,5487
573803,5657
573805,0
573818,9750
573830,5396
573831,6154
573837,3189
573857,5874
573858,4406
573859,5001
573860,9223
573863,0
573932,8150
573935,5647
573937,6245
573948,8274
573950,0
573966,5967
573987,2885
573996,6221
574000,5259
574003,0
574004,0
574010,4380
574018,10905
574022,11388
574030,9472
574031,5869
574063,8444
574068,6119
574082,12447
574090,6099
574095,0
574098,3085
574101,3385
574157,0
574162,11200
574166,4657
574172,9640
574181,6799
574183,22136
574202,3658
574217,3958
574223,5771
574225,7754
574228,0
574236,0
574238,6719
574243,2467
574256,6193
574260,8632
574262,11403
574265,0
574273,6408
574276,6341
574285,5630
574288,8753
574289,6411
574291,4405
574294,3911
574311,4335
574334,6064
574341,0
574345,6822
574369,9357
574371,11243
574384,5336
574395,12417
574396,0
574406,6243
574415,8957
574416,2638
574431,0
574486,4997
574495,0
574499,0
574513,6562
574516,6966
574530,9360
574546,6621
574547,4638
574559,10218
574560,4806
574563,5211
574566,4980
574589,7266
574590,0
574595,3065
574599,9031
574603,3359
574611,0
574635,9469
574636,8739
574637,7691
574644,0
574647,4434
574648,5160
574654,7791
574658,14489
574659,5629
574674,4998
574693,0
574701,5708
574720,8634
574722,7773
574740,7663
574745,5115
574752,0
574753,6197
574760,7808
574764,11411
574801,6430
574809,6961
574822,5541
574826,9344
574839,0
574860,3733
574866,10507
574873,4268
574880,5379
574885,9211
574892,0
574914,0
574917,18000
574931,4607
574933,14110
574951,4462
574953,11246
574963,6334
574973,6597
574982,10792
574994,12250
574999,6389
575003,4371
575032,3318
575035,10591
575055,6272
575057,11524
575063,5562
575091,3627
575095,22588
575097,8618
575112,5543
575119,7048
575171,6198
575187,7241
575190,6354
575200,13572
575206,4175
575211,6427
575218,3911
575223,9529
575249,8283
575257,0
575262,7714
575265,6371
575280,10113
575306,4965
575341,11926
575348,6741
575350,2416
575368,9321
575373,4963
575375,9389
575377,0
575386,6579
575436,6279
575437,4341
575464,4140
575488,4980
575510,6032
575511,12633
575521,8268
575540,6360
575542,11337
575543,0
575559,5043
575561,3752
575562,0
575565,0
575575,10647
575579,4740
575599,5280
575610,4991
575616,3647
575619,4802
575620,4309
575634,2992
575635,4347
575659,2694
575669,0
575693,4274
575732,8470
575735,9301
575751,7312
575753,7605
575765,7145
575784,0
575833,5252
575837,4051
575839,18795
575841,9178
575842,6866
575843,5379
575853,6383
575856,4429
575862,3320
575874,7711
575880,2737
575896,9197
575905,5650
575911,4130
575926,5173
575931,5042
575948,8628
575949,0
575960,9188
575980,6113
575982,7536
575986,0
575995,6680
576004,12705
576007,4558
576017,6673
576039,13041
576070,9428
576087,6438
576113,0
576143,0
576154,10265
576161,13106
576189,10390
576209,10411
576219,0
576221,10309
576227,3969
576234,0
576246,3511
576248,4483
576257,5214
576263,0
576280,0
576294,6608
576303,3050
576306,3308
576315,3936
576318,3874
576322,9994
576336,2284
576341,5575
576348,5095
576355,9801
576388,6480
576396,0
576403,4875
576413,7791
576419,7108
576428,7124
576432,11914
576439,2094
576440,4951
576447,8256
576452,6190
576463,8670
576473,9306
576477,2663
576485,7495
576496,2370
576534,6190
576536,4442
576551,3299
576563,18111
576586,14382
576593,0
576602,6014
576625,8020
576636,7220
576637,10520
576646,7447
576657,7484
576659,9428
576663,8393
576665,0
576683,8780
576684,5082
576700,9496
576722,4708
576723,6898
576727,5674
576737,4816
576740,5233
576758,0
576762,0
576763,8710
576767,4457
576780,5605
576789,8638
576791,0
576808,0
576811,5062
576819,4927
576822,4580
576829,5568
576888,8315
576895,0
576897,5369
576908,8220
576927,6801
576932,10098
576947,0
576970,0
576972,12084
576976,6147
576996,11966
577004,4001
577023,5760
577043,4638
577051,0
577076,0
577088,10715
577102,0
577103,8460
577110,6129
577119,8224
577123,7145
577127,5092
577129,4357
577138,5164
577148,11720
577159,5700
577166,8457
577168,7122
577175,0
577183,5299
577194,0
577232,14608
577244,9041
577252,5011
577298,0
577307,0
577336,6275
577346,3582
577367,7908
577371,3742
577372,5384
577373,12006
577375,9138
577384,11270
577400,4340
577405,0
577408,4425
577412,8470
577413,10802
577418,8920
577421,9710
577432,4437
577449,22434
577455,5519
577456,7825
577470,0
577492,4644
577498,7329
577521,6439
577527,8141
577542,0
577559,0
577573,9291
577579,6232
577582,4476
577587,3818
577614,11239
577616,6565
577631,7946
577633,3267
577634,3504
577658,5741
577663,6168
577683,7271
577725,7888
577739,4994
577770,0
577781,3373
577784,4275
577805,7138
577821,4689
577829,4351
577830,1080
577834,6155
577837,0
577850,4555
577877,11667
577905,13612
577907,5724
577908,7841
577909,3069
577937,0
577963,0
577981,3077
577994,4071
577996,5844
578013,4147
578017,4324
578018,5190
578031,7422
578034,4855
578038,4888
578041,0
578046,6667
578048,0
578054,0
578055,8342
578062,5252
578068,5058
578092,6517
578110,0
578136,5150
578139,0
578140,0
578157,8621
578158,4652
578159,10457
578164,8060
578172,5920
578177,6042
578187,7874
578191,0
578196,0
578205,18522
578236,6365
578253,0
578267,7970
578276,1587
578279,0
578293,5212
578300,3924
578303,0
578316,0
578323,10400
578329,0
578336,0
578337,6981
578340,9291
578351,6803
578382,4401
578386,4454
578397,7653
578402,7265
578415,11900
578418,5685
578436,11343
578451,0
578452,6587
578474,5632
578494,7792
578497,7297
578502,8147
578516,0
578522,5437
578545,7453
578547,4326
578552,7804
578558,4760
578590,0
578601,6376
578607,6454
578629,0
578639,0
578641,8047
578656,3753
578662,3374
578663,5764
578666,6274
578681,4728
578685,4347
578698,10833
578699,1296
578720,0
578724,8725
578729,9961
578730,8492
578736,5934
578741,5924
578742,6754
578760,6992
578767,0
578799,8827
578809,8210
578812,4446
578826,8318
578837,10513
578845,0
578850,6483
578866,5451
578880,0
578886,13412
578907,0
578909,3991
578912,4584
578918,13259
578924,9239
578935,8167
578962,0
578964,3546
578977,11209
578981,6134
578990,6361
578991,5862
578993,3975
578994,8302
579010,8390
579016,6904
579028,0
579040,9046
579041,4730
579045,4834
579048,9079
579058,6976
579067,2732
579069,4683
579078,7617
579084,0
579087,7738
579089,0
579096,6420
579109,0
579135,11061
579143,6155
579150,0
579154,7916
579164,0
579169,5883
579176,5563
579181,0
579186,5823
579195,5766
579215,8857
579219,6133
579228,3804
579239,3597
579240,4233
579249,4886
579257,0
579262,3759
579295,4796
579317,7669
579330,9040
579345,8080
579349,7838
579350,6470
579351,3834
579360,7837
579391,6262
579393,7817
579402,5341
579403,3401
579411,7458
579421,18943
579431,12048
579441,3435
579453,0
579454,5795
579466,3763
579467,7104
579469,5824
579492,11269
579497,13220
579499,0
579502,8716
579507,5781
579508,9457
579511,7012
579512,2197
579517,6006
579536,3146
579540,13026
579560,0
579562,8000
579574,10795
579577,6529
579585,0
579590,5638
579599,8886
579603,2310
579604,1099
579616,7134
579662,3891
579669,8155
579676,2739
579689,0
579703,6024
579705,6463
579711,0
579736,0
579749,6518
579759,5641
579764,5785
579780,0
579783,4174
579787,7523
579789,7933
579793,3936
579815,9037
579843,5855
579847,0
579851,19180
579852,0
579862,6022
579864,8648
579869,0
579875,4736
579893,12220
579903,9148
579908,9728
579909,9652
579918,3883
579924,8407
579938,0
579943,0
579984,7659
579998,0
580000,0
580007,9418
580008,7610
580009,0
580011,9826
580055,5694
580073,7384
580090,3678
580105,9773
580110,8650
580140,5904
580194,3985
580206,7911
580249,22451
580259,5797
580282,5073
580285,4908
580286,7110
580295,6941
580296,6241
580312,0
580317,4598
580324,5628
580325,11539
580332,0
580369,4434
580373,1438
580408,6481
580422,7308
580437,10160
580441,0
580448,5173
580450,0
580480,6304
580492,6032
580493,5865
580494,4344
580502,3368
580506,9028
580526,5736
580534,0
580549,3463
580552,4845
580576,0
580579,13766
580597,6951
580599,5977
580609,6368
580626,8986
580629,7211
580637,0
580638,2664
580639,0
580654,5073
580660,0
580668,2363
580671,0
580696,9372
580697,12517
580704,3941
580727,4586
580740,0
580748,7455
580766,5065
580782,9215
580786,2754
580797,8226
580802,0
580808,8888
580810,0
580812,5803
580816,7040
580832,8842
580837,4914
580846,4564
580849,4800
580882,6530
580885,0
580899,0
580918,5922
580923,3626
580927,10481
580941,10747
580950,5672
580951,8355
580970,5860
580971,4203
580974,5012
580990,4373
580991,6591
580997,6624
581010,4002
581019,2805
581030,0
581036,5540
581048,6399
581066,10318
581083,4600
581086,6687
581089,9449
581096,0
581117,3920
581120,5145
581127,5865
581138,7462
581148,7221
581150,8343
581157,9730
581174,5351
581187,0
581192,7513
581204,6866
581220,8309
581243,0
581245,6305
581265,3591
581279,8885
581285,5200
581289,8260
581299,6241
581341,4188
581346,4789
581369,7288
581388,0
581398,7820
581409,5438
581410,0
581427,5025
581434,6284
581436,8419
581446,0
581476,7513
581479,3915
581482,4359
581499,6427
581502,6140
581505,0
581508,4938
581510,3696
581546,4546
581547,9691
581559,0
581574,4271
581578,7408
581587,3743
581602,6239
581608,6992
581611,3753
581623,3430
581633,7378
581635,7971
581638,6628
581643,3663
581645,7029
581649,0
581657,4644
581662,12064
581670,12294
581678,5608
581684,0
581689,2706
581698,0
581727,4251
581746,5720
581774,0
581783,7222
581801,6934
581802,7363
581836,11757
581860,9509
581862,5208
581868,4941
581870,5355
581877,0
581879,7000
581884,4152
581887,7864
581896,8320
581900,3758
581919,0
581921,6524
581923,4875
581942,5966
581955,6051
582002,4577
582023,0
582024,9006
582025,9181
582040,5779
582046,7326
582060,8266
582069,7584
582080,6342
582098,0
582099,7072
582112,5962
582121,7334
582138,6878
582142,0
582144,4927
582147,4694
582155,11025
582162,4373
582167,9243
582178,5523
582191,10884
582198,7271
582200,0
582204,4976
582211,3370
582232,7898
582233,9838
582234,0
582280,7615
582284,0
582289,3430
582290,6137
582312,0
582329,13050
582331,5586
582350,3809
582351,5912
582362,10730
582365,5122
582369,6654
582376,4195
582382,0
582385,4242
582390,6568
582416,4684
582419,5017
582422,6064
582432,4640
582436,0
582437,8577
582443,8695
582451,0
582452,5296
582482,9488
582484,7066
582497,11018
582526,6889
582528,18541
582541,6411
582551,7340
582559,2448
582562,7164
582571,6017
582599,6962
582604,5993
582607,9359
582615,7141
582616,0
582624,0
582630,11471
582640,7888
582667,5836
582668,6775
582681,4942
582687,7945
582692,10440
582720,7008
582724,4495
582727,8008
582742,5815
582765,2888
582784,2588
582789,4528
582793,5786
582807,10308
582822,0
582836,5946
582843,16197
582886,3933
582901,3504
582920,0
582921,9714
582924,3440
582933,5486
582941,8680
582945,1683
582968,6586
582978,8349
582982,3112
582984,3010
582986,4900
583000,15131
583007,27534
583012,6739
583022,7182
583023,6260
583024,5262
583032,10587
583036,3981
583044,4604
583051,9742
583062,0
583068,3854
583070,5498
583078,4850
583083,6854
583096,6687
583110,9147
583119,7329
583122,0
583126,4991
583139,10404
583149,4684
583153,5914
583154,0
583156,7659
583160,5600
583162,3396
583167,5408
583172,6100
583188,8081
583192,6866
583210,5436
583211,9619
583214,5421
583218,4585
583219,7897
583237,7183
583239,6467
583263,6542
583271,5312
583273,10279
583291,8493
583295,0
583297,15169
583301,10250
583323,7005
583338,0
583343,4609
583351,4142
583365,7383
583377,8668
583402,3757
583405,9911
583410,3904
583415,6896
583423,18145
583424,6091
583431,4787
583446,6069
583469,8703
583474,7916
583479,11518
583486,3238
583487,5689
583490,5607
583492,5011
583516,0
583526,6068
583531,6444
583539,13767
583546,6557
583555,0
583558,5489
583560,4865
583566,5252
583574,5382
583592,0
583598,12536
583612,7069
583622,2855
583625,0
583632,8231
583658,0
583668,0
583680,0
583684,7278
583686,4979
583691,0
583697,4669
583698,10114
583719,2408
583720,4623
583724,2913
583732,0
583753,7510
583761,4157
583773,4797
583805,0
583814,3142
583826,9355
583832,10284
583835,5878
583855,0
583891,9048
583901,0
583903,3820
583922,9421
583946,8515
583961,6296
583983,4850
583986,10250
583987,1969
583997,0
583999,8614
584001,0
584008,6952
584012,0
584013,7297
584032,6895
584070,4988
584076,5529
584089,0
584094,8396
584096,7292
584106,8108
584124,8190
584170,3236
584172,6730
584176,4192
584207,11293
584215,10052
584221,4181
584231,14854
584232,8245
584238,7978
584247,6249
584251,0
584261,7289
584263,3586
584287,4147
584293,0
584298,0
584306,0
584316,9603
584340,0
584342,4901
584354,0
584357,7425
584366,4658
584372,5307
584373,0
584379,5701
584381,18504
584384,4566
584397,4807
584398,8508
584413,6347
584418,3510
584419,7621
584424,6179
584425,4718
584426,3898
584444,6165
584452,0
584453,9759
584473,5332
584480,5594
584502,7186
584510,6894
584511,0
584514,7465
584518,6560
584519,4573
584522,6767
584526,6418
584538,6928
584543,4445
584545,6303
584550,4556
584552,0
584553,11900
584560,4576
584566,7116
584582,3404
584585,8758
584595,4824
584635,10365
584643,6416
584659,0
584665,0
584675,8805
584725,4607
584732,1714
584749,0
584766,5958
584768,12811
584783,4511
584785,6465
584803,4843
584804,3887
584810,12248
584811,13188
584817,11542
584828,6875
584834,3691
584837,7913
584865,9234
584871,4337
584880,5281
584882,0
584885,6938
584894,4366
584934,4703
584941,10909
584949,8264
584959,4084
584960,9626
584973,5388
584981,5131
585028,0
585050,11414
585054,6330
585059,2428
585065,5050
585066,4956
585078,0
585085,2695
585116,6103
585144,7567
585164,0
585165,20299
585176,8442
585182,17118
585202,4659
585209,6853
585231,7528
585249,6987
585258,9723
585268,12569
585272,0
585292,9396
585307,7654
585322,9864
585328,4929
585332,4035
585351,2450
585353,0
585354,7702
585364,7206
585373,0
585381,3088
585385,9831
585388,5713
585405,6064
585417,0
585421,0
585424,0
585429,5791
585450,7071
585465,0
585468,0
585474,6293
585478,10829
585486,2938
585495,5249
585507,5339
585527,9218
585531,0
585532,8771
585544,6516
585547,6070
585562,4805
585588,0
585598,8560
585611,5043
585613,0
585625,7306
585629,0
585630,6152
585637,0
585645,0
585650,3957
585665,10520
585685,4529
585696,6380
585700,7900
585707,5238
585711,15501
585743,0
585747,0
585755,6194
585757,0
585788,5433
585810,0
585812,4248
585815,12031
585819,0
585836,3239
585860,0
585867,6097
585874,5593
585875,8455
585881,4836
585890,7266
585903,11797
585904,0
585916,5236
585949,6387
585957,0
585977,4261
585985,6571
585986,7753
586004,5227
586016,4542
586019,6091
586020,0
586034,8353
586038,8478
586103,5383
586105,5521
586108,5928
586110,9557
586112,6342
586115,8094
586145,8582
586156,5541
586160,0
586168,6635
586170,7496
586180,3551
586183,6025
586184,11364
586191,6050
586193,7550
586196,6451
586219,4920
586221,6022
586246,10112
586255,10573
586261,6046
586262,6899
586285,8392
586300,6377
586305,8712
586314,3581
586315,8597
586337,6550
586339,6087
586356,5375
586365,2530
586389,6821
586410,8875
586411,4937
586417,5258
586426,4094
586427,4718
586433,0
586443,7045
586451,8761
586455,5391
586466,8369
586471,4257
586473,7296
586487,7534
586497,8015
586514,3773
586538,7785
586553,5518
586558,0
586570,8210
586582,8018
586592,5731
586599,7082
586601,6630
586607,5087
586611,15920
586629,3080
586641,3178
586647,8086
586648,5727
586649,8166
586689,5598
586697,4268
586714,6506
586717,0
586728,4376
586735,3558
586740,2730
586778,5992
586782,0
586783,5661
586786,5457
586787,7250
586794,8302
586826,10314
586847,0
586859,7279
586869,6865
586881,6365
586882,6835
586935,0
586950,7120
586961,7615
586964,6594
586968,0
587007,13310
587010,7547
587012,6831
587022,0
587023,4808
587031,6799
587043,7074
587059,0
587063,8414
587070,3634
587105,6310
587106,7754
587116,0
587120,0
587122,5637
587134,8909
587156,5216
587157,7080
587188,5138
587190,4646
587198,6570
587201,7299
587207,4947
587208,0
587217,7996
587227,9597
587246,3342
587262,14092
587265,5717
587279,11472
587287,6416
587295,0
587307,8067
587316,11507
587326,15577
587331,10576
587334,11177
587338,13103
587339,4617
587341,0
587361,7544
587369,7196
587377,5747
587379,5645
587386,6562
587400,4907
587408,3241
587411,8109
587413,4409
587421,0
587439,5097
587441,6178
587453,6576
587463,4196
587470,7694
587474,6231
587483,0
587485,7442
587486,7263
587500,6386
587512,0
587529,11760
587535,0
587541,0
587550,4058
587567,4203
587569,0
587572,0
587579,5006
587586,6560
587588,5456
587612,0
587634,7198
587635,4640
587643,0
587644,4608
587671,0
587676,7359
587679,10066
587723,4104
587741,5348
587743,4723
587747,9772
587767,0
587775,10550
587778,16043
587797,5909
587805,11098
587821,0
587848,4962
587850,5027
587857,6015
587862,4476
587866,4750
587880,5391
587882,5278
587889,7776
587891,4045
587902,0
587903,6441
587909,7647
587910,4550
587912,6261
587954,5834
587988,0
587989,7065
587995,6044
588006,7841
588012,7133
588029,0
588031,4866
588048,6841
588060,4420
588083,8148
588097,3774
588099,8119
588115,0
588128,6565
588131,4416
588133,11801
588164,13171
588183,5035
588201,7308
588205,0
588214,7041
588216,5829
588227,7167
588228,4944
588242,4264
588254,2846
588261,8288
588267,5672
588278,8153
588302,7395
588304,9363
588306,12790
588308,0
588312,0
588317,7692
588319,7133
588323,4751
588341,4776
588383,9060
588407,9654
588442,8361
588460,0
588474,5926
588498,0
588506,8784
588508,5728
588510,0
588513,0
588516,6430
588549,1998
588578,5551
588599,3360
588605,7672
588608,0
588610,4451
588628,7285
588632,7110
588636,6187
588644,9356
588645,10990
588668,4692
588683,5593
588685,7981
588697,2710
588701,0
588704,4948
588706,6591
588708,0
588709,6410
588725,5098
588738,6369
588744,6504
588756,9459
588758,5331
588762,0
588781,5566
588786,4682
588788,2807
588790,7607
588827,0
588831,0
588841,10845
588867,4718
588879,0
588886,4759
588898,6023
588899,4038
588903,9101
588914,4631
588922,5341
588945,0
588947,4376
588975,0
588986,5171
588999,0
589010,4926
589023,5839
589025,6050
589029,4984
589040,6876
589044,0
589054,4146
589064,4537
589068,6677
589069,4980
589108,5864
589131,3505
589133,10508
589137,5192
589141,0
589159,4362
589162,6635
589167,4499
589172,5424
589175,12251
589185,0
589231,6883
589242,10083
589243,9197
589244,12535
589250,8434
589284,3420
589289,14444
589313,6437
589337,5907
589339,8650
589345,3857
589376,0
589387,5062
589391,0
589399,2727
589424,0
589440,6001
589445,9074
589447,5267
589468,8011
589484,0
589490,5961
589499,5868
589515,6168
589516,8239
589525,4882
589582,0
589594,8500
589628,5466
589631,5763
589632,12499
589643,0
589662,6969
589664,6929
589684,0
589713,8729
589729,3695
589731,4108
589740,3527
589742,7201
589753,6418
589761,0
589763,3327
589766,8407
589768,6664
589769,5857
589770,6501
589787,10612
589796,9443
589805,10095
589848,7290
589857,0
589862,5235
589865,17807
589869,8815
589879,7664
589911,5273
589916,5605
589924,0
589957,5726
589962,4141
589967,7560
589973,0
589981,7090
589988,7570
589998,0
590005,6690
590023,9913
590045,5946
590046,13320
590062,8426
590079,6331
590088,8280
590090,5988
590098,0
590110,0
590114,17936
590118,5128
590126,2641
590142,12206
590143,6317
590146,5847
590164,10404
590171,5773
590175,9657
590184,4490
590201,5283
590208,0
590227,6147
590236,0
590239,4029
590250,6226
590252,4563
590274,6212
590316,6064
590364,4057
590368,0
590377,0
590391,5721
590400,6620
590402,8179
590411,8868
590420,18506
590431,12349
590437,0
590440,5711
590449,10483
590450,9239
590453,5035
590469,5148
590510,4325
590514,2817
590522,11771
590525,6609
590529,0
590551,5114
590564,5275
590570,5924
590594,5467
590607,6116
590613,11269
590638,6770
590641,3866
590642,9081
590652,9828
590653,10217
590663,6927
590666,3320
590680,6407
590692,6709
590719,0
590742,4563
590754,5048
590773,7723
590788,11615
590808,8667
590824,6604
590833,8708
590870,0
590875,3579
590884,4503
590903,4331
590907,5018
590913,7214
590916,0
590918,8609
590919,4167
590923,5573
590948,5367
590957,8587
590958,3688
590978,6367
590981,9944
590993,4412
591002,7369
591007,6441
591018,4981
591020,5302
591036,6578
591039,4883
591055,0
591061,1385
591062,2467
591072,5449
591077,6030
591084,0
591098,4745
591103,0
591106,3396
591121,4600
591150,4546
591162,22306
591163,17352
591164,6553
591165,5005
591166,8197
591167,4587
591171,4990
591184,8045
591186,5121
591199,6609
591201,2616
591204,4825
591209,9881
591216,0
591230,10361
591252,4475
591260,0
591267,4336
591280,11373
591288,4730
591289,0
591292,6498
591294,0
591297,5068
591301,8038
591303,4008
591323,0
591329,10236
591336,5035
591354,0
591356,7062
591374,9583
591390,3419
591392,5732
591396,3054
591398,8954
591409,6261
591417,5392
591418,6988
591419,5465
591454,9412
591475,7861
591492,0
591506,0
591548,3732
591562,0
591571,0
591576,14211
591594,4822
591597,4399
591605,6033
591608,7321
591619,22381
591620,4622
591634,5500
591635,0
591642,11115
591648,6591
591665,5313
591666,7002
591676,0
591682,0
591685,9053
591689,5735
591695,4592
591712,5830
591715,7254
591726,4500
591764,4222
591766,14904
591771,8874
591794,6710
591795,0
591807,6743
591809,7129
591811,14091
591832,3357
591836,7796
591858,4084
591862,9973
591912,0
591931,0
591944,7583
591946,2744
591952,5416
591955,4959
591965,7200
591969,5675
591993,7815
591997,5836
591998,5394
592003,3625
592004,0
592009,6991
592012,0
592014,0
592033,6816
592037,5067
592040,7199
592050,13863
592100,6735
592109,7724
592110,6200
592112,6402
592116,5959
592124,3956
592125,0
592129,4957
592141,10407
592167,6524
592174,13225
592177,5028
592184,6163
592193,6250
592199,5696
592219,4881
592221,10338
592227,5864
592233,9364
592235,8680
592242,0
592243,0
592252,7625
592264,4650
592275,0
592276,0
592294,0
592304,0
592317,7344
592319,6272
592327,0
592334,7334
592335,5074
592342,8635
592345,6188
592354,3822
592356,6416
592362,9659
592367,3768
592369,0
592371,4222
592387,7277
592415,0
592416,9145
592428,7726
592440,8658
592442,3964
592454,4679
592464,15560
592468,5215
592469,8198
592474,17557
592479,4843
592484,0
592497,4438
592505,5572
592512,6100
592521,6902
592528,5922
592532,0
592540,11214
592555,0
592562,7111
592572,0
592588,0
592599,9715
592602,5510
592613,0
592620,5650
592624,4012
592626,8734
592631,11900
592636,9380
592657,7227
592658,9421
592659,8828
592662,6533
592664,4391
592666,3013
592690,0
592699,8289
592718,6995
592722,0
592766,0
592796,4704
592800,3850
592812,7442
592829,10263
592842,11166
592845,5311
592851,2842
592857,5886
592860,0
592867,9509
592882,0
592893,9418
592894,0
592898,4973
592902,9341
592915,5663
592919,5390
592939,8445
592940,0
592945,4934
592950,0
592962,11089
592967,3919
592973,4669
592999,0
593017,3780
593021,0
593033,5309
593097,6622
593113,4964
593125,5380
593127,7204
593128,4894
593140,5233
593141,8079
593148,7080
593153,15346
593158,4342
593168,4839
593192,11734
593194,7974
593214,0
593219,7038
593224,18759
593236,8571
593244,0
593270,6359
593282,8181
593325,13085
593337,9020
593358,6060
593359,12978
593370,4582
593378,5462
593386,6087
593389,3805
593392,5530
593397,0
593419,6487
593446,9014
593453,7083
593456,5451
593458,7147
593460,12730
593467,0
593486,5379
593507,8783
593518,5849
593525,4190
593534,7913
593539,5769
593553,7405
593562,7095
593567,7040
593582,0
593593,4975
593616,0
593634,0
593638,6488
593644,6741
593671,7751
593682,6339
593684,0
593685,6526
593697,5495
593698,5619
593699,8965
593719,7592
593721,7109
593722,4891
593759,7562
593762,4723
593792,6961
593802,6132
593803,7828
593829,7891
593849,0
593871,8468
593875,0
593882,4056
593886,6201
593888,6907
593908,11068
593913,0
593924,9699
593928,0
593931,14270
593932,5039
593934,9248
593935,7880
593941,9654
593959,0
593966,6737
593977,0
593995,0
594005,14945
594009,6527
594012,7965
594013,0
594021,0
594029,5493
594041,6340
594059,6763
594080,4265
594093,6311
594109,7900
594138,6239
594143,9563
594157,4625
594158,6613
594160,6592
594162,16302
594163,2609
594183,6392
594197,5500
594200,4792
594202,8136
594208,7167
594221,5732
594229,3717
594239,0
594242,0
594243,6352
594246,10260
594259,5113
594269,0
594301,5044
594303,5874
594307,7807
594310,10270
594315,5852
594321,10178
594328,5576
594340,7165
594341,0
594355,7259
594365,8348
594402,2018
594405,5795
594412,3901
594432,5113
594441,5276
594444,4810
594450,0
594453,4531
594468,13124
594474,7992
594487,5975
594489,9020
594490,0
594491,4814
594504,9950
594508,0
594515,0
594527,4979
594528,5050
594541,8176
594557,11423
594558,5536
594573,9952
594585,8774
594600,4756
594609,5781
594622,5836
594641,4555
594651,0
594657,0
594658,11532
594667,5834
594687,13689
594692,5951
594702,7285
594714,13051
594738,3111
594759,9012
594766,3957
594833,4383
594839,6888
594840,5759
594842,4956
594854,0
594865,4836
594875,5912
594879,0
594884,7542
594896,6750
594925,5920
594939,6748
594953,6479
594969,5043
594992,5027
594997,5646
595006,6534
595009,6778
595013,0
595022,8373
595031,0
595053,3975
595057,3478
595074,9551
595095,6497
595104,0
595108,5163
595111,5045
595113,3387
595128,5795
595156,5960
595212,7018
595214,7089
595226,6605
595234,2907
595241,10394
595242,9110
595243,5507
595255,6135
595293,9618
595298,3713
595299,6238
595326,8267
595343,5411
595349,6808
595352,5572
595360,3631
595362,0
595363,7743
595378,3660
595379,7331
595410,3838
595417,4298
595421,4584
595429,8066
595431,4373
595439,5455
595442,6680
595445,7357
595458,4382
595487,8833
595488,12264
595492,4921
595494,5123
595503,8679
595510,8249
595528,0
595546,0
595547,8686
595558,4768
595561,0
595575,11045
595601,5209
595603,4769
595617,7322
595624,4597
595634,0
595642,4116
595649,6737
595656,10025
595692,5227
595702,9503
595724,9518
595727,4970
595735,10056
595744,7439
595749,3248
595750,4486
595753,9576
595765,4060
595769,8098
595783,5469
595803,3329
595806,4010
595809,9628
595823,6239
595824,0
595873,5364
595874,8451
595878,3791
595880,14546
595912,5134
595919,0
595924,6400
595937,7442
595939,9526
595959,5914
595961,5895
595993,7476
596004,7479
596029,8969
596035,3426
596043,4191
596050,10758
596052,7122
596056,14236
596061,3513
596094,0
596099,1854
596114,9901
596124,18279
596142,0
596144,5832
596156,0
596161,0
596162,0
596171,9672
596172,7425
596173,4663
596192,4741
596199,9358
596212,5664
596227,8103
596234,9972
596255,6318
596257,3787
596260,8710
596261,4196
596264,10145
596286,0
596293,3138
596304,6492
596310,9706
596316,8921
596318,3558
596339,3875
596360,6285
596364,19384
596369,0
596373,15024
596382,0
596388,0
596404,0
596419,6399
596421,6193
596427,3373
596433,8083
596439,0
596444,12853
596446,7327
596453,7971
596456,0
596474,7605
596522,3951
596535,7041
596540,8257
596551,5680
596553,6950
596556,9755
596562,5230
596576,11805
596587,9294
596594,5973
596599,0
596608,4504
596610,6152
596612,5923
596614,3414
596615,7203
596636,3295
596660,9328
596669,3844
596681,4812
596692,15490
596696,16050
596701,5660
596707,5239
596708,4039
596742,4343
596751,0
596784,6592
596798,6267
596812,6457
596823,5191
596828,3522
596835,0
596843,6048
596847,7094
596877,9492
596897,2464
596901,2201
596913,7776
596916,0
596918,4487
596927,6433
596933,0
596941,6379
596958,2875
596962,10356
596965,14864
596975,5472
596979,9102
596981,6123
596993,3910
596999,0
597005,12026
597010,8005
597026,5362
597038,0
597040,7675
597052,11051
597054,11117
597083,0
597085,6417
597088,0
597101,7498
597103,5801
597117,9047
597129,10236
597142,8713
597196,0
597199,5901
597216,6056
597218,10234
597222,0
597226,5127
597227,0
597243,0
597288,8261
597295,5311
597302,4836
597312,7416
597314,5199
597327,4681
597328,4429
597335,4914
597342,6550
597346,7586
597348,0
597356,8133
597370,6956
597380,8793
597394,17156
597399,5097
597411,9593
597413,10124
597420,6354
597437,4879
597440,8772
597446,5219
597459,10786
597479,0
597492,9168
597524,6390
597527,0
597545,8021
597554,6235
597571,4015
597577,7913
597583,3477
597588,0
597590,6240
597592,10633
597611,2016
597619,6721
597622,0
597624,7032
597625,5162
597627,15918
597632,6843
597643,7240
597671,5784
597693,9571
597699,7409
597704,8276
597719,8448
597739,3839
597745,5471
597748,7694
597752,3709
597760,8789
597766,5378
597767,7686
597774,0
597785,7515
597801,8415
597816,7293
597819,4936
597831,3863
597833,3815
597840,4444
597854,6448
597865,0
597873,0
597888,0
597893,10499
597895,0
597900,8476
597902,6225
597904,0
597918,6967
597923,4501
597927,4214
597930,6532
597948,4898
597952,8065
597953,0
597959,11224
597960,1924
597965,11194
597967,7200
597980,7836
597984,7495
597986,6786
597987,8612
598005,8928
598025,4282
598048,7958
598050,3692
598051,10376
598062,7594
598063,7508
598067,3968
598087,0
598098,0
598099,4634
598117,8523
598123,5420
598126,4025
598134,0
598137,5396
598140,3928
598149,6216
598179,5293
598181,8475
598200,7384
598203,11171
598207,5332
598209,4114
598222,4580
598236,4762
598251,4585
598253,8683
598259,0
598270,8252
598277,4164
598280,6577
598281,0
598291,5626
598321,7525
598342,10647
598346,6485
598367,9820
598368,5733
598379,0
598388,8213
598390,5922
598393,0
598396,0
598400,10315
598419,3000
598443,5797
598444,5530
598452,5431
598459,0
598460,7772
598470,5009
598504,19039
598513,8354
598515,7518
598517,8032
598518,9881
598527,6941
598540,8348
598550,3765
598558,8095
598565,8237
598568,4823
598570,9609
598589,0
598606,9440
598609,4146
598628,11288
598680,4985
598696,7925
598706,12437
598715,0
598721,9231
598739,4520
598743,0
598767,6118
598778,4957
598795,5493
598811,5042
598845,0
598856,8521
598859,1439
598868,5477
598881,7232
598902,6235
598912,7801
598923,7932
598934,5825
598941,5123
598959,15419
598962,3709
598980,17506
598983,0
598998,3944
599010,6249
599014,7418
599022,5682
599035,0
599039,8688
599041,10619
599046,4595
599050,5256
599055,7300
599114,4651
599131,9020
599139,3462
599142,6121
599143,4385
599151,0
599169,5858
599173,4414
599197,0
599205,12261
599207,0
599213,4500
599222,7641
599227,4218
599251,4156
599263,9490
599267,7136
599278,0
599282,5935
599285,4452
599291,11773
599293,5220
599306,1190
599312,8462
599317,4827
599321,5802
599327,5611
599334,6460
599337,7176
599357,4591
599363,7637
599368,4398
599372,0
599380,7834
599381,0
599413,0
599446,6905
599460,2932
599472,4767
599474,6668
599476,9539
599482,6315
599487,4287
599498,0
599515,0
599525,3230
599526,8918
599531,0
599533,5158
599536,6965
599539,16811
599551,7671
599559,0
599561,4359
599566,7173
599577,7455
599590,4511
599611,2922
599614,0
599629,7800
599640,5103
599655,6384
599661,9307
599665,3867
599670,4942
599680,4852
599681,7135
599691,11857
599692,6144
599697,13761
599712,4318
599745,0
599748,5910
599753,0
599783,11440
599788,0
599790,1131
599791,0
599798,10293
599801,0
599804,0
599805,8719
599808,10574
599817,3210
599826,5549
599827,4948
599840,15285
599852,5966
599860,9131
599871,4652
599877,0
599887,7343
599905,2922
599916,0
599923,0
599926,4091
599937,6420
599947,3311
599966,2276
599988,6569
599989,11114
600021,6025
600030,8746
600037,5389
600052,6235
600058,11379
600062,8699
600076,3977
600087,4875
600096,12742
600097,0
600110,8484
600114,5837
600117,0
600131,0
600135,4944
600151,10580
600179,10738
600184,0
600186,5398
600189,12146
600197,0
600205,4889
600207,0
600209,6425
600219,0
600232,4915
600236,5537
600259,7205
600270,3654
600271,6273
600274,4930
600278,4540
600297,0
600303,0
600307,0
600315,4848
600319,0
600323,0
600328,7226
600334,0
600337,7413
600340,11428
600348,9417
600350,7112
600374,15181
600410,4665
600414,9228
600415,8737
600453,0
600456,6915
600466,13714
600474,0
600475,15281
600489,4176
600496,12714
600506,0
600521,0
600529,5885
600532,7030
600537,2676
600563,2765
600566,4386
600575,0
600576,0
600608,6656
600629,4955
600644,5049
600649,5152
600658,4631
600676,10425
600679,4348
600695,10061
600707,6919
600711,5919
600732,6312
600733,6220
600738,0
600750,16709
600753,0
600771,2902
600776,0
600785,6234
600789,0
600804,0
600813,3397
600814,0
600823,0
600831,6788
600842,8307
600850,6004
600864,5821
600874,6062
600883,5381
600901,7428
600902,6962
600905,6402
600910,5451
600922,6654
600931,21040
600947,9687
600960,4441
600983,5517
601006,5083
601019,0
601021,10866
601040,3360
601060,3947
601068,0
601072,14719
601083,6890
601087,6022
601096,7108
601101,7500
601111,5219
601114,5069
601121,6106
601123,4747
601126,0
601151,0
601152,8852
601171,0
601180,4653
601184,8070
601188,4101
601204,4373
601208,8917
601233,8489
601238,11376
601253,9367
601256,7168
601272,4970
601277,0
601278,5226
601292,0
601307,4258
601316,0
601320,6081
601321,6455
601336,7600
601339,5887
601340,0
601342,9341
601346,5350
601351,8253
601365,8648
601366,2330
601368,0
601377,7960
601427,3356
601437,8434
601440,8666
601478,5078
601486,7051
601491,10904
601496,0
601504,0
601506,0
601507,4150
601525,6114
601536,19310
601542,10231
601548,4930
601554,6084
601558,5102
601563,0
601580,7824
601591,0
601600,7239
601622,5699
601658,3870
601663,2918
601668,9037
601694,4095
601703,8647
601711,5994
601713,8764
601715,0
601719,4968
601727,6242
601741,4535
601742,5103
601761,7924
601781,4413
601785,7016
601786,3965
601789,0
601802,0
601812,2538
601820,6904
601821,8042
601823,6794
601825,5643
601840,11434
601845,5793
601864,7752
601868,4206
601876,6776
601880,4173
601911,0
601914,7372
601916,3988
601942,9773
601946,0
601948,11645
601951,8105
601953,0
601955,2980
601958,0
601970,7212
601978,0
601986,0
601988,4135
601992,8603
602030,3522
602034,4497
602035,6641
602044,17436
602071,0
602095,0
602115,3424
602122,11732
602139,7161
602153,13397
602162,9916
602192,5783
602197,9302
602203,4666
602212,4454
602215,11803
602224,7899
602229,0
602238,7469
602239,3375
602251,12193
602257,4302
602283,3995
602319,6072
602329,0
602338,6447
602355,8855
602356,8638
602366,8589
602375,7924
602377,17937
602381,4846
602403,6596
602416,0
602419,7450
602429,3634
602438,7464
602439,0
602455,12126
602456,10267
602457,6951
602461,3803
602464,0
602473,8069
602477,0
602478,6989
602481,6644
602484,0
602491,7972
602496,5339
602498,14551
602504,8133
602520,10226
602525,6719
602551,7228
602557,6925
602566,7521
602575,4621
602588,8990
602595,12293
602635,6985
602640,6940
602659,8723
602666,8701
602672,6185
602690,13483
602692,0
602706,5925
602707,5012
602718,7285
602719,0
602723,10621
602725,5752
602727,8943
602732,20461
602745,8142
602757,0
602761,0
602775,6385
602787,7859
602792,4408
602794,3760
602798,7709
602815,0
602819,6678
602844,0
602865,4618
602880,11864
602896,8709
602903,0
602929,7251
602947,6966
602950,12144
602977,2851
603000,6114
603006,6139
603036,7252
603038,6707
603045,5642
603049,8699
603054,0
603058,4130
603090,3629
603091,3563
603105,4485
603121,6918
603123,4898
603142,9413
603150,3100
603158,5136
603180,0
603185,4926
603195,7280
603201,3084
603204,5669
603210,0
603220,18971
603227,5388
603233,7144
603236,5902
603245,0
603252,7763
603259,8975
603267,8728
603285,5241
603311,3195
603314,11817
603332,5223
603338,4733
603339,8635
603341,8085
603348,7875
603362,5416
603368,5781
603372,4379
603402,7645
603404,5541
603410,4087
603417,5780
603426,5857
603463,8878
603465,10933
603467,7915
603484,6454
603516,6318
603535,3755
603538,6375
603554,7528
603555,4542
603566,8923
603573,3673
603590,5283
603596,6462
603601,7564
603606,0
603635,2940
603644,5889
603651,5097
603657,5026
603671,8896
603673,5116
603681,0
603739,5855
603746,0
603751,3622
603774,9869
603794,0
603799,0
603803,6170
603817,8268
603818,14720
603827,5899
603839,5613
603843,5564
603857,3906
603860,4627
603873,0
603894,3995
603915,5806
603928,2080
603943,11079
603955,5657
603974,7074
603985,0
603989,2684
603993,11051
604017,5685
604018,8013
604029,0
604044,6628
604055,0
604072,0
604103,3218
604120,3567
604128,6253
604131,5212
604136,6525
604144,5908
604145,6115
604150,7384
604172,0
604175,8085
604180,4151
604182,6856
604193,7150
604206,4397
604220,6968
604224,8481
604229,0
604263,14332
604275,8569
604277,5160
604279,7211
604300,12177
604312,4293
604317,6372
604364,5770
604370,7469
604372,9646
604389,5085
604412,7187
604414,2942
604418,10351
604431,5356
604475,6349
604480,0
604490,0
604508,10788
604516,0
604518,2843
604552,3599
604564,7267
604571,7104
604600,10038
604607,5600
604614,8948
604616,7042
604626,6813
604638,5485
604657,11401
604661,5564
604662,10153
604663,0
604665,5104
604669,11995
604685,5077
604688,7099
604690,7180
604699,7681
604725,3429
604732,6116
604750,0
604754,6655
604756,8425
604757,9217
604759,4674
604762,5313
604767,9068
604771,0
604777,6884
604779,4373
604792,13914
604795,0
604811,5024
604829,10535
604835,4863
604840,4459
604844,5176
604847,0
604856,16638
604861,5762
604876,7096
604894,4431
604896,3173
604909,5415
604915,0
604919,6727
604922,9243
604923,14188
604925,3773
604928,5077
604932,10453
604948,5076
604980,8990
604981,0
604990,5728
604996,24898
605007,4918
605008,7879
605017,8118
605019,0
605021,7005
605057,6612
605067,10257
605071,4164
605072,4635
605077,5973
605082,4496
605098,3892
605107,7689
605110,8622
605112,17147
605118,7825
605119,17344
605122,7038
605148,0
605171,0
605184,0
605189,0
605217,5163
605226,0
605230,4871
605245,10057
605249,0
605257,6159
605266,8544
605271,0
605272,0
605273,5554
605287,0
605306,8436
605316,0
605321,5021
605341,9688
605360,8509
605370,0
605372,4807
605407,6725
605419,5682
605421,5763
605432,7932
605465,6375
605468,9221
605469,4994
605480,1474
605481,5228
605482,6216
605514,4388
605516,3238
605534,7346
605539,8951
605555,5081
605570,0
605590,12102
605600,5724
605605,3945
605619,6528
605624,0
605633,11171
605642,5004
605648,4276
605663,4563
605664,0
605693,8658
605716,0
605728,7318
605735,4842
605740,9256
605750,5508
605753,4363
605766,4504
605819,10107
605820,4676
605834,8284
605842,5486
605843,11964
605851,7709
605863,10365
605867,9984
605874,6064
605877,4276
605879,7492
605885,2541
605890,0
605897,0
605929,0
605947,0
605951,11545
605977,18199
605982,7824
606002,7960
606019,8130
606049,5885
606095,4609
606100,5017
606108,7511
606119,5255
606152,4213
606202,0
606205,7360
606206,6023
606207,0
606218,4386
606228,9264
606239,15388
606252,5557
606255,7770
606280,0
606297,6088
606303,5119
606306,10873
606308,8067
606310,4465
606314,7047
606321,9354
606327,7984
606329,11544
606368,20017
606384,0
606389,5174
606392,4872
606410,8424
606422,7983
606425,6364
606479,5799
606489,0
606506,0
606508,4283
606514,10462
606528,6936
606532,4136
606535,0
606552,0
606558,12765
606569,4984
606605,0
606613,3981
606615,4809
606620,0
606629,7591
606630,3665
606640,0
606649,9927
606651,11611
606666,10393
606688,10553
606695,2900
606701,5773
606704,5278
606709,6187
606724,4387
606729,9211
606734,6000
606739,7060
606750,6080
606753,0
606754,0
606798,7501
606799,0
606803,6246
606819,10574
606843,6112
606845,8708
606866,6789
606869,7678
606870,4228
606872,5939
606881,0
606896,9904
606910,3852
606930,10782
606936,4161
606946,5421
606966,6579
606967,5109
606991,10824
607005,7838
607007,0
607010,6632
607014,0
607015,5744
607016,5300
607027,0
607034,4644
607037,4078
607038,4806
607043,10351
607046,5418
607055,9122
607068,6453
607075,9657
607079,5130
607080,0
607081,5925
607082,11174
607099,7241
607100,6998
607122,0
607129,2815
607155,9311
607157,6891
607164,7900
607169,11809
607170,7040
607177,10015
607180,9837
607210,4826
607221,13880
607236,12129
607237,8355
607239,6051
607251,9363
607263,9335
607281,8686
607288,5209
607297,7631
607323,4850
607331,0
607332,3780
607344,7376
607367,5353
607374,11280
607383,0
607392,4667
607401,3939
607418,8878
607425,10162
607445,8068
607461,9035
607473,12269
607498,9509
607511,8364
607533,6143
607546,5722
607562,5548
607568,11427
607574,9634
607590,5192
607603,0
607649,6886
607652,7211
607658,12278
607670,0
607675,6162
607677,7358
607687,0
607690,11474
607699,7144
607703,0
607711,12517
607728,5076
607758,7080
607766,0
607777,5078
607781,4986
607785,8465
607796,3660
607797,3725
607799,5082
607811,7931
607813,5863
607816,4481
607830,8748
607831,7857
607840,10983
607845,5508
607876,6674
607906,9328
607912,5535
607930,4951
607952,4823
607956,6594
607970,9785
607986,7358
607990,9311
608007,0
608022,6041
608038,5400
608046,0
608070,5556
608078,0
608084,0
608095,0
608100,5718
608107,7003
608127,12302
608136,0
608159,0
608174,5462
608183,5991
608198,7379
608204,5929
608209,3306
608212,9715
608229,3768
608244,5639
608245,10466
608247,0
608264,6262
608303,2876
608307,5107
608316,14458
608331,8981
608333,4451
608389,14655
608395,9225
608410,6604
608419,3747
608455,0
608466,7377
608467,7330
608472,9236
608484,6482
608497,7445
608507,4172
608508,7866
608524,10716
608529,5771
608534,3084
608538,6769
608541,5588
608546,4316
608548,3853
608562,6343
608563,8147
608581,0
608585,10977
608587,7859
608596,4121
608597,5920
608599,9013
608600,8225
608618,3978
608626,0
608630,18140
608633,6910
608642,4368
608646,7650
608656,9729
608663,6478
608665,5887
608666,0
608668,9517
608687,6342
608689,9179
608690,2847
608698,7662
608709,5134
608710,6052
608743,5739
608750,6125
608755,6957
608762,5092
608767,9548
608771,10448
608805,5319
608818,7784
608822,6426
608826,6790
608843,0
608857,6184
608875,0
608882,7823
608886,4126
608892,1722
608906,0
608918,4072
608930,5884
608934,11244
608937,13213
608939,12488
608943,7304
609002,12616
609004,6470
609025,7403
609043,5696
609047,3804
609051,0
609056,824
609059,3495
609061,16357
609064,6328
609067,5061
609074,5738
609088,6623
609103,7503
609121,4813
609127,12932
609137,5811
609140,10331
609171,13617
609173,7330
609177,11894
609180,5639
609204,10611
609207,0
609218,7787
609224,6321
609239,0
609242,6751
609254,6969
609259,4370
609261,14058
609262,10830
609264,5659
609288,7214
609296,5324
609303,3260
609308,5463
609311,4031
609326,11118
609329,0
609343,13395
609364,13148
609368,2442
609382,6371
609387,6748
609391,0
609404,0
609425,5464
609437,5760
609447,5238
609454,0
609473,7835
609474,7773
609480,7765
609488,0
609489,4648
609496,7852
609501,10248
609530,7335
609536,8035
609541,2129
609555,0
609565,6643
609581,6290
609606,4982
609608,9112
609626,9568
609628,0
609638,2741
609667,15544
609670,6051
609674,0
609678,6923
609679,0
609684,15612
609689,0
609693,0
609694,11315
609713,5270
609723,6896
609730,10714
609735,5824
609743,8453
609745,7959
609749,0
609753,8424
609760,7316
609781,0
609783,8427
609786,7679
609790,0
609802,8822
609810,0
609814,6781
609821,5102
609826,7666
609828,0
609831,3350
609835,13760
609836,3191
609842,3261
609847,5324
609848,12811
609852,10660
609859,0
609860,4346
609902,0
609936,5813
609942,0
609951,11810
609969,10247
609972,0
609984,6072
609991,5583
610004,6484
610014,15994
610025,7179
610030,13049
610034,4249
610043,4984
610049,0
610055,7040
610059,4343
610061,10372
610070,8534
610079,0
610093,6303
610100,6804
610110,4849
610112,4569
610121,4795
610133,11805
610151,0
610158,10706
610159,0
610161,0
610170,3983
610172,9160
610184,4141
610190,0
610211,5501
610223,0
610238,6657
610240,4328
610249,6811
610251,11741
610258,0
610261,0
610273,5329
610274,0
610290,0
610292,5222
610296,4083
610301,4073
610305,0
610307,14748
610331,5749
610352,5263
610359,7411
610371,6243
610374,3342
610383,0
610384,7986
610401,4283
610407,7906
610419,6418
610430,9997
610491,8933
610495,6285
610503,8775
610504,16010
610529,0
610532,7548
610540,5474
610571,6744
610584,3813
610589,0
610590,0
610614,7991
610626,6387
610632,6565
610639,6439
610646,6287
610648,4571
610649,5382
610663,2858
610667,8733
610673,9685
610679,6000
610687,4483
610696,4513
610699,0
610707,6476
610715,0
610760,15590
610782,0
610785,6698
610789,6321
610794,8830
610797,6738
610808,10448
610811,9291
610812,12426
610848,7552
610854,8802
610855,4880
610861,7892
610879,0
610880,4969
610886,9510
610890,5856
610910,4979
610917,5389
610920,7501
610923,5846
610932,4662
610935,7197
610960,5284
610980,3523
611008,0
611038,7958
611039,8012
611050,19770
611059,10789
611061,4827
611066,9366
611071,6597
611073,7393
611081,5939
611082,4788
611092,6306
611096,7411
611097,5732
611112,5522
611117,3017
611126,5299
611129,5935
611147,6105
611153,10461
611156,4185
611162,3870
611164,6125
611179,6224
611184,6203
611196,8167
611203,6095
611209,4102
611217,3945
611224,8337
611227,10461
611228,3138
611237,7021
611252,5918
611265,0
611279,8155
611282,6154
611302,7755
611306,5767
611313,0
611317,6213
611331,0
611336,5829
611363,10442
611370,6248
611374,5579
611377,5168
611384,4193
611390,4429
611396,7174
611412,2926
611413,4014
611416,3652
611424,5057
611428,4835
611433,6615
611457,3199
611464,5356
611466,11579
611477,6343
611484,5584
611499,6665
611509,5388
611512,3912
611515,7313
611519,5035
611533,13179
611539,1807
611541,11409
611548,3859
611562,4794
611592,4625
611606,8599
611622,0
611633,3103
611652,3944
611656,9281
611667,0
611674,8013
611696,10778
611698,4346
611702,4656
611704,4507
611716,10274
611732,15104
611740,0
611753,7116
611786,3452
611796,7939
611815,0
611817,4364
611821,6190
611841,0
611846,7922
611860,5645
611868,5705
611881,5817
611882,6472
611885,9813
611894,7610
611903,14406
611933,10783
611936,6482
611941,5609
611951,8363
611957,6972
611958,7514
611962,9134
611969,6242
611971,7773
611979,8074
611984,11129
612024,0
612026,5455
612033,6417
612048,16805
612049,7174
612054,5200
612062,4066
612065,0
612073,5490
612087,9659
612092,0
612106,5002
612112,4763
612119,0
612120,10260
612127,3546
612129,5029
612133,6192
612141,7147
612143,11085
612144,0
612151,5751
612154,8323
612183,6190
612198,0
612221,6186
612222,6230
612231,0
612235,4767
612236,6610
612237,7673
612239,9278
612256,4462
612265,10724
612272,11663
612293,0
612296,12968
612313,0
612331,4874
612335,8396
612343,7152
612346,7609
612347,4964
612354,8793
612361,4639
612367,7496
612374,3264
612381,8855
612403,5390
612409,0
612410,5580
612429,2529
612441,0
612460,6108
612469,6338
612514,8705
612528,6214
612529,5479
612530,8782
612536,4379
612540,0
612542,6453
612548,11051
612560,8702
612575,0
612578,4732
612582,5127
612614,9567
612621,4082
612624,7102
612637,0
612655,6450
612659,8459
612665,2447
612674,8730
612688,0
612710,6783
612712,0
612720,7744
612724,6719
612729,7342
612731,0
612742,3583
612783,3419
612801,6798
612815,4544
612839,0
612843,4886
612844,18916
612846,8633
612849,13888
612852,3836
612855,0
612863,6025
612864,5223
612881,4927
612883,4678
612890,4205
612893,0
612895,6007
612919,11868
612920,18423
612923,7243
612940,6695
612966,5375
612978,6165
613002,7692
613010,8384
613044,8651
613049,8944
613098,0
613102,6359
613110,6482
613126,5378
613136,8190
613149,9146
613193,6503
613198,6108
613203,6212
613206,4913
613210,12947
613220,5892
613222,3898
613237,0
613254,5643
613260,11857
613272,0
613305,0
613339,6325
613352,5459
613358,7899
613361,14547
613365,14871
613409,2945
613427,8957
613444,4780
613459,6341
613460,4399
613461,6444
613469,4760
613478,0
613488,6955
613505,4975
613510,5178
613511,0
613520,4364
613540,6698
613542,5958
613544,0
613551,5511
613552,9634
613562,5028
613566,4844
613568,6049
613620,8289
613622,6432
613634,6034
613636,6471
613646,4277
613663,6084
613665,6996
613671,5435
613680,6840
613684,7145
613713,3955
613722,0
613732,6600
613738,6158
613748,5874
613753,10845
613764,9453
613770,7988
613774,8847
613780,6039
613782,6516
613801,5841
613811,5983
613825,6833
613835,8857
613839,6054
613842,8824
613848,0
613863,3674
613891,10188
613892,12768
613893,0
613900,7090
613905,4737
613921,4606
613926,7410
613934,0
613953,7138
613964,8561
613984,8327
613986,5625
613988,5322
613997,7384
614009,3874
614011,0
614015,7722
614022,5089
614031,0
614033,6774
614041,8253
614043,4205
614046,11639
614047,2251
614057,0
614058,0
614083,7533
614094,6219
614099,9520
614109,14818
614134,5486
614143,9055
614146,6616
614153,0
614155,6716
614158,20991
614172,6940
614176,13658
614196,8022
614212,3105
614219,3077
614222,6831
614250,9102
614256,8947
614265,6068
614278,8345
614282,0
614283,6877
614299,9680
614301,0
614320,6860
614333,4990
614334,2274
614351,4289
614367,8600
614393,0
614397,4576
614398,7087
614403,6395
614416,7488
614418,5869
614423,4950
614428,3863
614435,5814
614443,6309
614450,5195
614456,8644
614457,11251
614476,0
614479,4185
614490,6996
614513,0
614531,3905
614533,6513
614536,8813
614542,4308
614560,9735
614563,5486
614584,7409
614592,7201
614595,7727
614609,5592
614612,4215
614627,0
614638,6981
614640,7882
614643,0
614648,6481
614652,6931
614656,6599
614663,5625
614670,0
614671,12514
614676,6966
614680,7763
614681,5452
614688,9371
614694,8702
614708,6582
614716,15256
614717,9334
614724,3323
614733,10578
614764,7858
614771,6528
614786,8378
614805,7886
614815,0
614818,3920
614819,0
614823,9329
614837,4578
614896,5105
614906,9087
614910,0
614926,9326
614957,6985
614959,6862
614981,12913
614987,6038
614995,8758
615030,7479
615041,5345
615051,6586
615053,0
615054,0
615079,6106
615088,7198
615094,7085
615098,7569
615109,5653
615113,4272
615124,4617
615154,0
615158,12177
615161,0
615165,10085
615169,5175
615172,8304
615180,6158
615182,3662
615184,5351
615191,3134
615196,6196
615202,5981
615210,11821
615215,0
615218,9148
615224,4284
615226,7157
615228,5936
615231,8040
615232,6793
615236,0
615272,5681
615287,9855
615288,5936
615293,12598
615308,4607
615325,0
615326,6552
615386,5644
615393,8251
615412,0
615418,0
615420,5873
615425,4608
615434,0
615437,4547
615441,0
615444,6393
615461,5036
615462,7346
615463,5470
615467,5169
615470,2469
615476,5336
615487,0
615489,3972
615504,4308
615508,0
615513,7933
615514,0
615556,5445
615562,5451
615582,7525
615597,20873
615623,5938
615631,11712
615648,8135
615650,4115
615651,6363
615652,0
615660,0
615669,5463
615674,0
615680,6067
615682,2375
615688,19626
615700,7076
615717,4969
615718,6648
615719,8163
615722,7021
615724,4353
615726,3599
615745,5519
615750,7494
615768,13958
615776,2483
615786,5743
615796,7708
615812,0
615819,3576
615827,11586
615840,5956
615848,0
615866,7527
615881,8818
615889,0
615901,6973
615920,8797
615929,1364
615938,4040
615958,6714
615987,0
615996,0
616007,6016
616015,2950
616018,0
616023,7369
616028,4600
616029,8151
616035,9125
616036,2963
616040,4547
616046,0
616055,0
616056,0
616063,9895
616064,6410
616068,5862
616109,5711
616127,8680
616130,9147
616134,10118
616144,6313
616152,6016
616162,4646
616164,7500
616192,0
616199,10352
616203,10050
616208,4009
616221,7937
616234,8100
616243,4555
616253,5456
616268,5828
616285,7769
616296,7489
616308,5104
616310,0
616323,6481
616360,13387
616365,5585
616379,7292
616386,7796
616387,0
616399,3303
616404,9695
616420,5435
616446,4227
616456,11504
616468,7009
616475,21015
616477,3272
616495,8095
616496,6781
616499,8100
616506,0
616542,6277
616546,7322
616557,8016
616563,6893
616589,8489
616596,0
616606,5543
616608,9662
616617,7972
616621,6106
616625,5052
616649,4468
616655,4258
616660,12683
616662,5732
616674,0
616678,18667
616707,12466
616708,6068
616719,8732
616720,3174
616744,4552
616750,7715
616752,4979
616784,0
616787,0
616808,5226
616831,0
616835,6782
616846,5559
616853,4259
616862,8994
616874,0
616880,0
616902,5660
616903,4509
616909,6241
616910,8681
616916,10953
616927,4511
616932,6507
616938,5298
616940,0
616946,5556
616948,8544
616972,7517
616978,0
616998,5176
617000,5026
617002,0
617010,7047
617028,7621
617036,3830
617062,4596
617067,0
617077,0
617081,5578
617092,6684
617095,3342
617097,7807
617100,4981
617104,5184
617119,18453
617124,2893
617143,6670
617147,4341
617157,4975
617165,7700
617170,9186
617182,7250
617192,4254
617193,10867
617194,10556
617202,4302
617205,16606
617211,0
617212,6255
617231,6611
617238,3855
617241,6218
617248,5684
617249,5941
617251,9459
617258,15232
617269,1956
617299,3546
617302,5283
617314,0
617331,0
617338,7236
617347,0
617358,17414
617364,4629
617377,7710
617379,6564
617386,9019
617387,0
617388,6886
617396,4422
617400,0
617402,5873
617416,4467
617424,3195
617432,22392
617433,0
617460,0
617473,7381
617477,5452
617481,8346
617488,6804
617492,4219
617497,4813
617531,6076
617536,5558
617539,6260
617541,15824
617545,12512
617557,8441
617559,0
617574,5196
617577,5303
617580,5639
617582,4143
617587,6339
617605,0
617616,0
617626,5544
617644,10561
617646,6762
617654,0
617660,8163
617692,12202
617700,11597
617703,6106
617717,7258
617719,0
617730,10182
617731,0
617732,3907
617756,0
617766,6663
617796,6170
617813,6837
617815,14224
617826,6510
617827,18090
617835,6794
617838,3709
617850,5255
617854,5510
617861,7498
617863,10619
617869,4013
617871,8220
617886,7513
617900,6394
617901,6151
617911,6694
617919,4503
617927,3399
617940,0
617947,0
617954,3373
617975,7429
617988,4610
618000,10712
618003,5487
618021,5270
618031,0
618039,9531
618047,7884
618084,5838
618092,0
618098,0
618135,4407
618152,6181
618157,8607
618173,5603
618174,0
618187,5770
618190,8819
618193,4674
618204,0
618211,6745
618257,7015
618259,8826
618271,6702
618276,10437
618286,7002
618289,6600
618294,4874
618296,0
618307,2240
618310,12081
618314,5497
618318,9391
618320,7712
618330,4544
618333,4995
618337,8267
618354,5999
618378,9438
618383,4134
618385,8370
618406,6671
618412,2860
618413,8185
618426,4984
618476,0
618487,6333
618488,2979
618529,4220
618532,4571
618543,0
618545,0
618562,0
618577,3915
618592,8306
618604,4200
618605,5286
618606,7354
618617,0
618621,6210
618643,6906
618655,7227
618659,14541
618682,6759
618686,0
618700,6081
618719,9659
618722,3216
618735,5761
618743,5600
618744,8465
618745,4636
618768,5758
618784,8133
618786,0
618796,0
618815,3789
618823,6003
618846,8358
618850,7926
618856,8806
618857,9647
618871,4510
618872,0
618878,5985
618884,4487
618886,0
618892,8772
618894,4669
618895,4765
618903,4544
618917,5920
618932,0
618950,6996
618962,5765
618972,7371
618985,6287
618986,7387
619001,4651
619004,11092
619015,0
619017,6293
619018,8893
619038,4235
619040,3946
619046,7985
619052,6721
619062,3486
619073,9177
619081,7378
619085,5597
619104,0
619120,11972
619126,5352
619138,3319
619191,6419
619203,0
619214,4310
619215,6920
619217,5994
619218,8258
619221,7627
619233,22225
619242,6499
619253,9926
619256,11003
619268,12931
619280,13461
619298,8116
619303,8615
619310,14995
619315,5351
619327,10830
619332,4913
619334,0
619350,3996
619353,7122
619361,14151
619381,4454
619385,9602
619390,6529
619397,4750
619400,10777
619410,11793
619428,6704
619455,2550
619462,0
619464,6081
619468,7647
619470,5160
619484,6700
619495,10799
619523,0
619540,4531
619541,6224
619562,4917
619576,5165
619577,0
619589,8257
619590,3229
619642,3688
619645,7089
619650,0
619651,4709
619698,4855
619723,5067
619724,0
619738,0
619739,8457
619775,8421
619779,8201
619801,0
619802,4285
619817,5796
619818,5480
619848,6272
619871,6769
619877,3503
619889,8891
619899,4611
619908,0
619916,8521
619919,4350
619924,7893
619936,0
619951,7731
619953,4779
619962,3803
619969,9631
619996,14279
620019,0
620020,6786
620021,3683
620027,6488
620042,6108
620061,17418
620066,3515
620070,4354
620095,5735
620121,10022
620142,7137
620145,8070
620155,6656
620162,6291
620185,11955
620186,0
620223,0
620226,6398
620231,9014
620239,7918
620240,0
620245,8622
620254,6300
620257,6814
620261,4379
620273,3849
620277,0
620299,6617
620302,3589
620307,3909
620309,0
620310,12976
620320,8670
620329,5365
620337,3850
620341,3428
620353,7377
620370,0
620382,5136
620394,8355
620397,4704
620406,6802
620410,5818
620438,3748
620447,7754
620456,5533
620462,5664
620464,6493
620476,6426
620504,5223
620508,5895
620544,7427
620550,0
620555,0
620557,11138
620563,5839
620564,6332
620577,5145
620587,5294
620600,5645
620605,5620
620640,0
620656,7628
620659,4691
620660,6030
620665,4123
620675,6482
620718,7610
620729,5026
620730,7666
620731,3561
620735,5285
620736,6932
620748,6433
620763,13253
620769,5909
620770,8403
620773,6058
620794,7412
620809,5952
620813,9840
620815,8660
620826,8543
620827,0
620830,7531
620833,7674
620835,0
620845,0
620846,7926
620859,8803
620860,5453
620872,3712
620892,4939
620898,5355
620917,5718
620923,6687
620925,6876
620932,3770
620934,0
620943,11279
620949,8714
620961,0
620976,18928
620978,8543
620991,7551
620994,7187
620998,9106
621005,9637
621022,2414
621028,6454
621032,0
621041,8940
621063,9231
621068,0
621083,0
621101,10391
621111,0
621118,4942
621126,10793
621131,5202
621134,5866
621143,5081
621144,8428
621145,17697
621157,11395
621158,4726
621163,5623
621167,8566
621168,7262
621169,4122
621177,7456
621178,3281
621186,5260
621190,7618
621193,4998
621198,9662
621207,4284
621211,7596
621224,3055
621226,5475
621242,7231
621249,6491
621255,6741
621268,0
621293,4307
621301,6272
621307,8342
621314,3685
621318,6158
621330,5371
621337,6179
621338,5633
621341,4894
621349,0
621352,5037
621359,6042
621363,4115
621382,3189
621388,3450
621392,6515
621402,3748
621405,7336
621407,5077
621410,6300
621415,0
621425,5476
621449,10342
621458,6095
621465,5947
621474,0
621477,5406
621490,12100
621512,6940
621535,6841
621559,3662
621567,12070
621583,3156
621591,7208
621595,0
621596,5695
621606,3874
621612,7784
621615,7678
621619,19771
621631,5565
621638,6650
621643,7027
621646,0
621648,5732
621649,4035
621650,3808
621651,5967
621665,6253
621668,0
621673,5730
621674,0
621675,4844
621676,0
621717,8265
621720,7718
621721,3623
621722,0
621752,4545
621782,9813
621784,4583
621792,4874
621794,0
621807,5165
621808,6385
621819,11069
621832,0
621841,5549
621851,4340
621867,4749
621876,0
621885,4836
621891,5615
621894,7467
621921,7741
621930,21485
621950,0
621953,11283
621962,7550
621971,5892
621977,11130
621996,3148
622001,5735
622004,0
622007,0
622027,4886
622034,9187
622038,8220
622041,4984
622054,8702
622071,4384
622081,0
622082,10311
622099,5728
622105,4589
622109,0
622124,6995
622129,6125
622145,8624
622157,7014
622162,10767
622163,6936
622171,4296
622174,4249
622183,9640
622196,6581
622216,5872
622226,9213
622233,4203
622242,6579
622262,3819
622263,0
622266,8220
622271,12532
622282,6282
622286,0
622288,10302
622316,7603
622317,9640
622328,8315
622357,9154
622377,6832
622381,7840
622396,8509
622400,10681
622407,16834
622422,0
622423,9709
622424,3171
622428,0
622440,7893
622443,8079
622446,5458
622449,0
622458,5058
622478,6965
622490,4863
622495,7943
622500,7156
622503,4509
622516,5413
622518,6695
622539,23448
622542,2328
622546,3199
622559,4019
622560,10620
622561,10251
622564,6997
622567,4662
622587,3683
622610,7675
622614,12762
622672,3302
622683,8328
622692,4768
622733,0
622734,5132
622737,0
622740,7678
622769,5800
622771,5930
622772,6198
622777,5861
622799,0
622828,0
622859,0
622867,9370
622882,0
622886,4795
622890,3670
622893,5921
622904,4871
622945,6525
622967,19887
622985,5152
622986,2371
622995,4565
622996,3579
623005,7521
623007,10435
623013,7807
623016,4923
623020,6898
623032,5982
623043,0
623045,2920
623046,4671
623053,8411
623067,5359
623085,5567
623106,13407
623108,4866
623136,11097
623138,5660
623145,3021
623147,13844
623159,8149
623161,11527
623175,5692
623177,6617
623186,0
623198,7769
623227,4419
623228,0
623230,7152
623235,12048
623241,7333
623256,10052
623273,3750
623281,3696
623284,7784
623288,4330
623309,5759
623312,4287
623315,4673
623338,7771
623342,5987
623348,8860
623389,0
623402,5927
623407,6015
623418,7000
623425,8688
623428,5840
623433,4727
623436,14711
623446,6034
623452,4396
623463,5688
623465,2936
623506,0
623508,8377
623510,8932
623511,6906
623534,4233
623542,6324
623568,7169
623569,7124
623583,6954
623590,7981
623595,7775
623597,5353
623599,5871
623616,3278
623624,5867
623665,7808
623689,9498
623707,6051
623721,10144
623730,6994
623762,6029
623780,7308
623803,0
623807,3833
623820,0
623826,5728
623837,0
623846,5527
623848,8092
623865,11087
623869,10788
623892,3865
623893,2651
623904,6487
623921,4816
623965,0
623977,9100
624027,12907
624030,7179
624043,13215
624068,6607
624069,4493
624072,5505
624080,4593
624085,7131
624098,2562
624103,9581
624112,11628
624114,8456
624118,10601
624125,5946
624129,8370
624130,6109
624135,0
624150,5381
624159,4792
624163,4093
624173,15732
624210,6513
624217,6870
624232,7109
624252,3225
624255,7800
624303,0
624307,9311
624310,10667
624321,11054
624334,4774
624335,14917
624336,0
624338,6401
624341,5105
624344,8371
624350,7471
624354,3114
624356,12152
624377,3844
624378,3592
624397,0
624408,4961
624409,3127
624413,5969
624421,6703
624422,2472
624423,4099
624426,9290
624439,0
624453,4999
624458,5913
624478,4303
624498,7443
624500,0
624503,18589
624511,3412
624528,8201
624530,7286
624542,0
624549,4620
624559,9089
624561,5294
624567,4437
624575,6307
624583,4916
624589,6060
624593,0
624595,4540
624609,14632
624611,6156
624612,4871
624622,8277
624626,0
624647,0
624648,8647
624652,7029
624680,10979
624693,9529
624694,5736
624708,5146
624718,3637
624731,4780
624735,10679
624766,9619
624781,5958
624788,0
624789,6261
624792,9472
624811,7383
624820,8373
624827,0
624831,2830
624849,9437
624855,3851
624888,11815
624901,0
624905,8658
624906,8966
624908,0
624915,5836
624918,10176
624931,7872
624936,4703
624937,9049
624949,4188
624953,5777
624955,0
624961,5674
624962,0
624965,8016
624971,6609
624977,5661
624982,8260
624985,7505
625002,10354
625018,4674
625031,5804
625040,0
625069,9583
625078,0
625091,10555
625097,10335
625103,10981
625114,7087
625116,0
625126,10724
625132,8870
625152,7504
625155,0
625170,0
625189,6742
625190,4874
625193,2809
625194,8735
625205,8101
625209,8578
625219,3981
625222,12529
625226,18721
625232,16848
625233,8990
625242,5912
625244,0
625245,8070
625249,7064
625251,8950
625261,5853
625263,0
625267,5583
625270,7436
625272,4528
625283,8039
625309,14316
625315,3958
625318,8119
625324,0
625327,4038
625339,7846
625345,4771
625348,3422
625350,8625
625372,8285
625390,0
625398,3665
625401,0
625410,6606
625419,5690
625434,6581
625435,11920
625436,5546
625444,3329
625451,4658
625500,4195
625509,11742
625517,0
625525,3303
625539,5346
625554,8353
625575,10833
625588,7640
625590,8264
625592,0
625605,0
625610,3763
625619,5925
625622,4015
625633,1949
625637,8359
625641,6891
625644,8883
625649,20407
625653,0
625678,8721
625683,7136
625697,4653
625699,4399
625703,8222
625704,0
625705,6000
625712,9872
625726,4400
625730,4117
625735,4719
625764,7514
625765,0
625784,3730
625786,0
625794,4245
625816,7974
625830,0
625839,3766
625846,8031
625847,2453
625864,0
625865,0
625870,6058
625872,5640
625882,0
625883,1240
625885,0
625887,6534
625889,6243
625894,7734
625930,0
625931,8109
625939,0
625940,11969
625947,4759
625977,4308
625986,4619
626023,5526
626027,7078
626033,11884
626040,0
626052,10454
626059,10136
626060,7764
626073,6742
626077,4151
626086,6134
626097,4561
626100,8629
626102,4076
626112,5368
626122,5141
626123,0
626136,3134
626137,0
626138,4202
626142,5665
626150,6514
626155,3945
626156,14704
626176,7826
626188,9801
626196,5178
626199,4839
626201,5416
626208,19469
626222,0
626228,9011
626231,3647
626266,4553
626276,13203
626281,10500
626296,9559
626308,11327
626311,5348
626337,9319
626354,0
626360,5301
626372,0
626380,8116
626381,6408
626386,6593
626392,5816
626395,6321
626399,9460
626402,8349
626409,0
626453,6140
626456,4759
626459,7695
626475,10995
626502,8143
626520,0
626538,10554
626543,6418
626545,4461
626555,5404
626562,8484
626567,8792
626573,0
626584,5974
626601,0
626606,0
626612,5024
626616,6826
626621,8548
626633,3097
626666,6876
626669,7640
626673,5315
626696,4276
626703,7959
626715,7464
626727,7753
626765,21931
626776,0
626793,3881
626795,8919
626804,0
626811,5328
626834,15532
626844,9837
626852,0
626860,2750
626864,5740
626874,0
626877,0
626883,6329
626891,0
626907,3201
626919,5031
626930,0
626940,9467
626953,0
626956,6471
626965,4769
626973,0
626978,6422
626988,0
626991,9415
626996,5698
626997,10726
627013,7153
627019,0
627026,9587
627035,7271
627038,3382
627042,5459
627049,4990
627066,7278
627083,4579
627086,6331
627100,5571
627104,7690
627106,5625
627113,8561
627115,6932
627120,6378
627126,4506
627147,7864
627156,6789
627157,3407
627158,0
627159,7656
627161,5075
627164,9097
627169,10420
627177,3742
627209,8436
627215,7409
627216,5219
627234,5065
627236,6257
627260,9396
627273,5841
627281,7751
627291,6654
627292,8995
627296,8743
627301,5744
627308,4577
627323,8726
627329,0
627347,8901
627371,6205
627399,7467
627417,6132
627420,5929
627423,9448
627454,8104
627469,10305
627480,5670
627497,5924
627500,4940
627515,5933
627521,5764
627534,6341
627535,4153
627538,10976
627540,8818
627545,0
627551,3285
627571,8111
627583,2997
627592,8080
627594,10290
627605,5344
627623,7584
627634,12235
627647,11591
627649,10206
627654,10095
627657,6529
627661,3758
627667,5049
627672,8457
627687,9291
627719,4257
627723,0
627748,10338
627760,4223
627765,11263
627773,7165
627774,7340
627776,6209
627793,7320
627796,5509
627813,4752
627817,0
627825,5358
627828,4012
627840,4877
627878,6613
627880,5629
627882,3688
627883,4037
627884,5531
627889,0
627912,6333
627918,0
627922,3936
627930,6314
627934,13387
627947,8542
627951,22678
627956,3411
627971,5007
627973,7278
627982,4740
627994,2886
627998,6825
628000,5352
628002,3985
628015,7729
628018,13735
628028,4648
628080,5189
628082,5289
628094,8516
628099,4271
628110,5711
628114,5384
628116,13395
628119,5376
628120,4210
628124,7792
628125,8251
628129,0
628141,7281
628149,5502
628168,3167
628177,4045
628186,6784
628216,0
628241,6192
628245,0
628256,5732
628302,5423
628315,6373
628318,6095
628323,7543
628340,4606
628343,10266
628346,7125
628355,10186
628363,9617
628388,0
628405,0
628412,0
628422,7732
628430,0
628437,4837
628440,0
628442,6320
628445,15497
628447,6298
628456,4474
628462,8828
628474,5030
628479,5899
628488,4265
628503,6014
628508,6526
628519,4384
628526,5450
628536,7122
628544,6687
628548,6792
628552,5751
628565,6482
628567,6485
628573,5203
628598,8204
628608,3995
628616,3790
628622,8987
628635,4541
628643,0
628644,10282
628648,0
628650,5700
628658,14214
628669,4676
628686,11564
628708,4217
628736,7019
628749,5407
628753,14861
628756,4290
628766,0
628769,0
628772,13943
628775,5410
628779,0
628780,0
628788,4975
628793,5946
628840,6141
628850,3987
628852,5350
628867,12163
628877,5112
628882,4764
628894,5129
628899,5569
628905,7199
628919,6026
628941,7892
628943,7903
628945,4398
628948,4963
628966,5817
628978,0
628979,0
629002,5778
629006,3818
629012,5518
629021,6857
629036,4238
629039,10042
629041,0
629047,5713
629049,6184
629057,8688
629059,6770
629068,4879
629078,3434
629100,11001
629103,8111
629133,7487
629140,0
629144,8356
629146,7881
629154,5891
629157,0
629200,5816
629211,1845
629227,15496
629233,10815
629241,6754
629246,5783
629253,15327
629263,5711
629271,8114
629284,6162
629295,5368
629298,9905
629310,8751
629327,4299
629329,0
629343,5907
629390,6411
629399,0
629400,6829
629401,7809
629403,3600
629404,8824
629408,8696
629418,4549
629465,7773
629468,5123
629486,6427
629499,0
629503,10071
629504,0
629518,3693
629533,5831
629534,9339
629537,6407
629546,8101
629550,8562
629581,0
629585,7118
629600,4135
629608,7954
629615,0
629619,1665
629622,0
629627,0
629630,8946
629638,20052
629641,0
629666,5847
629670,4344
629678,5169
629700,5129
629702,5298
629706,4558
629714,7387
629729,0
629743,5699
629745,13648
629749,8917
629753,3984
629756,4402
629766,0
629780,0
629790,3784
629826,5310
629847,0
629862,5357
629895,5808
629905,13970
629941,7731
629942,8339
629943,0
629945,7701
629948,8022
629952,4541
629967,9754
629981,4599
629982,7195
629994,0
630003,6012
630006,0
630007,4205
630014,8634
630018,0
630085,6684
630100,8816
630104,9926
630106,4161
630113,11981
630116,4428
630124,0
630128,8692
630194,6325
630213,5092
630245,3550
630247,0
630251,9558
630254,0
630262,6502
630279,8161
630286,5514
630288,6043
630296,8295
630309,4877
630339,8755
630342,7230
630354,5532
630355,15647
630373,0
630375,2848
630381,14766
630382,8064
630383,9386
630388,0
630392,4578
630393,4141
630407,6814
630415,6023
630429,0
630430,6902
630437,6257
630438,3460
630454,0
630461,0
630466,7347
630474,7177
630493,9080
630511,6237
630522,3115
630530,8393
630543,4005
630545,0
630562,0
630564,4379
630571,6678
630623,4530
630639,6478
630679,7257
630688,5856
630690,6260
630696,5826
630713,8135
630727,10137
630730,6468
630748,0
630752,3804
630754,2521
630758,7118
630781,0
630788,6702
630819,11727
630827,8482
630862,6945
630867,8638
630868,5662
630869,6032
630872,0
630879,4562
630892,7473
630894,4791
630899,0
630905,6153
630915,7707
630926,0
630930,4436
630933,2453
630943,6390
630944,0
630996,14572
631003,7869
631005,7838
631007,8719
631013,4492
631017,9110
631023,5649
631029,7543
631066,5451
631071,0
631078,6431
631079,0
631084,10899
631086,6887
631088,5800
631110,7239
631111,5703
631120,6815
631130,0
631141,9241
631149,7772
631158,7950
631174,8027
631176,7541
631180,7535
631185,4419
631193,9057
631214,7832
631221,5021
631223,7255
631226,8369
631258,5762
631271,11212
631274,11787
631282,6265
631286,7953
631302,6859
631306,4816
631320,9539
631341,8420
631343,0
631359,10040
631371,4025
631375,0
631394,0
631406,5591
631414,6121
631433,3713
631445,0
631453,8162
631465,10348
631466,8739
631470,7439
631476,6501
631481,12380
631487,0
631500,6795
631512,6961
631527,3909
631529,10794
631541,10458
631542,11620
631547,4374
631552,7052
631564,0
631569,4553
631581,6243
631589,5705
631595,7149
631616,6578
631621,6464
631627,0
631636,13403
631637,7169
631648,0
631650,8393
631658,0
631670,5658
631678,6235
631682,5789
631686,8576
631702,12266
631712,0
631723,4292
631729,4874
631730,2314
631737,6515
631762,5183
631769,4521
631773,12178
631782,3531
631785,7539
631787,6409
631800,6105
631817,7290
631827,7025
631828,10007
631829,6046
631832,0
631838,0
631854,8852
631867,6331
631869,5451
631896,1563
631908,7782
631915,4479
631916,8868
631918,10470
631920,5304
631941,8308
631945,3133
631949,12861
631955,3164
631975,0
631992,8636
632011,2952
632018,6277
632020,8686
632040,0
632042,4164
632044,0
632069,7578
632071,4025
632075,6781
632077,0
632096,5986
632098,4551
632099,0
632103,6958
632105,0
632127,4293
632140,9434
632141,3471
632142,7731
632143,5620
632152,0
632176,4941
632210,10884
632214,3193
632219,8569
632250,8729
632255,4286
632257,6545
632258,7314
632269,3623
632292,3943
632298,4588
632299,5136
632301,0
632304,0
632344,0
632351,5056
632359,8791
632371,7587
632380,9605
632383,6450
632410,7007
632411,14920
632424,4997
632436,4210
632438,7668
632449,8384
632457,6936
632474,4340
632487,5590
632493,7881
632498,6715
632510,4547
632520,10130
632521,3370
632546,9637
632560,8913
632572,3804
632576,6291
632584,6584
632585,6686
632587,7004
632590,4440
632598,7900
632601,0
632610,3899
632627,7639
632638,0
632657,5319
632687,13186
632710,0
632723,0
632744,0
632785,4218
632796,0
632801,4507
632816,5865
632822,8449
632824,8227
632829,5207
632834,2787
632857,0
632858,9545
632859,5382
632864,6178
632872,13039
632878,5319
632882,11031
632930,6437
632939,6925
632940,7129
632948,6933
632960,19478
632965,17927
632968,6725
632969,0
632971,5904
632990,8144
633010,0
633012,4033
633015,6661
633019,3822
633032,4398
633053,7745
633059,0
633062,5816
633079,4815
633085,4165
633095,5558
633107,5585
633111,3641
633122,4325
633145,4211
633152,9950
633167,6766
633171,6110
633187,11213
633188,17722
633194,3839
633197,9176
633207,6211
633209,0
633231,8832
633235,4649
633243,4338
633247,4397
633257,4833
633260,7776
633285,7562
633291,5026
633293,8346
633309,6358
633319,9244
633325,0
633333,5270
633335,6374
633346,3769
633350,4809
633387,5507
633397,6169
633400,0
633409,6578
633410,0
633416,8044
633420,3341
633428,0
633431,0
633432,5497
633437,7971
633453,6989
633469,8077
633477,8674
633482,6319
633496,4410
633497,10800
633502,5911
633503,6677
633506,6714
633508,6943
633518,0
633523,5585
633525,6567
633530,13570
633555,0
633557,0
633564,4952
633577,6227
633596,0
633598,6037
633616,5085
633618,4694
633627,5689
633635,4595
633647,0
633656,8533
633666,6202
633676,4803
633691,12740
633709,11262
633724,0
633725,5738
633739,0
633749,0
633768,0
633774,5608
633775,6064
633782,8379
633783,5497
633786,3090
633792,9200
633795,7384
633798,10163
633827,9061
633833,0
633835,6618
633839,5757
633842,11499
633848,3954
633851,7818
633857,4322
633860,8182
633869,9538
633886,8616
633892,5259
633895,0
633896,5392
633899,11542
633904,3955
633906,3145
633907,7928
633910,4381
633929,10510
633932,6481
633935,4819
633939,6434
633949,5312
633951,9339
634000,8874
634018,4522
634028,12273
634039,6808
634046,5171
634075,4275
634076,5805
634078,5501
634088,5210
634092,4404
634108,0
634114,0
634125,3953
634135,0
634137,7941
634138,5247
634147,10429
634163,4051
634169,0
634179,0
634191,9312
634193,0
634197,2948
634199,6684
634207,6885
634211,6445
634251,6749
634258,5122
634264,5549
634265,4281
634268,5760
634276,0
634318,9594
634347,10395
634358,4833
634367,0
634368,5372
634370,15113
634388,6751
634397,5510
634401,7324
634404,9607
634412,4316
634430,0
634435,6827
634442,5895
634443,0
634454,5275
634467,6219
634469,5297
634478,5378
634483,6057
634484,15797
634491,3235
634511,7105
634517,0
634524,10121
634557,6983
634577,2303
634584,7424
634596,6048
634621,4817
634624,5648
634632,19238
634634,5644
634636,7441
634639,2395
634640,3115
634642,12420
634645,4909
634669,4628
634680,3843
634681,9321
634685,4859
634702,5972
634703,0
634709,5308
634710,10583
634751,2673
634752,0
634755,0
634770,5613
634779,5467
634794,6159
634800,6312
634806,0
634815,0
634820,4707
634821,4775
634823,5119
634824,4006
634842,5281
634845,8787
634848,8458
634864,16718
634884,5818
634889,11885
634920,0
634935,7364
634938,3023
634944,8001
634955,8530
634958,0
634960,6489
634974,9421
635007,11482
635020,4762
635023,5829
635041,4127
635047,4259
635051,7271
635052,5357
635060,3038
635062,5088
635083,9560
635087,3942
635097,0
635099,9524
635116,7999
635136,4730
635152,7313
635166,3388
635180,0
635185,14877
635189,4232
635197,5887
635200,12126
635220,11052
635224,0
635227,8254
635238,6636
635256,6650
635261,7310
635267,4784
635270,3153
635283,5584
635299,6288
635315,3478
635321,0
635327,0
635341,6531
635346,5854
635353,15027
635377,5511
635378,6811
635383,0
635388,5105
635407,6405
635432,7842
635439,0
635445,5345
635466,0
635468,9891
635487,12079
635498,6932
635520,4465
635521,3435
635536,14250
635543,0
635544,7134
635568,5315
635579,7033
635609,10966
635627,7548
635630,6365
635653,14640
635655,6060
635668,5265
635672,7483
635677,8332
635682,5461
635690,0
635692,7516
635695,2297
635705,7090
635710,9180
635718,20561
635733,6295
635744,9546
635747,5008
635763,6077
635777,4815
635786,12811
635795,5725
635796,8443
635798,6170
635799,5237
635802,10591
635809,16643
635811,4688
635825,5901
635832,6420
635840,0
635846,0
635847,4867
635868,5160
635872,0
635878,6152
635883,6458
635895,4508
635904,0
635908,7459
635910,7665
635922,5288
635927,8820
635933,6885
635939,5593
635949,2879
635968,13792
635969,11890
635973,5812
635977,6184
635983,7261
635986,3628
635998,6702
636009,6983
636010,8259
636019,8762
636024,9693
636027,6974
636034,6889
636036,7473
636051,5194
636058,7048
636066,4087
636081,7978
636085,6744
636088,6483
636090,8051
636092,4772
636103,12721
636112,14255
636116,5121
636125,6419
636126,0
636128,0
636143,3815
636146,7568
636155,0
636170,6414
636171,7593
636177,4793
636180,5404
636181,1432
636184,0
636259,3505
636274,0
636304,0
636326,13632
636331,8292
636351,10426
636361,0
636368,0
636381,5065
636385,7189
636404,4894
636412,7447
636423,8470
636431,7838
636434,10066
636435,7318
636446,5358
636449,8762
636456,5918
636458,4374
636478,21470
636484,6379
636485,3933
636486,3442
636514,0
636525,27593
636536,7539
636542,4067
636550,9074
636556,5440
636559,3308
636567,7435
636570,4030
636572,7131
636575,0
636585,10954
636591,0
636604,3563
636628,4287
636630,8348
636641,9580
636644,8230
636686,0
636699,12108
636720,0
636736,7754
636756,3591
636760,5427
636764,5144
636766,11220
636768,0
636770,5372
636771,12210
636786,0
636798,3954
636801,6915
636802,0
636820,7416
636824,15672
636826,8696
636856,0
636876,2174
636878,9841
636883,4996
636890,5693
636898,8752
636911,6133
636916,4215
636920,9074
636921,4343
636929,0
636948,6979
636958,4330
636982,5683
636992,4760
637010,6095
637018,7798
637026,8669
637027,0
637030,8534
637038,5762
637046,3775
637052,3870
637057,9860
637070,6390
637092,1287
637104,7509
637110,5868
637124,11782
637126,11750
637127,18174
637130,0
637134,7264
637145,5103
637147,0
637151,6305
637167,0
637172,0
637177,7629
637209,0
637211,5555
637214,6242
637224,10066
637225,0
637229,0
637233,6482
637235,2578
637253,5677
637254,0
637258,3403
637268,0
637271,4068
637272,4971
637285,7771
637287,10308
637289,5935
637297,5332
637315,8145
637319,8018
637345,7040
637354,5914
637359,2862
637360,4755
637363,0
637378,9328
637379,5446
637391,5770
637404,2427
637417,8466
637425,8856
637442,6749
637447,5084
637454,0
637460,0
637464,5702
637467,15746
637484,3656
637489,6084
637492,10031
637534,6514
637539,2957
637551,5374
637590,5241
637592,0
637593,0
637603,8200
637606,5334
637614,7914
637620,5757
637645,6283
637660,8229
637678,0
637683,5038
637695,6448
637703,7811
637706,17741
637721,0
637733,7779
637740,9966
637749,3322
637752,7681
637775,3955
637783,0
637789,3982
637794,3749
637811,5243
637813,6432
637816,4445
637821,6777
637844,7154
637847,6958
637854,4867
637856,4579
637857,4614
637862,7581
637867,5414
637889,8135
637890,6213
637894,4300
637904,3043
637910,4090
637911,7377
637918,7539
637927,3276
637931,6373
637932,9015
637942,3261
637943,4576
637945,12112
637958,13299
637959,10699
637975,5688
637983,2175
637998,7220
638012,3667
638024,15251
638034,9161
638053,0
638074,10457
638083,0
638088,4122
638089,6134
638091,6703
638093,10513
638135,8805
638137,4979
638153,8361
638154,7375
638175,0
638178,0
638181,3276
638182,0
638184,8372
638206,9393
638234,5672
638241,5059
638247,0
638249,5473
638254,5965
638259,0
638264,5484
638278,6022
638283,12853
638285,9183
638300,6243
638307,3995
638341,8118
638353,5641
638365,3389
638374,6231
638386,4748
638410,4677
638426,6730
638435,9434
638439,8140
638443,8057
638457,0
638459,0
638472,8196
638481,7974
638499,6159
638503,5448
638505,6104
638509,6026
638524,6398
638533,6614
638538,0
638544,0
638552,7120
638567,7655
638577,6245
638594,5708
638597,7523
638603,6708
638605,5192
638606,4940
638615,9952
638623,6279
638646,0
638648,5753
638665,13950
638669,0
638679,6527
638689,4801
638693,5616
638706,6439
638710,11790
638714,10909
638737,0
638756,4714
638757,5337
638768,7253
638772,4655
638773,6201
638795,5757
638799,7549
638812,4191
638815,7901
638823,0
638829,9523
638851,8250
638928,5491
638946,2714
638948,6240
638964,0
638971,5430
638972,6018
638985,7304
639029,8146
639039,14325
639042,5488
639053,16660
639076,2225
639079,10695
639089,0
639091,5641
639098,4376
639118,19547
639120,0
639121,7352
639177,5099
639193,5673
639215,0
639224,4928
639233,4962
639240,7217
639241,6222
639253,11931
639256,10336
639262,7286
639272,6847
639276,5752
639284,5965
639313,0
639323,3199
639335,0
639352,0
639360,5099
639400,8174
639401,2290
639420,5826
639435,9969
639448,2702
639450,7279
639457,3190
639477,4526
639486,5758
639488,0
639516,4998
639522,5109
639528,0
639543,6310
639564,0
639583,5938
639585,0
639589,6075
639601,6968
639607,11517
639624,6359
639648,3976
639664,7767
639668,13197
639714,7219
639742,9024
639745,6756
639755,5303
639769,4758
639784,11454
639793,6820
639812,5003
639814,5343
639818,3619
639824,8912
639826,3173
639872,7717
639884,3198
639905,0
639907,4212
639913,6984
639914,9423
639934,4316
639940,3669
639948,10076
639954,3272
639959,3022
639963,3760
639974,8578
639987,4777
639989,4094
640002,14923
640016,7854
640028,2802
640056,6443
640057,4921
640070,11528
640083,10463
640100,5402
640107,7571
640114,6694
640122,6612
640133,4589
640157,7907
640175,8660
640179,9726
640192,6851
640195,0
640218,0
640222,0
640227,6416
640234,6454
640241,5476
640256,6919
640282,7760
640287,0
640295,0
640303,0
640304,7134
640313,0
640322,9308
640349,5550
640358,5427
640426,0
640427,8155
640437,8267
640449,6152
640469,3607
640489,10565
640492,5474
640498,6113
640501,6028
640502,4881
640512,7010
640514,0
640534,6240
640542,4523
640551,0
640556,5533
640567,14227
640578,3602
640580,9772
640596,7576
640601,0
640606,5448
640629,6267
640634,4477
640645,10713
640673,0
640684,9687
640686,7013
640711,8903
640735,6806
640736,5688
640738,4057
640743,0
640756,6005
640763,6512
640765,9588
640775,4934
640776,8712
640777,4263
640783,4794
640794,0
640800,7671
640810,5067
640825,3746
640826,5229
640840,7500
640845,5696
640850,8046
640852,14907
640874,6182
640876,7609
640884,6766
640889,4096
640890,6826
640895,8530
640899,5439
640937,6883
640942,3315
640943,5550
640944,12499
640946,4240
640954,0
640968,0
640978,8810
640982,7666
640987,7663
641011,6156
641016,0
641021,4325
641028,3999
641031,5902
641037,3068
641038,5951
641050,13981
641059,11220
641065,6430
641077,8667
641078,5119
641080,7834
641112,10448
641120,7278
641127,5998
641134,3952
641149,4412
641160,0
641180,8291
641194,0
641210,5847
641222,28022
641227,0
641239,0
641255,5753
641256,15341
641261,4706
641266,4266
641277,0
641282,6698
641289,11626
641332,0
641365,0
641403,8531
641419,2110
641433,3455
641465,4109
641475,10769
641480,2620
641482,13827
641496,10381
641499,2730
641509,4972
641512,3036
641538,3681
641541,5123
641548,10925
641550,6577
641578,0
641591,6223
641604,9468
641610,6456
641633,4423
641674,5320
641676,0
641682,7940
641685,9112
641691,4158
641698,8574
641713,7867
641724,10013
641749,5504
641756,3926
641766,8020
641774,5626
641782,6450
641789,6202
641796,4881
641800,5053
641823,8713
641826,4470
641837,5000
641854,3989
641868,5749
641883,6907
641886,7944
641890,4291
641893,6416
641916,6669
641918,8101
641928,4699
641930,8102
641948,4742
641952,10204
641954,5179
641965,4002
641970,7158
641972,8481
641976,0
641994,4326
642004,7612
642023,5714
642031,6509
642036,4257
642041,4186
642044,9763
642056,5917
642062,10994
642069,8715
642074,5171
642083,4218
642089,8143
642110,6423
642112,4645
642114,0
642128,5440
642138,5889
642142,5144
642147,13301
642153,0
642162,4608
642167,0
642168,6797
642170,7452
642171,4906
642205,0
642213,7098
642214,13738
642218,12855
642223,8609
642226,4656
642230,4163
642233,11311
642237,4283
642241,0
642245,6691
642252,4919
642280,5917
642293,0
642298,6310
642301,0
642319,4286
642345,7614
642346,7248
642355,5932
642357,5502
642359,0
642360,0
642389,11466
642391,9524
642407,0
642412,5992
642415,0
642430,7848
642442,7990
642444,16197
642479,6405
642481,5282
642501,5715
642511,10337
642512,7379
642517,0
642519,14277
642520,5664
642533,7270
642535,0
642545,4682
642547,0
642556,5858
642564,6492
642581,0
642586,7422
642593,2732
642616,4270
642626,4603
642629,9412
642631,4826
642637,0
642650,9070
642652,5708
642664,7870
642666,7286
642669,0
642671,8425
642698,0
642706,3354
642720,4433
642721,7196
642726,4565
642740,5099
642744,0
642755,0
642779,4833
642796,8342
642812,0
642823,2903
642829,5365
642834,5185
642847,5245
642854,10938
642862,3921
642869,4804
642878,6012
642880,0
642881,6969
642882,5347
642894,4076
642895,9413
642898,2817
642908,8544
642918,4849
642921,6229
642942,8073
642951,4115
642957,5960
642967,3324
642972,3979
642993,4582
642996,9262
642999,5745
643007,0
643011,5348
643012,0
643054,6567
643057,0
643063,4953
643067,12447
643075,6772
643091,7104
643100,0
643101,8738
643105,7925
643117,5784
643123,11169
643135,7813
643144,10583
643149,4502
643153,7669
643156,8714
643165,0
643178,3672
643181,0
643192,3777
643197,0
643213,1532
643227,4843
643231,5187
643234,2972
643239,3223
643249,17095
643250,6644
643261,6291
643262,15994
643279,3154
643281,3443
643288,0
643291,0
643297,10084
643301,5918
643312,5471
643316,0
643317,8036
643323,0
643327,9289
643339,5704
643342,11153
643353,6436
643355,5816
643381,0
643398,7996
643456,4600
643457,7358
643463,6075
643464,8164
643465,2919
643477,5889
643479,6478
643480,0
643490,6410
643515,6801
643526,7548
643528,8781
643543,10096
643578,7017
643579,6059
643581,8186
643625,7994
643626,4432
643641,4581
643644,4700
643658,4123
643660,4845
643661,7409
643663,8600
643665,0
643685,4111
643693,4834
643703,9639
643709,7780
643718,7889
643741,6774
643750,10106
643758,6626
643771,9096
643776,5926
643786,6861
643788,10283
643804,0
643806,0
643814,3884
643815,4766
643865,4748
643890,4882
643896,3114
643902,15816
643906,4784
643917,5726
643939,6200
643963,5784
643966,0
643967,11070
643973,6055
643976,14631
643986,4462
643997,7492
644024,7770
644048,7273
644068,2989
644079,7710
644090,8948
644101,3903
644105,7237
644116,3793
644118,7039
644128,6393
644133,13511
644138,7835
644143,6520
644153,8359
644168,7944
644190,5172
644191,5392
644196,6727
644199,14088
644201,11243
644215,7318
644224,4648
644227,0
644234,11726
644242,5451
644250,4534
644254,4895
644266,4346
644286,4184
644293,4552
644301,17980
644306,5071
644316,0
644319,0
644323,2496
644327,3780
644334,0
644339,5708
644344,4158
644357,7975
644359,0
644377,6115
644379,0
644387,0
644395,4096
644405,10000
644412,6888
644430,7734
644434,3586
644456,3139
644482,5319
644490,7635
644513,3872
644516,7892
644520,6731
644532,5084
644539,8777
644549,6872
644556,3791
644598,3834
644624,6419
644642,5376
644653,4952
644657,6792
644689,0
644695,4429
644696,8710
644704,7984
644717,6131
644720,8226
644721,2761
644732,6405
644775,6285
644780,0
644781,5787
644794,6893
644805,2997
644810,9541
644822,7247
644843,6211
644862,7872
644863,9469
644866,5336
644867,5315
644875,2999
644895,3825
644913,5660
644925,10487
644941,7251
644946,9037
644963,6019
644971,7750
644976,0
644988,5383
644991,4099
644998,7027
645008,0
645018,12414
645036,3998
645038,7809
645046,4506
645055,0
645064,9205
645069,4406
645076,9305
645079,6981
645085,6887
645091,9266
645112,6945
645116,0
645118,3335
645124,6051
645128,4717
645137,11214
645143,10927
645146,6428
645148,24018
645151,7804
645166,4602
645176,8610
645181,4306
645183,8148
645187,4803
645188,6530
645244,8961
645264,7894
645277,7472
645294,0
645297,5977
645312,6978
645342,15829
645354,7553
645359,8201
645364,4815
645378,8020
645397,6635
645402,7117
645405,13923
645410,0
645418,10964
645419,4254
645441,0
645455,7528
645464,0
645471,6733
645472,0
645483,5689
645515,6237
645530,0
645538,4906
645554,0
645557,7442
645578,7498
645579,5120
645592,6919
645603,8012
645614,5733
645625,5516
645652,10668
645653,13889
645654,0
645658,6441
645669,6721
645670,5487
645688,9625
645691,8234
645702,5230
645710,8646
645713,11293
645715,3999
645729,4849
645737,10704
645738,4556
645759,8579
645761,6079
645771,9058
645776,9575
645779,10844
645781,0
645803,10550
645808,9860
645810,9663
645811,8098
645817,4878
645833,9247
645846,6576
645851,7396
645853,7673
645866,4154
645881,9787
645890,4052
645899,9040
645909,14838
645917,9056
645920,5306
645931,7278
645943,12977
645953,3942
645956,6678
645969,3568
646002,7013
646014,5071
646034,7387
646036,14588
646038,4280
646056,11024
646064,4861
646077,9700
646108,6263
646116,3981
646126,7590
646131,0
646135,0
646139,17226
646147,9014
646151,3858
646154,0
646157,7087
646186,7221
646205,5931
646206,6998
646210,0
646226,7166
646233,5705
646239,5538
646245,16238
646250,8823
646251,3514
646259,0
646271,4966
646277,6554
646278,4566
646290,6502
646303,0
646305,0
646314,3646
646364,0
646365,5579
646367,7409
646369,0
646370,8722
646382,8401
646409,5448
646428,0
646439,7604
646442,6660
646467,4768
646470,5332
646483,6192
646484,2694
646499,4316
646504,12262
646505,1325
646518,0
646526,5243
646535,10615
646537,7919
646538,3782
646539,9459
646556,5815
646561,0
646568,1299
646590,3136
646591,4142
646611,6682
646621,3842
646623,6624
646627,0
646629,6690
646636,3843
646637,5533
646643,9067
646645,4682
646647,8118
646648,4592
646649,8615
646660,3952
646665,8372
646666,6296
646670,4276
646674,7734
646686,6967
646693,7229
646724,4335
646737,5111
646740,9811
646761,4952
646795,4748
646799,0
646803,0
646810,3529
646825,12133
646828,0
646848,4168
646849,5038
646856,9673
646858,2280
646870,6132
646872,33952
646874,0
646875,5411
646881,7245
646882,0
646884,8516
646889,6945
646901,0
646912,4541
646919,0
646925,0
646929,7209
646933,4787
646945,3689
646963,5235
646964,5881
646966,6884
646977,8449
646979,7282
646984,0
646993,0
647007,0
647013,6418
647036,7657
647057,5794
647065,6302
647068,6841
647073,6798
647075,5991
647080,6274
647092,8410
647100,5242
647113,6093
647117,12313
647129,6739
647138,5312
647158,4168
647163,0
647166,0
647186,0
647218,7233
647241,6183
647262,0
647263,0
647271,7515
647278,7864
647284,0
647288,7578
647297,4256
647300,12186
647311,0
647318,13190
647327,16221
647336,9628
647349,7139
647351,0
647372,4379
647375,13842
647380,5495
647382,3734
647413,6658
647439,0
647443,5055
647457,12322
647468,10728
647495,6964
647498,9038
647504,7544
647505,6304
647506,0
647515,9796
647543,3778
647550,3046
647553,0
647566,11366
647596,3594
647597,4751
647629,5860
647632,5949
647634,8129
647637,7871
647639,4273
647644,7319
647647,4581
647662,9507
647664,8740
647669,4402
647709,10700
647718,4738
647721,3336
647731,9458
647732,0
647736,7866
647748,4509
647750,0
647783,6937
647785,4450
647786,0
647791,0
647803,3324
647809,7964
647821,9894
647826,7075
647835,6310
647851,6679
647876,9133
647883,2821
647885,4018
647888,12036
647889,2274
647898,0
647902,8529
647903,7428
647909,10170
647919,6266
647937,0
647947,3481
647955,7812
647962,8297
647964,7036
647980,7666
648031,4541
648053,5586
648056,8700
648062,6784
648066,6121
648082,0
648086,0
648088,0
648110,9479
648115,0
648130,5684
648138,15768
648140,6263
648147,3932
648162,6953
648168,4542
648173,0
648186,5492
648198,5811
648204,11282
648229,6660
648236,14718
648239,11077
648277,5866
648293,6771
648300,7788
648301,4464
648305,8743
648312,7038
648325,5981
648339,8322
648341,3951
648358,8826
648377,5546
648383,7704
648395,7269
648411,6691
648414,2994
648447,0
648455,8534
648456,5480
648476,0
648478,10298
648481,5220
648488,4778
648494,0
648501,11506
648515,11237
648518,5519
648520,4536
648542,3875
648552,8676
648556,0
648567,6478
648572,5540
648578,10206
648579,3789
648589,4904
648593,6219
648595,5523
648601,3864
648604,11574
648618,6966
648624,3503
648626,0
648631,4881
648670,2841
648679,0
648686,12668
648688,0
648689,5500
648695,0
648701,6404
648715,15999
648728,6558
648735,7609
648746,7317
648754,4618
648767,3519
648775,10832
648777,4824
648819,4945
648821,4623
648822,6975
648833,5734
648856,6855
648875,10230
648890,5496
648895,4509
648898,8619
648905,5816
648911,6153
648916,7050
648917,0
648948,4334
648955,12882
648978,5574
648996,4995
648999,16054
649003,24309
649038,4229
649044,5003
649059,4903
649069,5213
649087,6474
649091,12690
649095,6378
649102,9183
649115,11668
649124,8756
649130,5584
649136,0
649142,6532
649146,7171
649151,7014
649155,9618
649181,6654
649187,9070
649199,5916
649202,7989
649218,6822
649219,0
649222,0
649228,0
649234,6035
649236,3794
649240,5578
649247,6776
649251,0
649252,7747
649274,0
649299,5108
649325,7474
649328,5484
649331,0
649353,8929
649360,7648
649367,10799
649375,5860
649383,4054
649385,8388
649396,6647
649427,10129
649431,4608
649434,0
649441,5650
649449,3766
649450,0
649456,7168
649471,4799
649486,7544
649515,10611
649522,5990
649556,5613
649564,4835
649573,5394
649598,5999
649602,6328
649612,9603
649619,4934
649633,4805
649634,0
649635,5383
649638,6732
649639,5338
649644,5810
649655,4469
649684,0
649698,13124
649715,4593
649729,4734
649748,8926
649757,0
649759,5766
649760,3820
649764,4851
649766,4320
649771,4620
649784,5033
649789,0
649792,6705
649816,3963
649818,6636
649836,6807
649862,5040
649873,3997
649884,17955
649905,0
649908,8734
649930,8368
649933,6733
649941,3715
649952,0
649974,0
649982,4410
649989,6096
650011,6689
650016,7108
650024,5983
650043,6197
650052,4518
650068,6358
650072,5116
650088,2916
650089,6763
650093,12314
650106,10101
650108,0
650109,0
650112,5366
650116,0
650118,3764
650127,7396
650136,10241
650142,5610
650154,7960
650196,0
650220,0
650254,10263
650261,7988
650264,9410
650267,0
650281,3637
650285,5578
650293,0
650296,5832
650301,4927
650314,8562
650319,4667
650343,9293
650344,0
650362,6876
650370,7407
650385,6287
650399,10997
650409,1259
650412,5329
650423,3813
650426,0
650434,4459
650444,6606
650455,5273
650459,0
650464,7539
650469,2530
650484,0
650494,3079
650504,5919
650521,8726
650523,6880
650526,6318
650531,8850
650532,8403
650556,5008
650563,7638
650588,0
650590,10066
650603,5245
650604,5877
650608,6157
650614,7146
650669,8298
650689,12911
650692,0
650693,0
650695,5762
650713,4526
650716,8098
650727,0
650749,0
650767,8215
650804,0
650817,7893
650822,6285
650835,9827
650838,4174
650856,6195
650864,1460
650869,6227
650890,4427
650892,4598
650896,0
650908,11041
650913,9585
650931,6328
650957,7165
650961,0
650989,9445
650999,2966
651027,0
651032,0
651040,4647
651048,3440
651049,9801
651056,7589
651078,5524
651084,11973
651093,13666
651107,9671
651111,6057
651120,8435
651126,6199
651146,5616
651164,8145
651171,4882
651179,10982
651182,6547
651197,5471
651200,9103
651202,6305
651204,6972
651223,4039
651239,13537
651240,14543
651248,11675
651261,9743
651287,10411
651317,4394
651318,7669
651321,5296
651328,8248
651330,7188
651336,4535
651356,5415
651361,6176
651363,0
651384,8349
651430,0
651435,4213
651438,6746
651449,11649
651511,0
651513,7716
651520,13610
651522,2567
651538,10103
651546,8353
651551,2641
651556,15989
651562,0
651581,6048
651582,5578
651584,6835
651590,0
651600,3582
651625,5388
651647,5336
651648,4565
651671,0
651675,9077
651716,4587
651719,7166
651727,8057
651728,9562
651750,8970
651768,3649
651772,6498
651779,4605
651788,0
651795,12236
651827,9028
651831,4576
651839,4528
651858,0
651860,7045
651863,4945
651864,1622
651874,7278
651884,7053
651885,3249
651892,7660
651894,24040
651900,0
651906,3839
651926,3251
651933,6139
651943,3708
651945,0
651947,0
651963,0
652002,3910
652003,0
652018,0
652033,3391
652038,6056
652040,4613
652051,4521
652052,17890
652053,4384
652065,7683
652072,8765
652079,8952
652084,2402
652085,3625
652086,13019
652101,4616
652107,0
652110,7908
652115,7215
652117,8569
652125,4793
652127,7700
652144,0
652156,7334
652159,0
652169,4364
652194,5715
652205,11897
652222,7807
652227,0
652248,6550
652249,5235
652263,0
652267,0
652274,5989
652298,0
652307,8139
652316,0
652325,3742
652341,6774
652342,4680
652349,12433
652357,4831
652367,10122
652396,10226
652413,2765
652419,4578
652423,5669
652452,5175
652457,2689
652464,5205
652467,10166
652469,3061
652480,9405
652483,0
652499,10078
652510,6393
652511,4014
652521,0
652522,10694
652523,3967
652529,13687
652535,7814
652536,7519
652539,10301
652545,0
652551,7272
652552,0
652558,0
652559,6505
652578,9537
652579,4463
652589,16093
652595,0
652596,8708
652597,5272
652603,6139
652606,6312
652609,6888
652612,0
652663,0
652665,10569
652683,7528
652692,4177
652708,5083
652721,0
652727,4327
652737,5239
652751,3986
652759,8484
652766,5237
652797,10417
652799,5833
652808,12873
652814,7053
652817,9022
652826,0
652834,5213
652838,6982
652844,9241
652851,8356
652853,4164
652862,4765
652864,2363
652866,7778
652869,7675
652870,7764
652881,6820
652898,5003
652917,19263
652921,16202
652928,0
652940,5503
652941,3884
652968,3335
652970,5241
652975,5745
652979,5580
652992,3387
653006,6248
653014,13226
653022,7125
653028,0
653033,0
653034,0
653070,4685
653086,7811
653093,6023
653095,0
653109,0
653125,9671
653138,4503
653150,5838
653154,11467
653155,0
653173,6001
653185,3820
653188,4912
653203,5027
653209,8733
653219,5010
653220,0
653246,7706
653253,4895
653257,6831
653260,7084
653262,6637
653273,8131
653278,0
653282,11776
653298,3891
653303,8324
653308,12777
653311,5043
653312,7917
653317,8312
653322,4634
653324,5816
653340,0
653365,5330
653372,0
653381,8680
653386,8126
653388,16750
653398,8813
653402,5033
653406,6127
653407,0
653421,6018
653429,7143
653436,0
653450,9095
653454,7977
653459,5479
653471,4676
653472,5327
653482,9476
653491,0
653519,0
653520,4569
653521,8862
653527,7018
653534,7276
653542,15477
653548,3773
653552,5472
653554,10462
653577,3531
653593,7586
653594,3405
653634,4792
653651,3166
653675,5017
653722,0
653751,7527
653759,0
653761,3081
653812,8245
653823,5383
653827,8509
653843,7923
653851,5677
653867,7185
653871,6512
653872,9084
653906,5813
653934,7310
653939,6138
653940,5585
653955,3144
653956,0
653982,5880
653987,4402
653989,4134
653990,3262
654017,5591
654032,6267
654034,14694
654042,7760
654046,0
654060,6065
654061,4995
654072,5475
654077,3643
654086,7829
654096,4619
654102,4169
654124,7791
654137,0
654145,13364
654150,4323
654152,11649
654154,12050
654157,4050
654201,0
654213,5456
654218,6195
654240,7137
654260,0
654285,13271
654290,8892
654291,7400
654293,0
654296,4390
654298,8212
654325,7247
654332,6994
654358,6835
654367,5414
654373,8252
654379,5150
654382,0
654397,7465
654410,5874
654416,5155
654418,6466
654426,7433
654427,6830
654445,3445
654457,6944
654496,5800
654498,8104
654506,7632
654531,6441
654533,4273
654547,0
654561,0
654565,3880
654578,3935
654590,2979
654592,0
654595,0
654598,3864
654601,3960
654614,5775
654617,5861
654624,7511
654638,5955
654639,7870
654642,0
654644,7957
654652,5253
654672,0
654681,4987
654685,4485
654699,9935
654703,7504
654707,4565
654718,6418
654724,9119
654736,0
654755,3897
654771,0
654777,4527
654779,6584
654782,9582
654784,6365
654785,5146
654794,12111
654803,7177
654810,9112
654813,0
654821,5024
654830,0
654835,3299
654840,8100
654855,5937
654873,4958
654894,9407
654898,6315
654906,8161
654909,0
654926,7827
654949,4944
654962,5957
654967,5363
654989,5893
655015,0
655037,4468
655043,0
655047,8938
655070,0
655081,5383
655084,6659
655086,6330
655087,9783
655093,5697
655109,7499
655115,6406
655117,11348
655161,7171
655162,3387
655167,7648
655170,7765
655180,8027
655184,5083
655195,0
655200,4431
655223,4201
655227,5321
655242,14597
655256,5175
655261,5203
655275,2911
655280,6936
655305,16284
655316,12188
655327,5875
655331,5882
655348,5933
655349,5335
655364,6886
655368,9093
655377,4919
655393,3392
655413,7852
655444,4723
655462,7824
655473,5621
655492,6113
655503,13232
655512,7531
655516,7668
655526,4477
655533,8638
655537,11099
655549,5084
655570,4310
655592,9395
655608,7129
655624,5660
655631,7242
655638,6397
655639,4153
655640,2551
655644,6601
655667,8561
655680,4225
655692,7570
655694,0
655712,8354
655726,7783
655742,0
655763,11249
655764,8450
655768,8192
655774,5404
655805,7377
655819,6515
655835,5228
655841,4069
655844,0
655847,8453
655852,3858
655853,4506
655897,5132
655901,0
655919,5354
655920,5412
655933,0
655934,5862
655935,8464
655938,0
655943,3861
655945,12810
655948,5776
655953,8006
655961,3322
655971,5304
655983,7706
655989,0
655993,2702
655998,8717
656000,8515
656013,6875
656017,5382
656022,7834
656038,6234
656041,4780
656049,7377
656059,6880
656066,8027
656067,8748
656072,11346
656103,9411
656116,5043
656141,4029
656142,6539
656143,3998
656149,6296
656156,7188
656158,0
656162,6204
656174,8891
656182,11794
656213,6507
656224,7506
656233,16505
656234,3724
656235,4572
656237,3515
656251,4827
656252,10482
656297,28647
656300,7127
656303,2755
656308,5840
656311,4688
656312,3483
656334,7040
656382,11503
656383,0
656400,5269
656404,6127
656410,4946
656417,5195
656437,7280
656449,2822
656464,0
656465,6150
656470,3561
656479,9821
656481,7772
656482,5709
656485,11812
656492,5517
656515,6191
656537,3269
656550,5676
656563,9537
656564,10630
656569,0
656572,6251
656579,6037
656583,7225
656594,6354
656600,4825
656617,4937
656621,7150
656634,4577
656649,8732
656654,7192
656657,5646
656669,6461
656678,6266
656694,3906
656698,5998
656701,0
656703,4215
656714,6896
656718,0
656727,12412
656740,4347
656742,6596
656751,8189
656753,5474
656761,6593
656762,5901
656764,5930
656768,11050
656773,5210
656775,5981
656796,5899
656804,0
656812,3414
656815,6638
656845,4947
656847,4924
656848,6312
656851,0
656856,9237
656867,5729
656875,8224
656882,5733
656897,0
656900,4796
656906,7198
656923,4158
656951,8580
656956,4575
656958,6487
656959,6091
656981,8024
656982,10287
656999,8788
657004,0
657010,4849
657013,3886
657015,4342
657036,0
657040,4195
657074,6573
657076,4357
657083,6077
657092,6579
657096,7145
657100,3473
657107,8459
657118,9661
657144,0
657165,5968
657174,6740
657196,4813
657199,5532
657201,8289
657221,8414
657225,0
657229,10206
657230,11778
657243,8754
657270,7840
657278,9917
657286,4805
657303,6920
657321,6149
657322,6897
657324,12072
657331,6467
657357,0
657370,9744
657372,4977
657378,18274
657385,4099
657391,5787
657400,15837
657401,4724
657405,6906
657421,0
657427,0
657434,8137
657471,8175
657473,7151
657484,12090
657487,0
657494,4188
657543,5005
657552,7110
657576,10749
657601,0
657616,5755
657618,6068
657625,5574
657632,4292
657640,9024
657648,12993
657679,2291
657704,2106
657754,0
657760,0
657771,6060
657773,4983
657788,4854
657803,0
657807,0
657809,3939
657823,5253
657831,6454
657838,3109
657845,10837
657858,7100
657865,4750
657879,3511
657885,0
657892,0
657894,5801
657897,10416
657904,0
657923,6059
657924,0
657926,5234
657928,11277
657959,7517
657974,6276
657993,4457
657996,3877
658001,7100
658006,6645
658009,6325
658034,13302
658035,6003
658047,6939
658049,0
658052,9686
658062,0
658071,8354
658095,6327
658100,0
658106,6286
658125,15824
658128,0
658147,5658
658152,3314
658177,8040
658194,10099
658228,7592
658233,6309
658235,5885
658239,8918
658245,4347
658263,8017
658304,10155
658312,7039
658328,5863
658337,6758
658340,0
658346,15721
658349,11786
658350,4867
658354,0
658357,7031
658372,3451
658391,7485
658393,6717
658395,0
658397,3969
658413,9212
658449,7871
658457,6250
658466,0
658470,8816
658471,5944
658475,5928
658476,4682
658504,10341
658517,6790
658584,8083
658587,11606
658592,5517
658596,4307
658604,5898
658606,6086
658611,10976
658617,7524
658621,5507
658627,0
658630,17175
658658,5465
658662,4624
658666,5317
658672,0
658679,6384
658685,5324
658686,4265
658718,0
658734,8983
658736,3453
658738,3559
658744,5441
658747,4648
658755,0
658776,0
658793,0
658794,8626
658798,19821
658799,9448
658817,7325
658851,3130
658852,6475
658854,9747
658874,0
658894,9446
658906,7547
658925,7891
658942,6388
658943,8604
658945,9365
658958,7142
658970,6501
658977,7328
658979,8809
658989,4980
658999,5738
659013,9187
659017,13736
659024,10033
659047,5030
659067,8927
659071,5218
659091,7340
659106,9592
659124,0
659133,19859
659153,15841
659190,6418
659203,6601
659209,0
659217,6725
659219,5439
659223,6150
659235,8517
659241,6279
659245,6133
659251,3366
659253,8795
659255,6416
659261,6742
659268,8186
659274,10197
659286,14100
659302,4749
659315,9065
659346,5113
659363,6315
659387,7325
659390,0
659394,7751
659401,8343
659419,15761
659420,0
659440,0
659450,6740
659451,9281
659455,15183
659464,5690
659471,7110
659479,5899
659500,4742
659501,6581
659505,0
659510,3774
659522,3259
659534,7134
659540,7318
659562,4674
659572,7153
659576,6272
659585,6238
659588,0
659595,4265
659598,4074
659606,5578
659607,0
659608,0
659609,9168
659615,7616
659617,0
659624,0
659629,8189
659633,4442
659647,6168
659677,9939
659678,3745
659690,0
659696,7800
659702,0
659705,9160
659716,8056
659719,5954
659723,7748
659737,0
659739,4495
659764,8142
659765,16405
659769,5061
659778,6259
659779,5485
659780,8130
659787,15528
659792,4622
659793,10245
659801,7233
659803,0
659814,3689
659827,4106
659828,0
659892,6567
659897,8019
659901,8728
659906,8218
659908,0
659917,0
659921,6315
659939,12947
659942,3831
659953,0
659955,8617
659960,0
659966,14986
659975,10289
659976,5934
659996,0
659997,6735
660008,4790
660013,4519
660018,7956
660032,8138
660034,8206
660035,0
660062,6533
660075,4547
660077,0
660086,0
660089,4576
660106,9086
660133,6930
660139,0
660157,4986
660165,2487
660177,14653
660189,3693
660200,4933
660204,4545
660211,6065
660217,13915
660243,0
660247,2347
660248,6364
660254,9300
660268,3002
660269,8036
660280,6869
660287,5833
660300,4061
660304,10675
660310,9596
660327,6365
660329,0
660338,9194
660340,7811
660345,6903
660358,0
660362,4310
660382,7397
660386,4374
660404,13079
660416,6514
660422,0
660424,12413
660426,8350
660435,10149
660437,5298
660454,14511
660462,7946
660468,8017
660485,5454
660486,6664
660498,7270
660513,7809
660517,7799
660519,0
660531,0
660543,5613
660549,4629
660559,9786
660560,7137
660563,0
660568,7689
660595,4984
660597,13419
660608,4921
660633,5079
660643,5983
660652,2904
660672,0
660676,3443
660686,5604
660694,6579
660700,10744
660702,4692
660707,5808
660714,12382
660724,7457
660733,6427
660781,5202
660790,4401
660795,3116
660835,3957
660837,5329
660840,22410
660859,8786
660877,6585
660890,4589
660892,5310
660898,9359
660907,7584
660913,5482
660924,11144
660928,4430
660930,7493
660936,6713
660941,9312
660955,0
660956,4823
660958,3462
660961,16402
660964,7543
660966,5689
660967,0
660980,7150
660981,5282
661005,6920
661020,3505
661028,5547
661036,7901
661045,6845
661072,3446
661098,3263
661101,1917
661104,3954
661105,16556
661106,4451
661114,8381
661136,4310
661137,0
661144,8663
661145,6552
661156,6281
661178,4542
661184,5047
661185,3557
661192,4875
661193,9570
661207,9125
661214,6185
661225,3681
661228,7793
661240,7720
661252,0
661256,8253
661263,5086
661274,10697
661281,7931
661286,12971
661287,4928
661289,0
661292,8850
661293,4964
661297,6728
661309,8806
661322,7495
661325,5119
661361,14408
661374,6994
661389,11664
661401,5258
661405,10393
661410,7232
661413,7036
661431,12415
661433,5821
661445,5698
661454,9435
661460,7580
661462,4279
661468,7400
661469,2299
661473,4997
661480,6796
661510,6006
661512,5527
661515,2867
661526,6761
661532,0
661533,5759
661538,0
661544,6562
661558,5015
661559,0
661577,8651
661600,0
661609,9636
661636,5077
661640,0
661641,4877
661643,14883
661646,0
661662,6900
661666,13721
661679,4328
661680,5462
661686,5245
661690,0
661729,7614
661730,13712
661750,6886
661778,5830
661783,9037
661810,9230
661817,10089
661827,10661
661828,9036
661829,4846
661839,9422
661846,8388
661868,0
661894,12271
661899,6467
661901,5184
661915,6236
661930,6729
661931,9200
661943,7170
661953,4392
661960,5969
661973,11087
661974,9057
661975,5802
661985,6313
661988,9431
662010,6993
662011,5280
662022,4506
662025,0
662030,9987
662098,0
662103,3266
662109,6005
662113,10007
662114,6588
662125,4997
662149,3783
662165,4343
662182,4268
662185,5593
662190,7413
662202,5896
662216,9953
662220,4493
662237,4102
662238,4272
662241,0
662246,7901
662250,5114
662256,3451
662257,0
662263,5579
662265,0
662268,9279
662282,6102
662294,5983
662315,3473
662316,5606
662328,5734
662334,8799
662356,7960
662362,0
662365,0
662382,5385
662384,0
662385,9372
662396,6358
662397,3333
662426,5925
662442,0
662446,4842
662458,0
662463,8605
662465,4174
662479,7226
662490,0
662491,6517
662527,7339
662539,6557
662557,0
662584,5985
662592,5323
662593,7085
662599,3798
662614,4074
662616,6731
662626,0
662642,5811
662648,9566
662654,5579
662663,3843
662674,12599
662676,8069
662679,3435
662684,4537
662685,7097
662716,7919
662724,7924
662728,3925
662732,16638
662733,4687
662735,8904
662743,7884
662766,0
662802,0
662814,5077
662837,4568
662842,9887
662843,0
662872,6283
662882,5253
662883,1888
662912,8150
662916,3865
662917,5989
662921,8110
662931,6767
662939,0
662949,6843
662952,6121
662953,6285
662954,5825
662958,5623
662971,6634
662983,11008
662994,4983
662999,7772
663001,7518
663002,4748
663020,0
663050,9168
663051,9135
663065,10542
663069,6192
663077,9490
663078,5687
663082,7514
663090,12550
663092,13077
663093,6522
663099,7485
663100,6309
663113,7491
663120,0
663145,6460
663164,5517
663172,0
663178,9858
663182,0
663185,6542
663193,4369
663198,20031
663232,0
663233,11805
663253,7913
663276,5235
663280,0
663286,3249
663294,4535
663351,4688
663372,3441
663373,2804
663374,3758
663375,0
663382,7547
663387,4244
663394,0
663398,0
663403,7957
663417,7258
663433,7379
663440,6351
663449,12730
663450,6464
663457,5937
663459,5887
663470,4631
663475,6344
663496,6759
663497,2784
663501,0
663503,6920
663508,4079
663509,8846
663516,5800
663520,5018
663548,0
663549,0
663561,10895
663564,4568
663567,3482
663575,0
663578,13519
663580,6475
663585,7353
663595,7217
663601,0
663610,9649
663615,0
663631,7472
663655,5810
663675,5248
663679,0
663697,6310
663720,5617
663722,6278
663737,5242
663751,5517
663756,4076
663769,5221
663781,6823
663789,18325
663793,7125
663804,11682
663814,19187
663820,0
663830,6559
663833,11608
663859,9987
663872,9987
663884,6142
663889,3933
663891,5528
663895,0
663903,0
663912,4482
663918,6122
663922,10229
663924,6420
663941,0
663950,3643
663962,7702
663970,6355
663987,10467
663989,0
663994,5555
663999,0
664021,5637
664026,15638
664030,0
664036,6767
664038,0
664040,6588
664042,6115
664048,0
664062,8344
664070,4537
664089,8380
664092,8364
664110,0
664115,6298
664130,6270
664134,6253
664143,6234
664186,6396
664195,6564
664199,8624
664203,4813
664216,8234
664222,4044
664225,7032
664227,5264
664237,12288
664238,9675
664239,8375
664242,8033
664263,0
664268,5748
664270,6611
664289,4159
664304,8538
664313,6677
664320,0
664329,9075
664334,8289
664354,6278
664358,13644
664364,9139
664374,19284
664381,6523
664386,5388
664395,4798
664429,6203
664444,4049
664450,3836
664457,0
664461,7301
664478,8923
664492,7258
664501,15257
664526,3555
664532,0
664555,4566
664558,6101
664583,3800
664588,5305
664593,7162
664595,3419
664608,10817
664613,8631
664637,6228
664657,7775
664674,5388
664677,4451
664678,0
664683,0
664703,5441
664716,10791
664725,5485
664739,7829
664740,9787
664752,0
664761,5310
664762,14695
664763,4558
664765,6969
664771,4420
664774,3612
664784,0
664790,12960
664797,9805
664798,0
664803,0
664804,0
664806,2960
664808,7011
664819,8021
664822,7949
664826,5263
664850,3536
664852,6059
664855,5646
664861,0
664881,8298
664889,0
664891,0
664899,11270
664903,5164
664906,8496
664918,8567
664926,0
664950,10539
664951,4075
664968,8355
664974,5350
664978,8699
664986,8541
664994,5742
665011,6131
665016,9130
665017,7045
665029,4283
665035,6686
665062,17257
665072,11237
665145,8336
665151,10437
665160,3926
665162,9578
665166,8244
665178,6337
665189,7930
665192,3321
665208,10585
665210,5358
665218,7753
665241,6844
665242,14046
665273,0
665278,5881
665318,0
665321,5640
665338,6551
665344,7970
665356,3199
665370,1402
665372,0
665411,8259
665415,0
665418,6677
665420,1866
665430,5200
665445,7486
665446,7205
665448,16127
665472,0
665484,9955
665487,0
665493,8316
665495,5028
665497,4506
665508,5899
665515,9203
665518,5882
665525,5437
665534,8126
665572,6344
665581,8380
665582,4904
665586,5242
665600,7752
665604,6665
665605,4746
665632,6631
665639,3546
665650,4467
665651,0
665652,3906
665654,4786
665661,0
665682,5819
665684,6691
665697,0
665722,6748
665723,4996
665731,3741
665740,5264
665748,8210
665753,7467
665760,5681
665768,10959
665789,17160
665793,7665
665798,8721
665803,7195
665828,6555
665829,7454
665841,6412
665848,11211
665866,0
665879,9765
665884,4418
665890,3753
665898,3430
665929,5112
665936,15986
665937,11857
665943,7066
665968,8708
665979,5198
665987,0
666011,0
666020,0
666031,4390
666036,3833
666039,6356
666046,9076
666055,6065
666060,6636
666085,5405
666086,6350
666089,6178
666090,2456
666094,4790
666140,5760
666142,5595
666143,8848
666156,0
666195,0
666227,6390
666228,8552
666229,6973
666233,6223
666236,10854
666237,8785
666239,6931
666250,0
666252,4183
666257,6412
666264,0
666268,7762
666275,7026
666282,2161
666285,7739
666306,7747
666315,4382
666322,5714
666323,0
666328,6920
666329,13587
666341,10499
666342,3422
666352,3990
666364,4931
666386,8935
666402,3886
666404,6890
666417,6715
666432,9224
666433,4756
666440,0
666464,4918
666468,5597
666480,5954
666497,7457
666503,7738
666505,3531
666523,5835
666530,4433
666534,3749
666548,4620
666568,0
666577,7873
666578,0
666582,7788
666595,8653
666616,8626
666636,7508
666654,5112
666671,8101
666674,5058
666686,3682
666688,6820
666703,3563
666735,4010
666742,5453
666757,4581
666771,6990
666776,3075
666798,6135
666810,7588
666818,4962
666838,15118
666843,6822
666846,5244
666847,6458
666865,5694
666891,9960
666909,4962
666912,5679
666915,5048
666918,6946
666934,7808
666949,12301
666951,4013
666955,8226
666966,0
666989,8599
666991,6915
667002,0
667024,0
667089,3683
667100,10631
667101,7373
667120,6919
667130,3048
667134,2918
667141,0
667147,4993
667154,5128
667160,13607
667163,4476
667174,7013
667176,0
667178,0
667183,7317
667184,16563
667204,0
667205,4693
667210,4326
667217,10818
667240,4763
667243,0
667256,0
667263,0
667264,5839
667284,5654
667285,5242
667300,13575
667305,1473
667316,0
667323,7294
667338,5654
667340,5566
667350,6164
667353,6536
667354,6303
667365,0
667379,6262
667380,7743
667399,6698
667403,7463
667405,4713
667409,13392
667414,8298
667415,0
667416,6106
667420,4797
667435,3494
667491,0
667532,5403
667549,3957
667552,20333
667560,9908
667570,0
667586,0
667603,4735
667625,9353
667639,4805
667651,0
667661,4037
667666,12390
667682,5098
667685,0
667691,5752
667702,0
667707,9086
667709,5249
667733,0
667755,9076
667794,0
667798,11948
667810,3580
667830,5054
667844,7408
667845,7608
667865,4026
667871,6310
667881,10391
667894,8127
667898,4956
667901,3925
667905,6946
667917,9301
667920,0
667927,5520
667946,13383
667952,4359
667956,0
667957,9847
667964,0
667968,5692
667982,2686
667993,3721
668002,11410
668006,8013
668008,4722
668018,5056
668040,2045
668057,3872
668060,10424
668068,12585
668069,0
668091,7488
668100,6564
668107,5443
668120,4667
668135,0
668146,0
668164,9537
668170,5517
668173,8658
668186,3657
668189,13131
668192,3511
668194,5146
668198,6478
668204,9195
668222,9783
668229,5280
668234,5711
668235,3831
668241,4647
668242,0
668247,6588
668257,0
668259,6834
668268,7880
668272,0
668280,7676
668289,0
668292,0
668308,2903
668309,3887
668325,5870
668331,9057
668337,4158
668338,0
668343,6276
668345,7469
668350,3492
668355,7146
668358,8120
668366,6327
668392,7010
668416,0
668423,8852
668431,10119
668452,13113
668481,0
668493,0
668496,1287
668500,10882
668512,4807
668542,7736
668576,11866
668578,5092
668581,7375
668585,5362
668588,3846
668590,6921
668600,0
668630,3991
668635,0
668643,7208
668644,7498
668657,7883
668666,5337
668694,10910
668698,0
668706,5083
668717,5191
668721,7584
668722,6671
668730,0
668735,8060
668751,10755
668756,7318
668763,0
668771,5594
668779,0
668792,9920
668805,7875
668806,6103
668817,6232
668831,7287
668840,5206
668843,3035
668857,6715
668860,7438
668862,6020
668875,9885
668877,7066
668878,8492
668897,4873
668906,3246
668912,0
668965,5245
668969,8011
668997,0
668999,8666
669009,6363
669022,0
669056,5904
669076,9426
669090,7781
669105,10314
669114,6890
669133,9760
669136,0
669153,0
669174,0
669178,9342
669202,0
669212,0
669219,4782
669222,6334
669238,0
669240,4264
669255,6377
669275,10581
669290,5610
669299,10465
669305,6492
669307,9591
669339,5829
669351,12649
669357,0
669358,5127
669360,0
669368,3599
669372,4312
669390,6395
669392,7894
669399,4646
669400,4272
669425,0
669431,4737
669444,10397
669448,0
669488,0
669500,2943
669501,3205
669546,4060
669549,18085
669550,9079
669556,6096
669563,6775
669567,5638
669573,9317
669574,8245
669575,0
669590,7858
669606,5712
669608,5599
669612,7179
669614,6916
669622,0
669623,12465
669629,11100
669639,3774
669651,6075
669655,6218
669666,5832
669676,4808
669678,8377
669705,9007
669709,4308
669731,1952
669735,0
669743,4262
669755,7919
669757,6717
669784,8140
669806,6454
669816,7033
669820,5894
669833,3702
669836,8490
669839,9065
669847,4254
669850,4781
669867,4558
669870,8939
669881,4633
669896,4825
669897,9865
669899,5100
669910,9062
669938,0
669955,6392
669959,15851
669976,4284
669978,0
669993,6175
669995,4582
670005,6426
670007,2772
670012,0
670018,0
670020,7840
670025,0
670035,12237
670039,1885
670065,9987
670074,6676
670083,9053
670086,7020
670096,5713
670102,0
670106,4329
670130,7448
670141,10078
670162,7514
670167,14146
670175,0
670187,0
670201,6031
670203,4182
670210,4587
670218,7543
670223,11082
670227,11467
670232,9119
670233,0
670240,8265
670243,6548
670261,6540
670267,4518
670274,0
670283,9234
670297,4998
670312,9941
670320,10014
670327,9079
670329,0
670339,8450
670341,5331
670363,5836
670392,6109
670405,8245
670416,0
670417,7367
670421,4707
670433,9354
670506,6213
670511,3813
670512,0
670514,4652
670523,6180
670533,5718
670534,14688
670550,4739
670555,13416
670561,10088
670568,6198
670573,8464
670576,5715
670579,7530
670580,1579
670598,4278
670599,0
670601,5872
670606,4676
670610,0
670635,5452
670645,4231
670654,4668
670658,3413
670673,5789
670680,7591
670683,5868
670690,2538
670699,6032
670719,0
670730,5378
670744,5986
670754,6086
670761,3750
670765,8274
670770,3692
670790,0
670801,0
670807,12056
670817,14545
670835,9384
670838,0
670850,5334
670860,9135
670871,10426
670880,7719
670885,0
670896,6177
670900,3861
670901,0
670908,3464
670927,6085
670941,7871
670947,0
670955,6555
671001,6552
671019,4563
671073,0
671074,4744
671076,7289
671085,8589
671092,4801
671102,4942
671123,4328
671124,9679
671126,4759
671127,12366
671130,7999
671136,11993
671141,6194
671146,4580
671147,0
671174,4936
671186,8270
671197,5451
671213,0
671217,5144
671242,13651
671244,0
671291,0
671292,3135
671296,5928
671304,2708
671309,4902
671322,4815
671345,15709
671355,7696
671377,5620
671399,4798
671407,8655
671408,0
671428,8297
671429,5365
671455,4772
671493,7251
671528,4780
671542,6070
671551,5743
671554,0
671557,3419
671559,8414
671561,3898
671569,4476
671582,4747
671616,0
671623,8320
671650,0
671656,5769
671677,5229
671684,9248
671701,4177
671713,9351
671726,8368
671755,0
671772,4108
671793,5823
671797,5283
671815,10407
671820,5710
671821,8224
671826,10115
671829,4359
671840,5956
671842,0
671847,4441
671866,6469
671872,0
671899,7407
671900,5274
671914,5817
671921,3649
671924,6749
671929,0
671931,6771
671932,19537
671936,0
671944,9562
671963,6616
671972,0
672004,7359
672006,8658
672022,6261
672028,3267
672038,0
672068,7968
672069,10198
672092,17181
672097,15443
672101,4281
672108,6975
672120,4755
672133,0
672139,7291
672154,7082
672171,12393
672197,6984
672209,0
672215,5877
672216,3158
672238,5951
672240,8465
672244,8467
672245,13839
672247,4880
672249,7500
672286,8276
672297,0
672313,7793
672320,6480
672325,5340
672326,3142
672329,0
672340,9792
672345,10012
672346,6010
672356,5505
672357,10372
672360,8649
672363,6657
672374,8742
672386,6414
672391,4772
672409,6845
672419,6415
672422,8478
672430,5974
672437,0
672445,6336
672458,4037
672466,2880
672484,3516
672491,7303
672492,9506
672498,11748
672499,7060
672515,4900
672524,0
672531,0
672535,9464
672541,0
672553,0
672562,959
672563,0
672565,0
672568,8137
672575,5277
672581,6025
672599,5535
672608,8880
672611,2536
672617,6993
672620,5680
672622,0
672625,0
672634,16791
672642,4386
672649,0
672650,6279
672658,5223
672674,6314
672693,4352
672712,0
672717,11190
672726,8023
672728,17478
672755,0
672797,10853
672800,7395
672815,3068
672825,4232
672826,7033
672845,6646
672869,8618
672871,8269
672874,7566
672891,7680
672923,0
672929,10737
672932,4214
672947,0
672996,8678
673000,0
673006,7618
673020,6005
673029,0
673036,3340
673077,7005
673081,6616
673099,7462
673105,0
673114,6870
673123,7663
673130,5262
673138,9884
673144,17853
673152,3032
673154,7287
673158,5195
673168,1269
673175,4518
673177,0
673194,3740
673195,4937
673215,0
673217,0
673223,8466
673224,4453
673239,4639
673252,5629
673255,0
673266,7597
673271,9407
673279,7630
673290,0
673300,7210
673322,3708
673344,6586
673395,0
673396,0
673405,6544
673412,5024
673431,6809
673433,9323
673438,1792
673445,6148
673448,0
673452,11008
673460,3503
673462,5458
673486,9552
673492,7005
673513,6128
673527,0
673535,10242
673543,6439
673546,3017
673557,10596
673562,0
673570,4041
673571,7245
673579,5268
673589,4080
673599,6311
673602,13961
673605,9375
673614,6233
673615,7624
673621,7053
673622,2453
673645,2437
673647,7088
673651,9844
673652,0
673656,5589
673670,4969
673678,0
673679,6541
673685,5147
673708,4915
673718,6174
673732,8585
673741,3601
673757,6704
673767,6865
673773,10378
673774,5045
673788,6674
673795,9177
673811,6012
673818,4370
673820,5703
673827,11936
673842,8181
673844,5583
673849,6700
673853,0
673858,6847
673883,8522
673884,6492
673887,0
673896,5202
673900,4439
673901,8024
673903,5292
673916,0
673917,5940
673923,3576
673954,4533
673960,11992
673975,5782
673987,4956
673993,7768
674005,11754
674010,10739
674015,5601
674016,8491
674024,7840
674031,3417
674042,0
674054,11973
674067,0
674081,3561
674082,4405
674086,7510
674106,10752
674136,6100
674144,7640
674161,6918
674184,6166
674219,4816
674229,5444
674245,7624
674260,7769
674295,3583
674315,11621
674371,10796
674377,3166
674383,3942
674406,4855
674413,5828
674450,7756
674457,7405
674459,2150
674460,6063
674468,6034
674479,0
674510,9339
674516,5264
674517,5853
674518,5606
674521,6082
674534,9645
674540,10813
674543,9053
674559,7096
674560,11064
674572,6469
674577,11473
674588,0
674591,8648
674592,13142
674594,6159
674607,9481
674613,7411
674627,0
674636,9069
674649,0
674652,5649
674668,7531
674670,6563
674680,4839
674684,0
674685,2501
674689,2125
674694,4516
674706,2808
674708,15118
674732,0
674735,3073
674743,6305
674744,14887
674752,5715
674753,6138
674754,0
674773,6257
674791,3942
674794,6791
674806,5601
674813,5279
674815,0
674825,0
674838,5837
674856,8175
674864,2984
674866,8732
674867,0
674888,0
674900,0
674901,5299
674903,4764
674905,7878
674912,5105
674913,5786
674918,7099
674930,8029
674935,5681
674939,5900
674941,6602
674946,10496
674963,3889
674965,5795
674977,5912
674978,6324
675000,5907
675002,6758
675035,7544
675041,0
675045,4287
675048,4544
675051,6995
675076,9710
675086,7439
675087,7738
675113,3465
675117,0
675145,5069
675165,3273
675181,8487
675188,7634
675218,0
675224,6967
675256,8447
675259,6934
675277,5434
675287,0
675298,4497
675307,0
675314,6280
675326,9119
675330,13331
675360,9050
675377,6231
675409,6563
675424,0
675430,9585
675431,0
675434,0
675437,3240
675438,4689
675443,7914
675446,9695
675462,7270
675464,0
675470,0
675479,7959
675484,4266
675504,6713
675505,4676
675510,0
675511,10659
675535,4107
675555,5937
675556,6683
675573,2420
675575,7445
675578,6483
675587,0
675591,2940
675619,6494
675623,6456
675628,6376
675637,7136
675639,0
675643,6383
675645,5174
675646,0
675649,4792
675651,3556
675665,4896
675676,5404
675678,5948
675692,0
675708,0
675734,3887
675741,7144
675742,5950
675743,0
675746,4829
675755,9300
675787,21273
675823,10875
675837,5841
675872,0
675879,7354
675880,6035
675882,4691
675914,0
675919,7097
675929,3744
675955,6004
675975,7734
675976,12823
675979,5320
675996,5064
676008,6456
676014,7533
676017,7306
676018,5576
676039,5720
676047,8008
676060,6866
676061,9237
676062,6295
676063,6975
676068,10272
676069,2359
676071,5183
676086,4898
676091,3127
676108,7345
676146,6327
676153,0
676161,0
676162,6438
676175,5932
676188,0
676191,10835
676214,0
676238,7505
676246,6196
676263,22168
676264,6240
676272,13956
676283,0
676292,7341
676301,7313
676306,7281
676310,11514
676313,4935
676316,10670
676322,0
676345,4029
676356,5958
676369,8403
676373,6567
676377,13375
676384,4785
676387,0
676406,9348
676407,11950
676417,4352
676424,5848
676426,7081
676449,3359
676451,0
676456,4702
676458,5877
676470,9684
676471,8498
676474,6979
676475,3331
676489,6323
676490,5898
676511,8106
676514,7765
676515,16108
676521,4209
676561,3986
676563,5921
676564,7125
676568,10759
676569,0
676572,9397
676579,6637
676593,7280
676597,14631
676606,15110
676616,10288
676620,15264
676621,3913
676628,0
676636,0
676651,5988
676658,5631
676676,6809
676685,6775
676686,8403
676693,3579
676694,7475
676695,8726
676704,5545
676714,0
676716,10732
676718,6049
676735,0
676747,0
676749,4999
676762,5460
676780,5738
676782,11864
676786,6065
676790,8467
676807,0
676816,7372
676823,0
676824,6200
676827,4754
676830,4764
676833,6746
676846,8357
676863,0
676864,0
676878,6059
676879,5771
676886,6958
676887,12383
676892,7595
676895,0
676904,6320
676905,7485
676921,7962
676950,7291
676954,3948
676971,4883
677012,0
677022,0
677048,0
677069,10645
677074,17543
677092,9285
677097,28074
677111,8473
677115,6794
677119,6587
677142,21230
677146,0
677148,4236
677151,9562
677153,0
677164,0
677167,6416
677181,7277
677184,12175
677191,8720
677196,0
677212,11912
677218,5330
677238,4966
677259,4038
677276,14525
677277,10072
677320,4584
677339,6323
677341,10737
677363,6656
677364,6365
677368,7182
677371,8251
677402,6643
677417,5090
677418,5255
677428,6808
677429,4847
677453,0
677469,5417
677481,10214
677489,7312
677515,0
677523,7386
677528,0
677533,0
677545,7168
677553,9681
677558,10060
677585,3596
677591,10301
677598,5311
677630,5328
677643,0
677655,6749
677660,0
677673,8424
677682,5010
677683,5118
677689,11102
677702,3437
677777,12020
677799,7555
677816,9785
677831,0
677871,11125
677872,5685
677875,10974
677878,7710
677880,5999
677887,7015
677892,6161
677909,4218
677928,5581
677932,6969
677942,5113
677949,0
677952,8558
677956,11407
677966,3148
677976,9122
677987,5023
677992,0
678008,7001
678013,6630
678038,9440
678056,9590
678060,0
678062,7874
678086,4433
678092,8351
678093,3011
678101,0
678102,9359
678106,2342
678122,7202
678125,0
678128,7293
678131,0
678141,0
678170,5554
678177,5767
678178,3602
678186,6395
678196,4561
678201,5589
678206,2764
678209,7567
678212,7298
678220,9520
678222,7831
678225,3527
678228,5661
678238,4555
678268,10007
678270,0
678290,0
678324,0
678328,4535
678358,6296
678367,8655
678370,8569
678375,3703
678378,10600
678412,0
678431,7130
678441,10592
678443,0
678448,6854
678450,11034
678484,12813
678489,5576
678496,9834
678500,3773
678506,0
678516,2586
678527,6208
678532,5767
678571,14725
678582,4370
678583,5688
678593,9293
678595,6931
678601,7272
678604,0
678625,7983
678631,0
678636,8032
678655,16206
678678,4187
678689,0
678707,4632
678727,6892
678734,7480
678736,5330
678739,8655
678749,5973
678755,10117
678758,0
678768,0
678787,5618
678796,4584
678808,5283
678810,10478
678821,3959
678824,0
678829,4277
678836,6085
678840,7523
678841,11917
678867,3978
678882,4869
678887,0
678899,6016
678904,4131
678905,8014
678909,0
678921,6444
678941,6583
678944,5350
678955,10724
678970,5109
678972,5307
678975,0
678980,6850
678986,4475
678993,6390
678994,4527
678997,0
678999,5508
679001,5929
679009,3662
679011,7372
679012,0
679014,5856
679041,11751
679058,4937
679081,8143
679083,9547
679085,11225
679094,4683
679102,3900
679119,3669
679122,10002
679158,0
679199,8862
679203,0
679214,0
679224,10639
679226,4642
679239,0
679267,6054
679269,7271
679292,6492
679297,0
679309,8099
679336,3213
679349,0
679352,6162
679362,4582
679370,0
679375,0
679381,5801
679394,4750
679399,4135
679427,3757
679434,3968
679435,4877
679440,6567
679441,9067
679447,7524
679459,6484
679466,7289
679483,0
679491,0
679494,0
679500,6289
679514,3496
679525,3774
679531,3843
679532,0
679543,8373
679550,9359
679552,10440
679555,0
679561,8034
679571,7991
679572,3072
679574,16783
679579,4758
679596,0
679600,0
679612,4556
679615,4767
679618,8427
679633,8625
679638,6621
679646,0
679651,15912
679654,5287
679659,8711
679667,5104
679673,6838
679688,9371
679692,6007
679699,3474
679712,10209
679718,8242
679728,4991
679739,16586
679743,7731
679756,12306
679767,0
679780,6848
679782,3609
679786,9160
679805,5407
679848,6008
679857,6718
679859,0
679860,5354
679867,5323
679873,4868
679902,7109
679907,6950
679919,0
679924,0
679948,5984
679972,10152
679974,9642
679999,4873
680019,4263
680039,0
680058,7534
680062,5879
680080,0
680081,6913
680113,8761
680125,0
680127,6288
680143,7293
680146,5498
680163,6861
680167,6983
680174,7870
680186,5733
680199,0
680204,7394
680207,10274
680215,10214
680218,5720
680222,5679
680244,11159
680259,3036
680261,5475
680301,8281
680312,0
680333,0
680341,6188
680344,11454
680358,5176
680363,5917
680372,0
680385,8784
680396,0
680413,8305
680421,8253
680428,0
680432,5716
680453,6243
680456,9480
680474,1925
680507,4866
680516,7921
680531,9135
680536,5344
680562,7607
680566,8461
680597,6287
680610,9250
680611,5102
680618,8201
680632,11601
680654,6430
680680,4191
680684,8363
680695,4209
680696,8343
680698,0
680706,0
680715,7930
680719,5890
680738,0
680744,4629
680750,2194
680752,9434
680753,0
680761,3963
680780,6192
680787,4330
680795,14814
680801,7108
680808,6374
680815,10948
680824,0
680830,18260
680835,7191
680842,6736
680845,4376
680850,0
680852,5591
680855,8144
680865,6188
680869,7115
680887,8365
680897,8738
680900,0
680925,4093
680927,6726
680941,6420
680952,4564
680961,3246
680972,5200
680973,6715
680984,2960
681064,12474
681070,0
681089,6722
681092,10993
681111,11468
681116,7524
681130,0
681140,5316
681146,7862
681163,5061
681172,6877
681204,8615
681215,0
681219,4098
681242,4438
681246,2394
681250,8265
681282,8350
681312,8324
681330,4485
681346,0
681368,0
681400,4389
681429,5400
681443,4337
681446,4763
681451,8108
681452,7066
681462,4801
681481,8612
681501,6827
681535,4750
681544,4308
681587,0
681595,4916
681610,0
681624,4505
681632,0
681641,9235
681645,4273
681659,5761
681662,6267
681666,8719
681674,7612
681678,6536
681683,6923
681686,5807
681703,6017
681712,6575
681753,18710
681815,5774
681817,4373
681818,0
681824,3817
681834,7670
681836,9552
681840,6013
681872,5298
681895,3063
681933,6269
681942,5575
681950,4127
681956,8674
681958,5199
681980,5836
681982,5787
682000,4752
682009,6956
682037,0
682047,0
682056,7445
682060,7276
682072,7890
682075,1583
682080,4242
682100,6474
682101,0
682110,8995
682117,3657
682123,10007
682134,5446
682139,5208
682154,6374
682196,0
682209,4976
682216,5779
682230,7998
682242,0
682260,5863
682264,4774
682265,8749
682268,6505
682269,0
682270,6307
682277,0
682310,6658
682316,6860
682319,6885
682326,8514
682330,9183
682333,8079
682334,4422
682338,0
682343,15446
682353,16129
682357,4121
682365,12066
682368,7246
682379,0
682389,3914
682399,0
682410,2981
682418,9232
682427,5602
682435,14684
682454,7048
682483,5792
682495,5329
682505,4505
682528,2471
682532,13461
682556,7933
682566,4693
682569,2772
682589,5901
682592,3818
682610,5555
682615,5842
682632,4915
682637,3868
682640,0
682652,6246
682673,8033
682676,0
682690,0
682697,0
682699,4103
682700,7041
682702,8925
682715,7274
682716,5839
682723,0
682741,3360
682757,8321
682772,2807
682774,0
682814,7549
682817,7431
682830,4448
682836,0
682842,8693
682859,6792
682885,4601
682891,4237
682937,5492
682941,5927
682959,6633
682988,6731
682991,6664
682996,12216
682998,6579
683029,11375
683031,3659
683043,15992
683046,5127
683066,8281
683085,3103
683088,4871
683097,5534
683099,12361
683102,5165
683109,4497
683136,0
683157,9134
683183,6490
683186,4529
683198,4293
683200,8897
683227,8935
683228,6022
683251,6590
683253,0
683276,4678
683280,4974
683323,6207
683324,6121
683335,5894
683347,0
683348,5615
683351,11985
683356,5436
683383,7994
683400,0
683421,4251
683432,0
683439,14631
683440,8944
683443,3823
683448,3051
683454,6419
683458,6192
683460,6274
683463,6787
683468,7871
683479,2458
683504,4356
683514,4260
683539,6490
683563,4550
683594,5676
683613,4845
683625,0
683628,6281
683630,8263
683633,8143
683636,7062
683644,4800
683663,0
683674,7277
683683,5730
683693,7444
683720,7336
683726,9437
683760,8382
683770,5160
683781,4624
683782,4713
683800,4413
683823,0
683826,0
683848,8035
683855,0
683859,3720
683860,5271
683879,10742
683902,6798
683921,3964
683958,7185
683989,7818
684009,6155
684018,0
684020,4919
684040,0
684054,7276
684080,10509
684081,5576
684084,6476
684086,3404
684095,7506
684096,12890
684106,5913
684107,0
684112,18549
684125,6850
684126,7659
684133,6444
684141,9512
684157,5400
684164,7959
684168,6786
684183,4460
684185,5586
684187,14422
684220,19437
684251,2574
684253,9563
684273,6831
684275,6728
684312,8739
684316,0
684318,4938
684325,4745
684329,8543
684353,6959
684361,3670
684372,5984
684395,2625
684399,6718
684400,9875
684423,5274
684429,10522
684470,5148
684472,3045
684477,5331
684478,4210
684508,0
684509,3767
684545,5907
684562,0
684577,0
684596,6754
684607,0
684608,0
684617,4158
684620,14387
684627,4943
684631,4447
684647,0
684663,9688
684675,0
684680,5959
684688,5735
684691,0
684698,5627
684705,4411
684707,4215
684716,9588
684748,0
684782,4924
684788,4548
684789,0
684790,0
684793,11626
684802,12203
684827,3392
684832,0
684837,6869
684848,12937
684856,9763
684868,9252
684892,5300
684897,8891
684912,4861
684915,0
684928,4110
684947,7818
684958,8869
684968,6732
684991,4842
685005,5208
685033,8388
685038,4402
685060,8534
685066,5682
685071,0
685079,5097
685143,12291
685151,5618
685158,5290
685161,5711
685177,3865
685191,0
685198,10599
685207,6943
685227,5454
685228,8372
685236,3788
685240,4637
685246,0
685248,6616
685249,7308
685255,8046
685257,6338
685263,4565
685269,3191
685274,4293
685280,10088
685285,7097
685293,6285
685295,5275
685297,3879
685310,4957
685340,6028
685341,6864
685345,7520
685347,8774
685350,7261
685353,2005
685367,5081
685371,4908
685385,12839
685427,4281
685432,5025
685438,6314
685443,5881
685445,6644
685446,11074
685453,8468
685454,14616
685460,5486
685485,6903
685496,4220
685498,10762
685527,10421
685540,9458
685569,7964
685584,7008
685590,5130
685605,11241
685610,4430
685613,8039
685630,10546
685634,7124
685647,5603
685670,5873
685692,7200
685706,5117
685712,1591
685721,4781
685737,0
685748,0
685755,0
685783,8304
685784,10475
685801,9054
685802,6703
685804,17960
685808,8997
685811,4307
685814,7102
685820,6053
685849,9632
685850,13442
685851,6861
685859,3724
685861,5099
685864,8695
685868,0
685869,0
685880,5950
685893,8792
685907,0
685915,5402
685922,6820
685935,0
685936,4791
685951,4496
685953,4261
685958,5931
685962,9725
685964,7897
685977,10874
686006,5734
686022,4636
686025,0
686052,4649
686053,8393
686071,5231
686072,7546
686091,7517
686098,5782
686099,9800
686102,9108
686110,9735
686131,5097
686133,5838
686134,2184
686143,6033
686155,8295
686191,3660
686199,7668
686224,7197
686227,9349
686261,0
686268,0
686276,4937
686288,8292
686295,5875
686301,0
686302,5835
686305,8315
686310,4994
686319,4742
686328,5153
686330,9030
686333,6512
686344,5987
686345,4880
686354,8543
686367,11532
686368,0
686370,12366
686387,3833
686392,6449
686395,6621
686400,9520
686403,4733
686407,0
686423,0
686430,4782
686431,7127
686446,6497
686451,9776
686473,7057
686489,7278
686498,9849
686509,10632
686513,6683
686530,7974
686539,8584
686543,0
686554,5875
686558,0
686561,6787
686564,7009
686565,6607
686570,6059
686583,9116
686591,0
686592,10331
686598,5193
686600,4865
686603,8140
686616,8694
686624,4695
686634,7930
686661,5498
686668,8135
686679,5496
686696,4887
686712,4312
686713,5312
686721,6861
686765,9542
686767,0
686773,5627
686776,4276
686777,8120
686790,9255
686819,7196
686820,6773
686821,9659
686822,12207
686825,4102
686828,7959
686840,4853
686846,7544
686857,7825
686863,9360
686866,7736
686900,5169
686910,7775
686915,3199
686923,3991
686935,10316
686941,4197
686955,8320
686970,5292
686975,0
686992,6767
687003,0
687017,8980
687019,4981
687023,6244
687031,5758
687036,0
687037,7176
687041,6538
687052,7603
687075,6398
687094,9952
687117,5253
687127,4782
687154,2839
687162,0
687169,6990
687177,6869
687199,9279
687211,3625
687212,18853
687234,5761
687236,10980
687257,5473
687258,3408
687262,6083
687268,8106
687287,8790
687301,9298
687319,4795
687333,8293
687346,10880
687347,6775
687361,7897
687379,6437
687385,3362
687396,9388
687422,8506
687428,3602
687433,7066
687434,6420
687442,5392
687447,3330
687449,0
687470,5464
687475,7168
687483,5051
687488,3923
687497,7862
687499,7535
687501,3544
687507,11117
687511,0
687516,0
687518,7457
687540,10270
687543,2513
687544,7799
687545,3194
687564,1368
687587,4534
687593,0
687594,5448
687598,7174
687604,3785
687609,3968
687620,9228
687634,4005
687643,6428
687660,6873
687661,4813
687664,7591
687669,12663
687689,5819
687715,9287
687728,0
687730,7010
687734,5859
687736,0
687764,4073
687774,11548
687776,6728
687780,8423
687812,6082
687820,9640
687822,6000
687830,3725
687843,24162
687850,7426
687858,7017
687865,3975
687868,9018
687878,5246
687893,6257
687909,2155
687914,5220
687915,0
687916,4764
687935,5518
687940,7218
687944,7336
687959,5171
687963,7550
687973,8679
687975,6903
687997,6543
688006,5579
688026,0
688030,6885
688047,7411
688050,3133
688084,6703
688086,0
688096,8550
688107,0
688109,0
688114,4751
688123,7539
688138,0
688141,5793
688153,3090
688161,0
688168,6230
688170,5670
688189,13565
688191,0
688193,4939
688194,7073
688200,5873
688207,0
688210,7675
688211,8537
688226,9008
688250,10513
688253,0
688259,10724
688270,0
688271,7665
688275,10781
688277,7978
688283,10192
688309,6213
688331,6448
688332,9248
688337,7511
688344,8021
688346,3393
688353,4520
688369,7395
688382,5438
688392,0
688404,4840
688405,0
688410,10639
688415,3757
688428,5261
688442,8391
688454,6283
688456,10349
688467,6346
688482,6376
688491,6902
688492,4952
688518,7502
688522,14787
688527,10793
688529,4627
688537,5072
688542,9990
688543,4855
688545,6771
688548,4861
688550,0
688554,5865
688557,6426
688567,9853
688568,12696
688571,4664
688583,5820
688592,4415
688598,6538
688601,7818
688602,7589
688608,7129
688654,10071
688662,8744
688670,5129
688680,0
688691,5627
688727,0
688733,4140
688744,5121
688745,4498
688776,7374
688789,0
688809,5577
688818,5647
688820,7669
688824,0
688826,5274
688835,7012
688848,0
688858,12967
688867,6222
688874,7030
688875,0
688880,10996
688900,6098
688925,6766
688932,4145
688940,9831
688952,0
688955,5327
688957,2846
688960,6293
688970,7101
689019,6728
689025,0
689034,0
689035,6851
689037,6157
689046,6726
689056,15060
689082,5628
689086,9412
689087,4580
689088,5738
689099,4254
689110,6072
689114,6487
689128,7812
689134,4901
689135,5847
689138,8268
689152,17884
689192,9472
689195,7302
689197,13575
689219,9210
689238,0
689247,6979
689264,4497
689279,6978
689285,7597
689288,7311
689297,4001
689301,7882
689309,7498
689316,3477
689320,0
689323,6678
689336,4665
689343,5521
689357,5125
689359,5654
689360,0
689362,7803
689363,7321
689365,12215
689377,11103
689391,8056
689413,3881
689440,0
689457,0
689461,6532
689466,6321
689468,8804
689473,10161
689475,10967
689476,8301
689482,6431
689507,7117
689518,4995
689532,6725
689536,0
689554,3758
689572,5041
689577,0
689586,0
689599,5784
689601,0
689605,5811
689637,0
689639,4311
689644,6353
689649,3857
689657,5149
689662,7930
689681,8742
689691,0
689720,2245
689734,5173
689745,0
689748,7746
689749,5996
689752,4817
689755,0
689762,0
689763,11672
689776,5570
689778,10568
689779,5358
689786,6727
689806,9060
689819,8071
689837,6102
689847,4492
689853,0
689865,6343
689898,6213
689902,0
689918,5511
689922,7245
689943,0
689976,7599
689985,0
689986,4883
689989,3371
689991,7930
690008,4643
690016,8544
690022,0
690030,9184
690036,0
690042,12140
690053,10573
690054,0
690071,3918
690083,0
690098,0
690110,13552
690118,4266
690127,4576
690128,2730
690140,18097
690143,15458
690161,5369
690168,6232
690219,5536
690274,7190
690288,9464
690289,9425
690292,3566
690295,3758
690302,0
690308,10573
690310,13771
690314,7306
690315,0
690328,0
690332,0
690348,6261
690367,10962
690371,9209
690378,8232
690380,8625
690403,4295
690418,5950
690425,6204
690430,10311
690432,7201
690439,0
690452,3660
690459,10265
690471,4652
690488,9570
690514,3776
690523,4625
690575,8292
690580,7814
690582,5719
690584,5132
690589,7578
690590,0
690591,0
690657,5187
690662,5473
690675,13807
690694,4195
690696,4480
690701,8134
690714,9081
690722,9829
690726,0
690729,3815
690733,4469
690741,9702
690749,5333
690761,7357
690793,7111
690796,9962
690801,4465
690803,5729
690830,5092
690840,0
690843,9501
690845,7493
690849,4333
690859,3434
690872,0
690876,4588
690893,5369
690896,5186
690903,7024
690921,4399
690933,3776
690936,6273
690939,6295
690945,10780
690992,5907
691005,7625
691011,3902
691012,6899
691045,6874
691050,2181
691061,0
691067,4885
691069,3594
691071,6307
691072,10641
691090,6024
691099,7499
691110,5499
691115,8407
691125,3603
691127,5834
691143,4248
691155,4900
691184,6153
691189,9107
691212,0
691251,7233
691253,0
691259,0
691266,6123
691305,7835
691327,0
691332,0
691333,0
691348,9171
691371,9646
691384,5404
691386,7273
691390,5589
691400,4001
691416,6714
691420,10343
691425,9386
691450,4634
691489,7110
691501,4844
691502,6885
691528,6190
691529,5532
691533,16701
691535,5094
691539,5559
691550,5504
691558,5280
691562,7019
691588,0
691597,3238
691599,9750
691619,7816
691620,7926
691624,4579
691641,4068
691645,8252
691659,4361
691666,4953
691667,0
691671,4602
691681,9867
691690,7698
691698,7329
691699,0
691706,6808
691714,0
691716,5562
691720,3591
691730,6118
691743,8178
691746,7528
691761,0
691762,6080
691764,5578
691766,6307
691770,0
691785,0
691787,0
691799,5246
691818,6138
691819,4737
691821,4782
691825,8925
691826,8288
691845,2099
691888,13682
691897,5147
691909,3383
691919,13044
691924,10289
691925,6091
691932,0
691940,0
691941,3419
691946,5907
691954,10369
691955,10465
691957,11064
691963,4347
691977,5712
691992,0
692020,6521
692042,3824
692046,5649
692050,6769
692082,5346
692086,3233
692090,2738
692098,5806
692102,9456
692112,0
692129,0
692134,9221
692136,3053
692165,0
692207,5272
692211,0
692220,12024
692224,19049
692227,5067
692236,6153
692237,9508
692251,6244
692253,10982
692259,18479
692283,3464
692289,5347
692347,0
692365,7241
692379,0
692385,9979
692390,7094
692392,6411
692394,0
692401,0
692406,5503
692409,6078
692414,7496
692431,8263
692438,0
692451,0
692466,7080
692485,8085
692488,7891
692494,5975
692503,0
692521,6176
692526,5979
692530,0
692533,7136
692559,8033
692563,5567
692564,8530
692566,4956
692573,3406
692586,10421
692591,7763
692613,5923
692622,3919
692624,4496
692632,6173
692644,7251
692676,6646
692684,4948
692723,2338
692731,7816
692732,3799
692740,3768
692751,4790
692755,0
692761,6546
692767,5924
692773,4316
692788,0
692800,1358
692801,7112
692811,4180
692829,10075
692841,12503
692861,7513
692877,6534
692878,5894
692882,2890
692890,9788
692902,5049
692910,0
692926,4967
692944,0
692949,0
692955,0
692961,10013
692965,3937
692973,7008
692974,13230
692979,2808
692999,7024
693006,5564
693014,6827
693015,4521
693040,0
693049,0
693054,5849
693061,9530
693063,5068
693085,5485
693102,5067
693123,4054
693183,0
693186,0
693191,9684
693205,0
693208,5921
693222,4901
693226,4413
693234,0
693236,6763
693277,4586
693286,8729
693287,6509
693297,0
693303,4515
693307,0
693342,11379
693343,0
693359,6974
693384,4937
693406,0
693419,10617
693426,4922
693442,3550
693457,0
693467,7823
693472,12151
693473,8947
693477,8251
693486,0
693489,3360
693492,6906
693501,9402
693522,0
693524,6563
693529,0
693549,11829
693583,5848
693587,6535
693588,5438
693600,5097
693614,6385
693626,5026
693640,7656
693663,3477
693670,5335
693693,7116
693715,5193
693725,9215
693728,7025
693762,6284
693763,5255
693770,5251
693778,5422
693803,12966
693813,11171
693818,10674
693821,6624
693822,7526
693828,5680
693832,7868
693850,6733
693854,2752
693855,5108
693856,0
693860,4474
693874,10304
693894,8375
693906,9866
693909,4639
693911,0
693916,0
693919,4159
693928,3438
693966,8837
693971,8833
693984,5274
693999,0
694001,7735
694013,6674
694032,7940
694036,7999
694056,0
694061,14090
694076,0
694096,7635
694103,6310
694104,5301
694118,6895
694120,4949
694123,9681
694155,7960
694171,0
694172,4779
694180,0
694182,10821
694209,0
694221,9154
694229,8192
694231,0
694238,6567
694253,6106
694254,6959
694259,11615
694268,5141
694272,5249
694274,4685
694281,5594
694295,9201
694335,6122
694351,3642
694360,0
694370,0
694446,0
694452,4997
694455,0
694474,0
694475,0
694485,11799
694504,7150
694508,4111
694525,8040
694536,3139
694540,8856
694553,9581
694554,0
694575,2069
694598,3275
694599,4645
694601,8271
694618,6312
694636,5212
694638,5969
694639,3388
694647,8663
694653,9316
694656,9244
694657,13315
694687,4678
694696,4573
694700,4678
694710,9080
694712,0
694718,5723
694722,5501
694740,6717
694764,9484
694794,1837
694796,5532
694799,5443
694806,5883
694813,4237
694819,2188
694836,12135
694854,0
694855,5574
694859,0
694861,6874
694910,10959
694912,8481
694920,0
694926,5317
694935,0
694945,7205
694953,9533
694955,0
694963,5978
694985,3298
694986,11580
695007,19615
695008,0
695029,5991
695035,12870
695039,5537
695042,10061
695046,3762
695086,6089
695110,7364
695111,0
695121,15597
695140,5377
695150,5688
695161,3068
695190,4580
695199,11209
695208,2867
695217,9114
695230,6264
695234,6411
695243,11045
695268,4952
695279,8008
695281,7938
695319,5172
695327,3571
695351,5428
695364,6307
695379,7891
695382,0
695390,8216
695391,6226
695402,8535
695411,7367
695412,0
695441,6274
695443,6760
695457,6790
695464,5979
695469,0
695470,4495
695479,10536
695498,5182
695501,6344
695502,6343
695507,7341
695519,4235
695526,5918
695529,6487
695532,4756
695535,12563
695562,4718
695563,8691
695572,9813
695581,0
695582,10006
695592,6948
695594,6534
695602,5523
695619,4848
695625,3765
695626,0
695627,6874
695643,4714
695644,11912
695662,3075
695670,5288
695675,5958
695681,7127
695700,4169
695726,14819
695727,3614
695728,8565
695740,5874
695761,3403
695799,0
695800,0
695826,4917
695835,0
695853,4395
695856,9880
695857,4614
695889,4006
695905,6547
695928,3457
695935,13777
695951,4560
695958,6366
695960,3929
695961,14639
695965,0
695972,5684
695974,8377
695991,3998
695992,3986
696000,9899
696001,7875
696029,0
696039,3405
696041,5693
696043,0
696045,5978
696050,4337
696051,3296
696054,7651
696113,5897
696120,7536
696126,3760
696137,5802
696140,7461
696144,0
696165,13362
696167,5631
696171,5624
696173,7687
696189,10723
696199,5884
696210,3655
696214,7183
696222,5322
696229,7003
696248,15410
696254,6555
696270,15955
696271,9182
696288,7870
696292,6770
696293,5945
696302,4519
696306,0
696311,5249
696312,7588
696313,5426
696315,3909
696321,7603
696331,6928
696348,10565
696358,5904
696362,4930
696364,4575
696376,4352
696391,4702
696404,4401
696424,7198
696426,7174
696438,0
696448,4845
696472,0
696506,11233
696515,0
696524,3098
696537,5404
696542,4645
696544,0
696567,9702
696580,5261
696583,4560
696584,3372
696585,0
696592,11952
696600,4655
696612,6466
696617,0
696640,10551
696641,4671
696651,5638
696657,5519
696687,7648
696689,6163
696691,4841
696697,0
696699,11088
696714,6837
696721,4110
696722,5889
696726,6497
696730,4119
696732,3277
696734,6567
696742,4894
696752,4785
696753,0
696763,6662
696788,4991
696799,3524
696820,2912
696823,6238
696829,6287
696831,4995
696837,8278
696854,6486
696861,4258
696876,6637
696883,0
696907,2709
696913,9655
696919,0
696925,0
696937,0
696950,9208
696958,6621
696959,8261
696964,7175
696967,4790
696983,5877
696991,0
697006,6077
697015,8147
697041,6580
697065,0
697090,6122
697102,4936
697123,3914
697131,0
697133,3745
697144,5111
697154,7266
697160,3740
697184,4392
697192,0
697203,4737
697217,5766
697219,5956
697227,0
697236,5540
697238,9154
697239,0
697268,3808
697290,0
697299,4520
697321,5443
697336,7031
697344,25414
697345,4899
697364,3769
697374,8107
697377,0
697380,10748
697419,0
697424,0
697427,7580
697467,0
697484,1695
697509,3829
697542,8002
697546,8070
697549,8098
697555,7989
697560,0
697564,0
697569,7413
697570,3988
697581,6504
697595,0
697608,3914
697610,5244
697638,4925
697639,8459
697644,3696
697655,7367
697657,1938
697660,2276
697669,5348
697674,7075
697677,3836
697687,6490
697689,19066
697704,11467
697705,1760
697712,8488
697724,16005
697726,0
697728,9000
697729,8530
697741,0
697749,6413
697759,4861
697775,0
697784,1372
697805,5461
697808,7673
697814,8153
697822,0
697826,4838
697835,6500
697839,4138
697845,6021
697864,6915
697874,0
697885,5140
697903,7819
697907,6342
697922,13467
697929,0
697934,5988
697935,6253
697943,14546
697957,11348
697959,9501
697962,13530
697977,5663
697980,8997
698003,8475
698024,5307
698026,4413
698027,9640
698031,7499
698052,4982
698060,5360
698068,6418
698090,13074
698095,6611
698112,6490
698116,5631
698122,9079
698128,3804
698130,0
698144,8719
698164,7766
698177,6857
698188,3916
698189,0
698204,5990
698210,4403
698218,6963
698224,0
698228,7700
698262,14932
698285,0
698290,7420
698294,10426
698295,12449
698307,6022
698311,2999
698317,7890
698321,6773
698323,6176
698335,8352
698339,5559
698347,4127
698349,3069
698350,5677
698359,4190
698364,5814
698365,0
698379,3864
698392,4541
698412,6846
698441,7030
698456,0
698457,6453
698463,4552
698470,7849
698488,1600
698508,10185
698510,4470
698517,0
698519,6068
698522,6675
698527,9108
698555,6821
698559,6730
698563,2614
698568,7638
698578,6619
698579,3180
698585,2959
698588,10285
698597,7761
698621,7987
698637,11679
698640,6401
698659,6876
698668,7240
698679,6798
698684,13644
698687,12600
698694,9197
698702,0
698705,3634
698709,5927
698744,11722
698746,0
698766,3924
698785,2930
698786,4577
698788,0
698790,4711
698792,2424
698802,0
698807,6221
698814,6196
698824,0
698833,10142
698834,5252
698840,0
698841,13537
698851,6980
698870,0
698876,6085
698881,10308
698888,0
698896,6375
698912,8521
698922,6650
698923,6990
698939,7184
698945,4872
698947,6958
698967,6806
698974,0
698982,4491
699000,6122
699009,7016
699013,7559
699018,0
699023,5132
699032,3975
699033,5814
699045,7898
699050,5456
699060,6377
699081,10868
699084,5586
699095,6758
699111,4769
699124,0
699125,0
699132,6838
699148,3414
699154,5256
699164,5822
699166,8591
699181,8344
699208,6008
699244,8062
699252,4228
699272,12162
699286,6222
699309,5956
699323,0
699329,9581
699336,10026
699346,7144
699349,4886
699353,8518
699402,5800
699407,0
699410,6781
699420,9956
699426,6312
699435,2938
699437,0
699463,5781
699464,6297
699467,4774
699468,6288
699475,9633
699477,10739
699481,8219
699484,6710
699496,10611
699513,8166
699519,10656
699524,8215
699529,9561
699531,4998
699535,0
699537,7142
699562,8126
699565,10178
699585,6595
699588,13126
699589,8199
699596,2308
699602,4890
699604,9143
699646,0
699651,3880
699665,2060
699673,7988
699676,7264
699697,0
699701,5089
699703,4128
699705,11145
699707,11272
699708,0
699726,7491
699729,0
699732,6897
699733,5068
699748,14381
699763,7411
699789,4725
699795,5776
699797,4370
699812,3358
699813,4049
699823,4967
699836,5924
699851,0
699854,6706
699868,5772
699875,10426
699878,13258
699886,4437
699895,7223
699900,7646
699904,4846
699911,5715
699925,4781
699929,7288
699932,0
699937,3824
699940,6408
699962,5737
699976,8894
699988,4852
699989,0
700008,3479
700013,3670
700023,0
700025,6829
700027,8104
700031,3681
700049,6349
700050,6456
700077,9872
700089,6040
700108,3386
700153,0
700165,6866
700168,11537
700194,3783
700209,5938
700227,8669
700242,8145
700245,4820
700268,5250
700269,8566
700283,0
700288,0
700335,4585
700356,4433
700369,9910
700373,4862
700377,7373
700379,8050
700381,2762
700382,0
700385,7260
700394,6603
700401,5494
700409,8021
700425,6091
700450,0
700463,5989
700494,5429
700501,6460
700509,9260
700517,5065
700529,0
700535,3399
700549,4393
700554,7464
700563,6730
700565,11153
700572,3137
700580,0
700585,0
700593,0
700604,5073
700605,7565
700611,12815
700615,5467
700616,7182
700623,0
700650,0
700653,13197
700659,6376
700662,10015
700674,5991
700675,10457
700698,7997
700702,11111
700720,7607
700721,4429
700726,8953
700728,6141
700732,5763
700736,7752
700752,7436
700758,3638
700780,4373
700781,6133
700786,0
700824,4854
700835,5408
700837,9332
700852,5143
700866,0
700882,9248
700895,5909
700900,7923
700903,0
700910,10704
700914,6320
700938,0
700939,4555
700947,11933
700950,5338
700963,11558
700965,10041
700995,3746
700997,13402
701003,0
701011,3698
701034,0
701045,9855
701048,6670
701076,5461
701079,2206
701105,7015
701112,9207
701123,4299
701125,10229
701131,13423
701136,7043
701137,7136
701180,7443
701186,0
701227,9827
701231,8938
701233,3722
701238,8652
701241,11548
701246,4563
701248,5939
701253,12628
701259,3757
701260,9836
701288,8871
701296,17964
701303,4618
701308,4172
701309,3675
701312,3602
701322,8589
701342,4018
701374,6256
701386,5391
701390,9832
701395,1338
701400,3731
701417,10017
701418,7603
701423,0
701437,4631
701441,0
701442,2631
701448,9526
701457,0
701463,11744
701477,7251
701479,10251
701483,0
701494,7785
701497,0
701518,8281
701537,0
701543,5457
701561,6781
701564,6567
701579,6296
701580,7736
701585,6822
701594,8193
701597,0
701612,0
701627,17505
701632,6201
701636,5448
701646,10522
701650,2914
701654,7360
701663,5931
701675,3558
701685,3204
701694,0
701710,3539
701738,4621
701746,10961
701748,0
701749,2828
701750,5207
701784,7156
701796,0
701799,9440
701800,0
701809,8901
701812,3027
701821,12608
701836,5230
701844,4143
701864,5766
701865,0
701866,0
701876,6917
701881,7918
701885,0
701915,7112
701940,5765
701948,8689
701954,6168
701958,0
701972,0
701975,3412
701979,7418
701980,3894
701985,10190
702009,6298
702014,4495
702024,5343
702058,3424
702091,5855
702094,2919
702095,3353
702102,10740
702107,5349
702123,7108
702131,0
702137,13658
702141,9142
702171,0
702183,6252
702204,8228
702206,9515
702217,0
702231,0
702237,8171
702257,0
702258,9838
702272,9797
702280,7629
702289,5768
702298,4448
702301,4290
702316,7617
702320,2931
702322,8409
702351,6194
702361,4296
702362,6555
702363,6449
702379,0
702393,7333
702396,6076
702408,4581
702415,10469
702423,5981
702432,9561
702458,6051
702467,20121
702474,6898
702478,5859
702485,10561
702507,0
702516,12501
702519,2836
702527,0
702534,5214
702541,10548
702563,5603
702580,4222
702585,4460
702589,5786
702602,5852
702607,7039
702609,7390
702640,5650
702643,8291
702655,5756
702656,0
702657,0
702662,4677
702687,0
702694,10112
702702,4096
702710,5864
702718,8394
702722,7589
702734,1574
702738,0
702750,8178
702764,4510
702767,6424
702771,12033
702778,2169
702784,7725
702786,6672
702787,9070
702809,7427
702817,8590
702818,4464
702821,0
702822,5579
702838,0
702861,8241
702865,0
702878,8935
702879,9259
702880,2756
702886,6905
702889,8685
702922,0
702923,9459
702930,4124
702940,0
702944,6947
702955,6020
702979,14039
702986,0
702993,10237
703001,4226
703012,0
703023,0
703025,10116
703034,7759
703039,3880
703066,7494
703067,22372
703068,7053
703073,5838
703077,9337
703090,8015
703104,3207
703118,0
703127,10729
703128,9936
703133,4308
703173,4316
703190,10641
703198,11457
703213,0
703214,7798
703221,6695
703222,0
703254,4642
703259,5468
703261,8811
703271,5046
703280,0
703292,4586
703298,8201
703313,6693
703324,7295
703329,4788
703390,10052
703402,9568
703407,15202
703417,8415
703419,4574
703438,4807
703456,5180
703458,4587
703472,7640
703475,4616
703478,6878
703480,13659
703514,7412
703531,12323
703540,0
703545,4255
703549,0
703575,7225
703577,20235
703593,11108
703597,6250
703618,5166
703644,4608
703664,5176
703675,0
703681,6205
703690,2793
703697,4813
703698,4848
703726,5974
703744,0
703749,5122
703755,3690
703760,7347
703769,8241
703788,5469
703791,10382
703801,9444
703812,5196
703821,3436
703846,6259
703852,3383
703864,3676
703866,7013
703871,7802
703878,7790
703896,6670
703933,6162
703942,6171
703944,7300
703954,9250
703962,4265
703984,5588
703988,7125
703993,5631
703996,5314
703997,10502
704009,3007
704016,0
704022,6072
704032,0
704038,12891
704045,4390
704049,11076
704053,4719
704055,0
704063,8580
704070,0
704076,6094
704080,6900
704095,5585
704099,8809
704114,6566
704118,8532
704121,8074
704134,6814
704146,15186
704167,4206
704181,19372
704226,2850
704227,4843
704233,5677
704248,5286
704253,3448
704254,9332
704267,4228
704275,8161
704281,4184
704293,11662
704297,8000
704300,0
704302,10256
704304,5470
704319,9633
704320,6464
704329,13014
704331,6789
704339,7175
704355,9725
704356,6948
704357,6698
704364,4101
704379,7327
704405,4379
704408,4884
704416,8404
704417,7017
704418,12020
704424,8166
704430,5664
704441,6079
704450,0
704460,4651
704461,10520
704468,3862
704472,3077
704475,13468
704483,5085
704484,3914
704491,5129
704492,6154
704493,5795
704524,5310
704530,0
704545,3170
704550,9790
704551,0
704557,6961
704572,6690
704591,4254
704629,6020
704636,6043
704649,6345
704660,18800
704672,7965
704673,10132
704678,9545
704683,2510
704700,8638
704707,5328
704729,0
704745,0
704747,6879
704754,0
704765,5422
704769,3928
704771,8172
704783,5644
704798,10427
704823,0
704826,0
704864,9001
704874,6753
704879,5536
704882,5216
704884,12136
704886,7960
704895,6827
704901,9292
704903,0
704919,8345
704920,0
704922,8317
704932,6201
704952,7749
704958,0
704960,7381
704969,6102
704977,10565
704983,4631
705023,0
705039,0
705047,0
705089,6774
705117,7386
705122,0
705140,15189
705142,7385
705157,6586
705164,6972
705178,2532
705187,8143
705195,5307
705218,9231
705223,9047
705225,7744
705231,9466
705237,5383
705249,5555
705252,3585
705257,7409
705259,5619
705266,4779
705268,0
705285,4059
705344,3827
705351,19052
705414,6682
705419,6053
705437,9335
705459,4514
705463,4324
705465,3500
705471,8533
705487,6380
705490,7783
705496,8375
705511,6155
705519,9686
705524,4166
705571,7758
705577,6934
705583,6111
705592,2897
705594,10073
705598,5595
705599,8015
705604,10402
705607,5217
705615,0
705619,6094
705635,7687
705636,0
705679,6364
705693,6636
705700,5552
705709,0
705729,9769
705741,7284
705742,5053
705757,10711
705760,5341
705765,15298
705770,0
705772,7721
705790,2587
705798,5979
705809,9385
705826,4557
705872,9682
705889,0
705892,3419
705910,4800
705918,3612
705938,6347
705955,10039
706010,9438
706011,0
706014,8993
706021,5689
706030,4704
706036,0
706052,0
706053,0
706056,4394
706057,8444
706088,11345
706092,9270
706108,7972
706116,0
706135,4239
706140,4790
706141,6781
706142,0
706187,4417
706189,4886
706191,4590
706192,3189
706193,6215
706205,8702
706214,5208
706217,7212
706218,15077
706223,2927
706241,4278
706245,6187
706260,7041
706266,0
706272,0
706276,5632
706278,5902
706327,6683
706329,9998
706334,6885
706345,6038
706351,0
706374,1744
706375,14848
706377,6108
706378,9072
706381,5436
706389,14058
706394,6604
706395,3859
706396,4338
706400,6630
706403,9067
706435,15304
706439,4611
706455,6249
706459,4232
706489,7270
706491,9595
706499,17983
706533,6290
706542,4634
706550,10155
706563,4049
706586,0
706605,6634
706606,5429
706632,4882
706652,6531
706658,3605
706667,4841
706673,4924
706695,13429
706715,5720
706716,0
706738,3292
706754,4604
706755,2389
706757,7660
706772,4948
706793,4259
706800,2599
706814,0
706826,7437
706828,4236
706835,9547
706847,7496
706850,4734
706883,8300
706906,3516
706908,9628
706909,0
706918,3979
706923,0
706940,6572
706949,6441
706960,3239
706971,8229
706975,5633
706976,6521
706980,12378
706994,8840
707013,0
707015,10155
707029,7169
707033,11279
707052,5059
707055,12206
707080,4234
707085,0
707119,8877
707139,5533
707142,12894
707156,5478
707167,4940
707168,13888
707189,6785
707198,5883
707213,5179
707221,4579
707225,0
707232,8841
707238,5747
707243,6122
707251,10005
707253,8887
707260,0
707266,4919
707271,6183
707273,6244
707309,4658
707323,5428
707328,4797
707331,3834
707335,5115
707338,3705
707381,8748
707388,0
707399,5352
707412,23511
707420,0
707421,7372
707423,4647
707425,4449
707436,2656
707478,6275
707494,9618
707500,0
707516,3756
707519,14149
707520,7559
707531,6626
707533,6064
707543,0
707548,8343
707556,5179
707562,0
707587,5481
707608,5716
707610,9187
707617,4417
707618,0
707620,7786
707630,6624
707644,0
707654,4538
707672,0
707680,8262
707681,0
707682,4908
707690,5956
707699,3258
707700,7043
707706,10384
707715,6296
707738,5178
707739,6282
707748,7665
707749,9094
707779,6551
707795,3980
707797,5713
707802,4974
707810,10652
707847,13138
707875,0
707879,5155
707905,8023
707906,4587
707914,9721
707930,7027
707933,0
707941,7873
707954,8287
708018,4398
708021,7213
708033,3835
708050,5658
708053,5088
708080,6284
708081,5280
708082,10909
708092,8044
708099,5538
708103,3264
708140,5533
708157,5062
708169,7905
708196,9671
708203,4704
708207,8304
708231,5509
708246,5494
708248,0
708250,6828
708252,6813
708262,5269
708273,6659
708284,3970
708313,0
708332,3524
708333,6153
708339,0
708343,7887
708344,5074
708346,8434
708382,5671
708386,0
708390,4852
708422,4095
708452,0
708453,5983
708468,8958
708484,13989
708490,0
708498,5646
708502,6690
708504,1929
708514,4395
708517,3104
708521,0
708528,4625
708529,0
708535,7932
708536,10633
708540,8500
708554,6350
708583,3764
708604,5636
708610,7805
708613,5892
708626,8405
708645,11269
708661,5340
708671,7339
708679,6196
708691,3248
708704,4679
708713,6476
708723,10106
708725,2470
708732,8269
708749,0
708772,0
708779,0
708780,5310
708785,8186
708811,2821
708821,3368
708823,0
708828,7639
708831,4439
708837,7471
708841,10844
708844,6305
708850,8074
708852,6188
708876,11004
708882,4163
708923,6389
708924,8899
708941,8055
708952,11959
708953,4597
708975,5800
708979,8447
708987,6941
708989,8646
708997,6423
709000,0
709001,0
709035,6082
709048,0
709050,2755
709058,0
709076,9927
709080,8010
709088,0
709090,0
709096,0
709105,5480
709107,3797
709118,6727
709120,9945
709122,0
709123,9359
709144,5553
709148,7575
709151,0
709171,6172
709178,3993
709183,0
709192,9206
709196,0
709255,7056
709291,3207
709295,6642
709302,5447
709303,0
709306,4442
709310,4610
709311,0
709314,4724
709341,0
709346,5373
709373,0
709380,9174
709384,6330
709402,4082
709411,7727
709428,7882
709445,6197
709463,6313
709465,2290
709487,10743
709500,8202
709503,11417
709504,8999
709506,10039
709512,4510
709522,11344
709539,8433
709590,4273
709597,6538
709599,6591
709601,8440
709607,7950
709624,0
709631,20221
709635,5246
709638,10107
709703,0
709710,7478
709715,5181
709724,9201
709728,4864
709735,6872
709736,4400
709742,12014
709757,3766
709759,4014
709764,7791
709765,4946
709771,6074
709774,7748
709790,5564
709809,0
709827,6575
709834,11600
709844,8080
709854,4595
709858,6074
709864,5846
709881,5050
709882,7872
709885,4343
709897,6837
709904,6034
709920,2889
709923,17341
709926,6436
709929,7941
709930,6363
709940,7194
709946,0
709949,6026
709953,8509
709973,6219
709980,8414
709984,0
709997,5809
710011,8538
710020,0
710027,5793
710035,3846
710049,5309
710054,8639
710062,0
710063,0
710067,0
710068,11401
710073,1860
710076,4444
710084,6219
710103,7852
710121,7709
710125,7261
710136,10828
710138,7433
710165,8944
710168,9981
710177,6009
710192,0
710200,6338
710204,4314
710223,3313
710233,0
710239,4781
710249,7637
710252,5490
710262,7240
710266,5724
710293,8629
710294,4310
710303,10285
710304,0
710321,10687
710334,8253
710382,3920
710412,6483
710418,4708
710423,0
710438,5159
710452,3325
710487,6172
710488,0
710507,4090
710516,5426
710523,5590
710525,5217
710526,12311
710532,2741
710575,6153
710577,7252
710605,7488
710608,4168
710611,8530
710635,5037
710661,0
710670,0
710676,5518
710684,5308
710686,4152
710695,4804
710700,10351
710705,5253
710708,0
710710,5407
710724,5404
710739,6908
710790,7459
710798,0
710809,5022
710814,6581
710820,10971
710862,0
710885,8695
710895,0
710899,6516
710901,5232
710942,0
710954,6843
710965,5476
710972,6227
710978,4393
710999,0
711003,8573
711022,0
711025,4474
711052,6088
711055,4949
711060,6498
711068,15409
711083,15555
711092,4644
711099,2048
711105,5668
711112,9609
711129,14504
711166,11127
711174,6091
711179,0
711184,5756
711190,0
711197,0
711210,0
711218,4206
711220,6089
711227,7178
711243,0
711253,4651
711260,0
711270,4943
711285,8151
711286,4293
711292,6754
711313,6809
711319,2442
711320,8075
711357,7347
711372,7401
711386,8995
711390,10542
711393,6453
711396,0
711397,6772
711403,6975
711408,7837
711418,4060
711428,5110
711453,7829
711468,7267
711471,6783
711474,0
711476,8474
711479,7263
711494,7532
711508,4400
711509,0
711510,7188
711518,8630
711524,4571
711528,0
711563,2786
711566,9619
711567,3537
711578,6038
711584,6047
711589,23890
711593,5507
711597,8081
711600,4661
711621,0
711624,4499
711638,12611
711642,0
711651,6784
711662,6989
711682,0
711734,9450
711772,3307
711775,4215
711776,4846
711786,9916
711788,10518
711790,3444
711797,6653
711818,7320
711828,0
711839,4665
711861,8145
711891,8110
711892,5534
711909,8347
711921,4388
711922,5316
711965,23137
711966,4850
711996,5891
712004,5288
712018,8557
712020,15008
712023,0
712027,3965
